construction,events_per_bar,horizon_bars,future_event_count,feature,feature_family,side,validation_spread_bps,validation_day_t,validation_p,validation_fdr_q,validation_month_sign_share,later_spread_bps,later_day_t,later_month_sign_share,same_direction,minimum_absolute_spread_bps,stability_qualified
event_1000,1000,16,16000,aligned_pretrend_12000_events,pretrend,sell,-9.369840975916448,-8.346477154511659,7.032923835337627e-17,8.551812784906289e-16,0.9,-8.855502641408899,-7.073189740740744,0.6666666666666666,true,8.855502641408899,true
event_500,500,32,16000,aligned_pretrend_12000_events,pretrend,sell,-9.32505147713348,-8.84740564990105,8.957731135634036e-19,1.478025637379616e-17,0.9,-8.592371260653534,-7.182118153754208,0.6666666666666666,true,8.592371260653534,true
event_200,200,80,16000,aligned_pretrend_12000_events,pretrend,sell,-9.318133013431055,-8.953337698866513,3.448927708350324e-19,6.070112766696571e-18,1.0,-8.374877519652433,-6.9827566542874795,0.6666666666666666,true,8.374877519652433,true
event_1000,1000,12,12000,aligned_pretrend_12000_events,pretrend,sell,-8.227399913814494,-8.661335506190193,4.6626898957538904e-18,6.686917529867962e-17,0.9,-7.760272951960951,-7.564298302697315,0.8333333333333334,true,7.760272951960951,true
event_500,500,24,12000,aligned_pretrend_12000_events,pretrend,sell,-8.308619720108565,-9.147234820444224,5.84094540830722e-20,1.1732877902981454e-18,1.0,-7.488569555966753,-7.379550883037927,0.8333333333333334,true,7.488569555966753,true
event_200,200,60,12000,aligned_pretrend_12000_events,pretrend,sell,-8.040981059212417,-9.26285205195739,1.990430663400084e-20,4.378947459480184e-19,1.0,-7.283612050624384,-7.149560362717201,0.8333333333333334,true,7.283612050624384,true
event_200,200,80,16000,aligned_pretrend_12000_events,pretrend,buy,-7.7938229725347385,-7.993884080131362,1.3075270668276098e-15,1.3276428678557267e-14,1.0,-7.11647969646826,-6.078336181329669,0.8333333333333334,true,7.11647969646826,true
event_1000,1000,16,16000,normalised_range,volatility,sell,-10.020118729959924,-4.040931612581997,0.000053239283406994016,0.00013779579234751393,0.8,-7.010655394754197,-2.4118273183004084,0.8333333333333334,true,7.010655394754197,true
event_200,200,60,12000,aligned_pretrend_12000_events,pretrend,buy,-6.838714573384389,-8.282588514809232,1.205263111180374e-16,1.3834324406592118e-15,1.0,-6.688112004481673,-6.828519640624951,0.8333333333333334,true,6.688112004481673,true
event_500,500,32,16000,aligned_pretrend_12000_events,pretrend,buy,-6.994830343399892,-7.016883577179137,2.2687149433145538e-12,1.3612289659887323e-11,0.8,-6.593158812240473,-5.4512010200978605,0.8333333333333334,true,6.593158812240473,true
event_1000,1000,16,16000,aligned_pretrend_12000_events,pretrend,buy,-6.700827161421384,-6.193701575025601,5.876744697357051e-10,2.7218607019337917e-9,1.0,-6.277872164617381,-4.68159198325948,0.6666666666666666,true,6.277872164617381,true
event_500,500,24,12000,aligned_pretrend_12000_events,pretrend,buy,-6.050458004898974,-7.3466423350110395,2.03247774243886e-13,1.4502003351455649e-12,0.8,-6.140364973868501,-5.9678404786506745,0.8333333333333334,true,6.050458004898974,true
event_1000,1000,12,12000,aligned_pretrend_12000_events,pretrend,buy,-5.787412916001302,-6.3131449772096175,2.734211311490024e-10,1.3619467664780495e-9,0.9,-5.744816989989539,-5.043053869016146,0.6666666666666666,true,5.744816989989539,true
event_1000,1000,16,16000,normalised_signed_impact,impact,sell,-6.967043537490697,-5.589865690838436,2.2724531168418174e-8,8.822465041856468e-8,0.9,-5.568084145953916,-3.6999836729901983,0.8333333333333334,true,5.568084145953916,true
event_500,500,32,16000,normalised_range,volatility,sell,-13.964422436687084,-6.087152515076515,1.1493647271393355e-9,5.1429201349963486e-9,0.8,-5.513962537141958,-2.246891474217087,1.0,true,5.513962537141958,true
event_1000,1000,12,12000,normalised_range,volatility,sell,-7.833697302199232,-3.5616564797709187,0.00036852236276367975,0.0008315376390565082,0.8,-5.136052111139595,-2.0867830238613174,0.6666666666666666,true,5.136052111139595,true
event_200,200,80,16000,normalised_range,volatility,sell,-9.174869306038113,-5.273227524291339,1.340452104500392e-7,4.718391407841379e-7,0.8,-5.040684768631297,-3.1692073309251527,1.0,true,5.040684768631297,true
event_200,200,80,16000,aligned_pretrend_4000_events,pretrend,sell,-7.6112009953934985,-11.841642050924559,2.377519096418124e-32,3.1383252072719238e-30,1.0,-4.580419913316823,-5.745457329695913,0.8333333333333334,true,4.580419913316823,true
event_500,500,32,16000,aligned_pretrend_4000_events,pretrend,sell,-7.1773100204719835,-10.213956693572117,1.7171641982480987e-24,5.666641854218726e-23,1.0,-4.531571013379609,-5.76187523131756,0.6666666666666666,true,4.531571013379609,true
event_200,200,80,16000,aligned_pretrend_4000_events,pretrend,buy,-5.15398313922502,-7.58553208606399,3.3112536366855676e-14,2.649002909348454e-13,0.9,-4.493777803925213,-5.941513078648526,0.8333333333333334,true,4.493777803925213,true
event_1000,1000,16,16000,price_levels_per_event,microstructure,sell,-4.393293019359964,-3.9120172042772428,0.00009152838964688199,0.0002216834391447417,0.9,-4.412258572746476,-7.488779533253511,1.0,true,4.393293019359964,true
event_500,500,32,16000,relative_flow_rate,activity,sell,-6.719034896267014,-7.575508746649882,3.577230075201771e-14,2.7776139407449044e-13,1.0,-4.206327371412707,-6.547170390323857,0.8333333333333334,true,4.206327371412707,true
event_1000,1000,16,16000,relative_flow_rate,activity,sell,-7.218649262067274,-7.360314491251132,1.8347744906543493e-13,1.3455012931465229e-12,0.9,-4.18425423121828,-6.040688728226821,0.8333333333333334,true,4.18425423121828,true
event_1000,1000,16,16000,marginal_impact_bps_per_btc,fitted_impact,sell,5.165259917696908,2.045529385351878,0.04080269520723669,0.07229470828664757,0.9,4.081653724460066,2.055646582300619,1.0,true,4.081653724460066,true
event_1000,1000,16,16000,aligned_pretrend_4000_events,pretrend,sell,-7.019377266887222,-8.657729140919217,4.812554282859518e-18,6.686917529867962e-17,1.0,-4.052942911583907,-4.8487596622425215,0.6666666666666666,true,4.052942911583907,true
event_500,500,32,16000,price_levels_per_event,microstructure,sell,-4.051274926260667,-5.139751794469712,2.7510161811036004e-7,9.311131689889108e-7,1.0,-4.018395727784391,-8.435282429792613,1.0,true,4.018395727784391,true
event_500,500,32,16000,normalised_signed_impact,impact,sell,-6.4232988390006005,-4.468730199727291,7.868530249027646e-6,0.000022336472964981705,0.9,-3.99215154495657,-4.090042170803573,0.8333333333333334,true,3.99215154495657,true
event_200,200,60,12000,aligned_pretrend_4000_events,pretrend,sell,-6.771106970111191,-12.29882980551309,9.189580342666461e-35,2.4260492104639456e-32,1.0,-3.910050379894432,-5.5872335146974965,0.6666666666666666,true,3.910050379894432,true
event_500,500,32,16000,aligned_pretrend_4000_events,pretrend,buy,-4.454713458855117,-5.99241610627431,2.0674609862585507e-9,8.94770000610258e-9,0.6,-3.9009057922855357,-4.687107605451692,0.6666666666666666,true,3.9009057922855357,true
event_500,500,24,12000,aligned_pretrend_4000_events,pretrend,sell,-6.43535749836711,-10.34854830333669,4.2487913872289435e-25,1.6024013231834872e-23,1.0,-3.8760262110281714,-5.561711976105154,0.6666666666666666,true,3.8760262110281714,true
event_200,200,60,12000,aligned_pretrend_4000_events,pretrend,buy,-4.5465398495780205,-7.289793784824996,3.10429804664764e-13,2.048836710787442e-12,0.9,-3.7388470450540625,-5.866103559472867,1.0,true,3.7388470450540625,true
event_200,200,80,16000,relative_flow_rate,activity,sell,-5.35474096404561,-7.007179716062346,2.431698399444914e-12,1.4265963943410162e-11,0.9,-3.6026973604975914,-6.066741933661519,0.8333333333333334,true,3.6026973604975914,true
event_1000,1000,12,12000,price_levels_per_event,microstructure,sell,-3.7831572902955637,-4.025526564841631,0.00005684796202545772,0.00014430636514154653,1.0,-3.6016945459847767,-7.772346266740768,1.0,true,3.6016945459847767,true
event_1000,1000,12,12000,aligned_pretrend_4000_events,pretrend,sell,-6.205296103125278,-8.83768367087864,9.772350162252163e-19,1.5175884957850418e-17,0.9,-3.5324019474370356,-4.7750172292388475,0.6666666666666666,true,3.5324019474370356,true
event_200,200,80,16000,log_gross_volume,volume,sell,-4.900815870112093,-5.87330357164707,4.271951455594638e-9,1.7901510861539435e-8,0.9,-3.4920775489888016,-4.513451847204467,0.8333333333333334,true,3.4920775489888016,true
event_1000,1000,16,16000,log_abs_signed_imbalance,imbalance,sell,-7.027014961583449,-7.646138900100872,2.071039502163539e-14,1.7086075892849195e-13,0.9,-3.485038290085663,-4.000708679649671,0.8333333333333334,true,3.485038290085663,true
event_200,200,60,12000,normalised_range,volatility,sell,-8.007750166158146,-5.264305162503138,1.4072054459310522e-7,4.88818733849734e-7,0.8,-3.3623420256116154,-2.4684748717185387,0.6666666666666666,true,3.3623420256116154,true
event_500,500,24,12000,relative_flow_rate,activity,sell,-6.086893850098486,-8.242866818352168,1.6813268908497195e-16,1.8494595799346913e-15,0.9,-3.3246575703081613,-6.572168310701223,0.8333333333333334,true,3.3246575703081613,true
event_200,200,80,16000,price_levels_per_event,microstructure,sell,-3.479965821974,-6.23426433873527,4.539060666016626e-10,2.1787491196879804e-9,1.0,-3.314642387961967,-8.47399233337785,1.0,true,3.314642387961967,true
event_1000,1000,16,16000,aligned_pretrend_4000_events,pretrend,buy,-3.6462503558006127,-4.584073653108014,4.5600349261324415e-6,0.000013229112313175434,0.7,-3.302126235648466,-3.369729332066241,0.6666666666666666,true,3.302126235648466,true
event_500,500,24,12000,price_levels_per_event,microstructure,sell,-3.3743409723776887,-5.073232232108297,3.911146945879745e-7,1.3070161945724717e-6,0.9,-3.2838067018747017,-8.573350139941915,1.0,true,3.2838067018747017,true
event_1000,1000,16,16000,aligned_flow_persistence_12000_events,flow_persistence,sell,-4.550465414246386,-4.743402810369596,2.1015779348489364e-6,6.4513555209316195e-6,0.8,-3.256762802149797,-6.221036145515855,1.0,true,3.256762802149797,true
event_200,200,80,16000,aligned_flow_persistence_12000_events,flow_persistence,sell,-4.879116666593297,-5.518179867287399,3.425287558620177e-8,1.2918227363938953e-7,0.8,-3.252156533474623,-6.316926414135043,1.0,true,3.252156533474623,true
event_200,200,80,16000,normalised_range,volatility,buy,7.0658644382612135,3.9996678515154227,0.00006343144576212625,0.00015724427897668538,0.8,3.251499045692623,1.7750294243821922,1.0,true,3.251499045692623,true
event_1000,1000,12,12000,normalised_signed_impact,impact,sell,-5.177098740978721,-4.950932804252301,7.385860449012414e-7,2.407243405604046e-6,0.8,-3.2273415965279124,-2.8538528313532594,0.6666666666666666,true,3.2273415965279124,true
event_500,500,32,16000,aligned_flow_persistence_12000_events,flow_persistence,sell,-4.867451356326031,-5.500040426366266,3.797041825447534e-8,1.373176769750889e-7,0.8,-3.160489749470847,-6.07424220219805,1.0,true,3.160489749470847,true
event_500,500,24,12000,aligned_pretrend_4000_events,pretrend,buy,-3.865510790619081,-5.936794232628978,2.906490708594748e-9,1.2376024952726023e-8,0.8,-3.1435189116342035,-4.568596598676651,0.8333333333333334,true,3.1435189116342035,true
event_500,500,24,12000,normalised_range,volatility,sell,-12.15973840798281,-5.655698934717887,1.5521333400942927e-8,6.115868683356617e-8,0.9,-3.0779769704026783,-1.5027656659423627,1.0,true,3.0779769704026783,true
event_200,200,80,16000,aligned_pretrend_1000_events,pretrend,sell,-3.9651723409815838,-10.515040822152976,7.364890524292583e-26,3.6392110685761176e-24,1.0,-3.0394433716576272,-6.851117128684779,0.8333333333333334,true,3.0394433716576272,true
event_1000,1000,12,12000,aligned_pretrend_4000_events,pretrend,buy,-3.386428525123804,-4.763180892041769,1.9056486594398596e-6,5.989181501096701e-6,0.8,-3.0352794981283107,-3.615245354542321,0.6666666666666666,true,3.0352794981283107,true
event_1000,1000,12,12000,aligned_flow_persistence_12000_events,flow_persistence,sell,-4.455999967420897,-5.552559948846188,2.815161241004851e-8,1.0771051704714212e-7,0.8,-2.9135713288879486,-6.671343773217015,1.0,true,2.9135713288879486,true
event_200,200,60,12000,normalised_range,volatility,buy,6.152806330691664,4.036373732520252,0.00005428371947414635,0.00013913497030266638,0.7,2.8207667229608595,1.820415400480242,0.8333333333333334,true,2.8207667229608595,true
event_200,200,60,12000,aligned_flow_persistence_12000_events,flow_persistence,sell,-4.651701042006911,-6.302104301612539,2.936314520460146e-10,1.4355315433360715e-9,0.8,-2.810509822642056,-6.426200246192917,1.0,true,2.810509822642056,true
event_500,500,24,12000,aligned_flow_persistence_12000_events,flow_persistence,sell,-4.566390896671739,-6.216839817473366,5.072671246066597e-10,2.3914021588599672e-9,0.8,-2.8062782328018194,-6.437076794651046,1.0,true,2.8062782328018194,true
event_200,200,80,16000,aligned_flow_persistence_12000_events,flow_persistence,buy,-4.033954269208992,-4.661060019512763,3.1458496122144713e-6,9.437548836643414e-6,0.7,-2.784638695917543,-5.746779612734389,0.8333333333333334,true,2.784638695917543,true
event_200,200,60,12000,relative_flow_rate,activity,sell,-4.838068147042895,-7.709866157514646,1.259497570270589e-14,1.0726043824239854e-13,0.9,-2.767787638870509,-5.941833813595567,0.6666666666666666,true,2.767787638870509,true
event_200,200,80,16000,aligned_flow_persistence_4000_events,flow_persistence,sell,-5.170179000092348,-8.628105245885795,6.237666920278382e-18,8.233720334767464e-17,0.9,-2.7531013595511014,-7.286730204464154,1.0,true,2.7531013595511014,true
event_500,500,32,16000,aligned_flow_persistence_12000_events,flow_persistence,buy,-3.5283291499319485,-3.998550505572567,0.00006373158276706567,0.00015724427897668538,0.7,-2.692759609046317,-5.353239975666118,0.8333333333333334,true,2.692759609046317,true
event_500,500,32,16000,aligned_pretrend_1000_events,pretrend,sell,-3.163634855434482,-7.238051468777746,4.551767175664543e-13,2.9308939862815594e-12,0.7,-2.6922049187642636,-4.875086022895356,0.8333333333333334,true,2.6922049187642636,true
event_1000,1000,16,16000,normalised_imbalance,imbalance,sell,-4.932276301295173,-2.9241574096672927,0.003453900393752521,0.0071797614484304375,0.8,-2.651838744644369,-2.251785467694563,0.6666666666666666,true,2.651838744644369,true
event_1000,1000,16,16000,expected_normalised_impact,fitted_impact,sell,-4.932276301295173,-2.9241574096672927,0.003453900393752521,0.0071797614484304375,0.8,-2.651838744644369,-2.251785467694563,0.6666666666666666,true,2.651838744644369,true
event_1000,1000,12,12000,log_abs_signed_imbalance,imbalance,sell,-5.913616626529427,-7.792993728554562,6.543987075436957e-15,5.957284785915022e-14,1.0,-2.601744170684978,-3.1320923392552147,0.6666666666666666,true,2.601744170684978,true
event_1000,1000,16,16000,aligned_pretrend_1000_events,pretrend,sell,-2.698307113058324,-4.601273514425431,4.1991558770705836e-6,0.000012317523906073712,0.7,-2.586933277154539,-3.3417496348699203,0.8333333333333334,true,2.586933277154539,true
event_200,200,60,12000,price_levels_per_event,microstructure,sell,-2.973193254016431,-6.400572540206682,1.547953848442008e-10,8.012937568405688e-10,1.0,-2.5735004685448386,-8.548915948197793,0.8333333333333334,true,2.5735004685448386,true
event_500,500,32,16000,aligned_flow_persistence_4000_events,flow_persistence,sell,-4.8924524982994235,-7.8111430943592035,5.667162881798976e-15,5.343325002839034e-14,0.9,-2.5609567837310676,-6.5815438309990295,1.0,true,2.5609567837310676,true
event_500,500,32,16000,log_abs_signed_imbalance,imbalance,sell,-4.83604442999305,-7.322724021607745,2.429871963354255e-13,1.6881215745408511e-12,0.9,-2.499791820127428,-3.9192392703747263,0.6666666666666666,true,2.499791820127428,true
event_500,500,32,16000,aligned_flow_persistence_4000_events,flow_persistence,buy,-3.215648498661836,-4.95387369217475,7.275043984479136e-7,2.4007645148781146e-6,0.6,-2.49883361600403,-7.147682751140307,1.0,true,2.49883361600403,true
event_200,200,80,16000,aligned_flow_persistence_4000_events,flow_persistence,buy,-3.7143082349300185,-6.048820150263262,1.4591043226548652e-9,6.420059019681407e-9,0.8,-2.4726119458163582,-7.322233806444633,1.0,true,2.4726119458163582,true
event_200,200,60,12000,log_gross_volume,volume,sell,-3.969463864082367,-5.778492229531038,7.537302437377313e-9,3.0613043745655546e-8,1.0,-2.470652643602874,-3.3280389218907853,0.8333333333333334,true,2.470652643602874,true
event_500,500,32,16000,log_gross_volume,volume,sell,-7.391156426452139,-3.661536536556269,0.00025070709805174264,0.0005705747748763799,1.0,-2.463008953827264,-1.503146064431633,0.6666666666666666,true,2.463008953827264,true
event_200,200,60,12000,aligned_pretrend_1000_events,pretrend,sell,-3.405509958175433,-9.681895040588213,3.5998058931306534e-22,8.639534143513568e-21,0.9,-2.462387996614635,-5.942696544192146,0.8333333333333334,true,2.462387996614635,true
event_1000,1000,16,16000,aligned_flow_persistence_4000_events,flow_persistence,sell,-4.604898905023722,-6.961212074588473,3.3735746739199626e-12,1.9361385085105873e-11,0.8,-2.4579239087487963,-6.037551734065547,1.0,true,2.4579239087487963,true
event_200,200,60,12000,aligned_flow_persistence_4000_events,flow_persistence,sell,-5.011263211500392,-9.951572831618657,2.482285589678419e-23,7.2813710630566965e-22,1.0,-2.4555060818354963,-7.217878138170076,1.0,true,2.4555060818354963,true
event_200,200,80,16000,normalised_signed_impact,impact,sell,-5.381507880565085,-4.75163792133261,2.017754544200834e-6,6.266908231400237e-6,0.9,-2.4479033191990696,-3.0406904782893944,0.8333333333333334,true,2.4479033191990696,true
event_200,200,60,12000,aligned_flow_persistence_12000_events,flow_persistence,buy,-3.6980293265033812,-5.254734144295411,1.4823844631779494e-7,5.082461016610112e-7,0.7,-2.428778968243393,-5.876044381303815,0.8333333333333334,true,2.428778968243393,true
event_500,500,24,12000,normalised_signed_impact,impact,sell,-5.571948594023851,-4.457944097666017,8.274947414097311e-6,0.000023240277843847767,0.8,-2.3608115721037692,-2.996387754765416,0.8333333333333334,true,2.3608115721037692,true
event_500,500,24,12000,aligned_flow_persistence_12000_events,flow_persistence,buy,-3.3658770448097424,-4.678782497769381,2.8858336526833693e-6,8.75701246331505e-6,0.7,-2.3344865624082543,-5.451089858759276,0.8333333333333334,true,2.3344865624082543,true
event_500,500,24,12000,aligned_flow_persistence_4000_events,flow_persistence,sell,-4.717111413007237,-9.140403385323399,6.22198070612653e-20,1.1732877902981454e-18,1.0,-2.309102353408772,-6.600783157236638,1.0,true,2.309102353408772,true
event_500,500,32,16000,expected_normalised_impact,fitted_impact,sell,-3.6324904622496734,-2.4516295173110536,0.014221099755633553,0.027009858528685312,0.8,-2.2652817212124283,-2.3840885357188952,0.8333333333333334,true,2.2652817212124283,true
event_500,500,32,16000,normalised_imbalance,imbalance,sell,-3.6324904622496734,-2.4516295173110536,0.014221099755633553,0.027009858528685312,0.8,-2.2652817212124283,-2.3840885357188952,0.8333333333333334,true,2.2652817212124283,true
event_500,500,24,12000,aligned_pretrend_1000_events,pretrend,sell,-3.0602655429365275,-6.582058386263455,4.639792999466029e-11,2.499806840528636e-10,0.9,-2.263550803960027,-4.97352555456825,0.6666666666666666,true,2.263550803960027,true
event_1000,1000,12,12000,aligned_flow_persistence_4000_events,flow_persistence,sell,-4.45689104187005,-8.115832103553961,4.824673542105139e-16,5.094855260463027e-15,0.8,-2.256700873145115,-6.0131187069426595,1.0,true,2.256700873145115,true
event_200,200,60,12000,aligned_flow_persistence_4000_events,flow_persistence,buy,-3.49575465367357,-6.5157231220872225,7.234030443757007e-11,3.8195680743036994e-10,0.7,-2.2461797671091275,-7.475616582682246,1.0,true,2.2461797671091275,true
event_500,500,24,12000,aligned_flow_persistence_4000_events,flow_persistence,buy,-3.105032188966466,-5.507749083159598,3.634509462444709e-8,1.33265346956306e-7,0.7,-2.1969391889505436,-7.003597128580013,1.0,true,2.1969391889505436,true
event_1000,1000,12,12000,aligned_pretrend_1000_events,pretrend,sell,-2.634997593998238,-4.773215563013108,1.81307548351452e-6,5.766890694552208e-6,0.8,-2.1775361664821937,-3.2383057007243417,0.8333333333333334,true,2.1775361664821937,true
event_1000,1000,12,12000,aligned_flow_persistence_12000_events,flow_persistence,buy,-2.9672886131254907,-3.989705050256419,0.00006615550776018098,0.00016171346341377574,0.7,-2.155208288769068,-4.6027453227108825,0.8333333333333334,true,2.155208288769068,true
event_1000,1000,16,16000,aligned_flow_persistence_4000_events,flow_persistence,buy,-2.9030280200329246,-4.060643033279041,0.00004893774556419211,0.0001291956482894672,0.7,-2.131271275212141,-5.524816785658562,0.8333333333333334,true,2.131271275212141,true
event_200,200,80,16000,log_abs_signed_imbalance,imbalance,sell,-3.209646866499098,-6.749403435474343,1.4845427295068384e-11,8.16498501228761e-11,0.8,-2.0867173408852393,-5.031292879935552,0.8333333333333334,true,2.0867173408852393,true
event_1000,1000,12,12000,normalised_imbalance,imbalance,sell,-4.242071267737663,-2.9861882391736105,0.0028247870267781618,0.005965950200555478,0.9,-2.0831741668085106,-1.884708556977977,0.6666666666666666,true,2.0831741668085106,true
event_1000,1000,12,12000,expected_normalised_impact,fitted_impact,sell,-4.242071267737663,-2.9861882391736105,0.0028247870267781618,0.005965950200555478,0.9,-2.0831741668085106,-1.884708556977977,0.6666666666666666,true,2.0831741668085106,true
event_1000,1000,12,12000,aligned_flow_persistence_4000_events,flow_persistence,buy,-2.9611427575692706,-4.815713440875224,1.4667488717111896e-6,4.722215879655537e-6,0.8,-1.9602013087643202,-5.816271927692445,1.0,true,1.9602013087643202,true
event_200,200,80,16000,aligned_flow_persistence_1000_events,flow_persistence,buy,-2.408909052125749,-7.0502379317883825,1.7861211077967626e-12,1.1227046963293937e-11,0.8,-1.7987380629965786,-7.87244080933927,1.0,true,1.7987380629965786,true
event_200,200,80,16000,aligned_flow_persistence_1000_events,flow_persistence,sell,-3.6273712752866625,-10.504098399622789,8.270934246763903e-26,3.6392110685761176e-24,1.0,-1.788092667893673,-6.6557546865706305,0.8333333333333334,true,1.788092667893673,true
event_500,500,32,16000,aligned_flow_persistence_1000_events,flow_persistence,sell,-3.5173767626527144,-9.798071688027866,1.147553780597776e-22,3.0295419807781286e-21,1.0,-1.6967960092170202,-5.662277029848273,1.0,true,1.6967960092170202,true
event_500,500,32,16000,aligned_pretrend_1000_events,pretrend,buy,-1.9483068628171312,-4.229671250643334,0.000023403306549544435,0.0000643590930112472,0.7,-1.6820328281866717,-2.8190846510773624,0.6666666666666666,true,1.6820328281866717,true
event_200,200,60,12000,normalised_signed_impact,impact,sell,-4.2660737029713545,-4.478365574094995,7.521671178975067e-6,0.000021583925991841493,1.0,-1.6754176926241207,-2.9125178942791097,0.8333333333333334,true,1.6754176926241207,true
event_500,500,32,16000,aligned_flow_persistence_1000_events,flow_persistence,buy,-1.841038510891622,-4.628517289702101,3.682931198689928e-6,0.000010924649847799337,0.7,-1.6719659501152453,-6.573155387114367,1.0,true,1.6719659501152453,true
event_200,200,80,16000,aligned_pretrend_1000_events,pretrend,buy,-2.4080668326667416,-6.107790059413072,1.0102011106531568e-9,4.5981567795247135e-9,0.8,-1.6423833336282043,-3.359549676806092,0.6666666666666666,true,1.6423833336282043,true
event_200,200,60,12000,aligned_flow_persistence_1000_events,flow_persistence,buy,-2.3405058209715572,-7.29905643258546,2.897927649867372e-13,1.9616741014486824e-12,0.9,-1.633709401723859,-8.347631402861717,1.0,true,1.633709401723859,true
event_200,200,60,12000,log_abs_signed_imbalance,imbalance,sell,-2.842569500510948,-7.0387382214806875,1.9398842514347242e-12,1.1909987032064352e-11,0.9,-1.5803797470505905,-3.856171529212693,0.8333333333333334,true,1.5803797470505905,true
event_200,200,60,12000,aligned_flow_persistence_1000_events,flow_persistence,sell,-3.538700562913709,-11.276813318631518,1.7082228150967108e-29,1.5032360772851054e-27,1.0,-1.5235322173812293,-6.35468741864298,0.8333333333333334,true,1.5235322173812293,true
event_500,500,24,12000,normalised_imbalance,imbalance,sell,-2.969435393974077,-2.496443054503803,0.012544580866925403,0.02417349889684895,0.9,-1.5201730420006658,-1.676445643358857,0.6666666666666666,true,1.5201730420006658,true
event_500,500,24,12000,expected_normalised_impact,fitted_impact,sell,-2.969435393974077,-2.496443054503803,0.012544580866925403,0.02417349889684895,0.9,-1.5201730420006658,-1.676445643358857,0.6666666666666666,true,1.5201730420006658,true
event_200,200,60,12000,aligned_pretrend_1000_events,pretrend,buy,-2.269097274743849,-5.859088426643,4.654148377817435e-9,1.9198362058496916e-8,0.6,-1.5163114036346883,-3.563899608570988,0.8333333333333334,true,1.5163114036346883,true
event_500,500,24,12000,aligned_flow_persistence_1000_events,flow_persistence,buy,-1.8691202245783711,-5.407956804357201,6.37477935531113e-8,2.2742456078407273e-7,0.8,-1.4915295219473905,-6.783283585639547,1.0,true,1.4915295219473905,true
event_1000,1000,12,12000,aligned_flow_persistence_1000_events,flow_persistence,buy,-1.6937718797306278,-4.198151415886832,0.000026910268518619488,0.0000732403184424283,0.7,-1.4886929799549589,-5.846540380527769,1.0,true,1.4886929799549589,true
event_500,500,24,12000,aligned_flow_persistence_1000_events,flow_persistence,sell,-3.4055224307354455,-10.60053878576091,2.9626842715786335e-26,1.955371619241898e-24,1.0,-1.3994476985866864,-5.358834909564263,0.8333333333333334,true,1.3994476985866864,true
event_1000,1000,16,16000,aligned_flow_persistence_1000_events,flow_persistence,buy,-1.3893556722111327,-2.893936206960441,0.003804454468034557,0.007785860306675373,0.7,-1.706095590724545,-5.861781579091072,1.0,true,1.3893556722111327,true
event_200,200,80,16000,normalised_imbalance,imbalance,sell,-3.387301437476829,-4.156574886721369,0.00003230543112969386,0.0000861478163458503,0.7,-1.3298359775822006,-2.0352754827488515,0.6666666666666666,true,1.3298359775822006,true
event_200,200,80,16000,expected_normalised_impact,fitted_impact,sell,-3.387301437476829,-4.156574886721369,0.00003230543112969386,0.0000861478163458503,0.7,-1.3298359775822006,-2.0352754827488515,0.6666666666666666,true,1.3298359775822006,true
event_500,500,24,12000,aligned_pretrend_1000_events,pretrend,buy,-1.8954699000317226,-4.349914997607643,0.000013619031362153684,0.000037846571364300765,0.8,-1.3142300133615934,-2.5052505346191323,0.6666666666666666,true,1.3142300133615934,true
event_1000,1000,16,16000,aligned_flow_persistence_1000_events,flow_persistence,sell,-3.3105905447548016,-7.712113438348638,1.2375105699110595e-14,1.0726043824239854e-13,1.0,-1.2654873953139645,-3.9611895817182496,1.0,true,1.2654873953139645,true
event_1000,1000,12,12000,absolute_imbalance_ratio,imbalance,buy,-1.574069312419048,-3.297437549971614,0.0009757136992623736,0.0021646085429014006,0.8,-1.19671306533144,-3.8018839896003422,0.8333333333333334,true,1.19671306533144,true
event_1000,1000,16,16000,absolute_imbalance_ratio,imbalance,buy,-1.9458497965718402,-3.5083657860692483,0.00045086866568409156,0.001008723116445764,0.8,-1.1747700885534065,-3.1220018627660946,0.8333333333333334,true,1.1747700885534065,true
event_1000,1000,12,12000,aligned_flow_persistence_1000_events,flow_persistence,sell,-2.994631989296414,-8.344915026568863,7.126510654088574e-17,8.551812784906289e-16,1.0,-1.0268608120386205,-3.5833774890223755,1.0,true,1.0268608120386205,true
event_1000,1000,12,12000,log_trailing_volatility,volatility,buy,NaN,NaN,NaN,NaN,0.0,NaN,NaN,0.0,true,NaN,false
event_500,500,32,16000,log_trailing_volatility,volatility,buy,NaN,NaN,NaN,NaN,0.0,NaN,NaN,0.0,true,NaN,false
event_500,500,32,16000,log_trailing_volatility,volatility,sell,NaN,NaN,NaN,NaN,0.0,NaN,NaN,0.0,true,NaN,false
event_500,500,24,12000,log_trailing_volatility,volatility,sell,NaN,NaN,NaN,NaN,0.0,NaN,NaN,0.0,true,NaN,false
event_500,500,24,12000,log_trailing_volatility,volatility,buy,NaN,NaN,NaN,NaN,0.0,NaN,NaN,0.0,true,NaN,false
event_1000,1000,16,16000,log_trailing_volatility,volatility,sell,NaN,NaN,NaN,NaN,0.0,NaN,NaN,0.0,true,NaN,false
event_1000,1000,16,16000,log_trailing_volatility,volatility,buy,NaN,NaN,NaN,NaN,0.0,NaN,NaN,0.0,true,NaN,false
event_1000,1000,12,12000,log_trailing_volatility,volatility,sell,NaN,NaN,NaN,NaN,0.0,NaN,NaN,0.0,true,NaN,false
event_200,200,80,16000,log_trailing_volatility,volatility,sell,NaN,NaN,NaN,NaN,0.0,-21.130409303923287,-1.7268821056678312,0.4,false,21.130409303923287,false
event_200,200,60,12000,log_trailing_volatility,volatility,sell,NaN,NaN,NaN,NaN,0.0,-17.341645812216814,-1.697066325885849,0.2,false,17.341645812216814,false
event_200,200,80,16000,log_trailing_volatility,volatility,buy,NaN,NaN,NaN,NaN,0.0,16.17207699940624,3.3686309528958507,0.25,false,16.17207699940624,false
event_200,200,60,12000,log_trailing_volatility,volatility,buy,NaN,NaN,NaN,NaN,0.0,13.917832267054777,2.6319962987127323,0.25,false,13.917832267054777,false
event_1000,1000,16,16000,bar_volume_fraction_24h,volume,sell,-12.306504165324519,-2.08398816109349,0.03716124416211285,0.06660351764778485,0.7142857142857143,12.47581981358323,0.7356302824910348,0.6666666666666666,false,12.306504165324519,false
event_1000,1000,12,12000,bar_volume_fraction_24h,volume,sell,-11.174061933432181,-2.1189320362176716,0.03409621106117189,0.06165342274074918,0.5714285714285714,22.719688927527805,1.63737557160186,0.6666666666666666,false,11.174061933432181,false
event_1000,1000,16,16000,log_duration,activity,sell,7.5391535204460975,1.9697392529590159,0.04886826182339237,0.08436398574613517,0.5,NaN,NaN,NaN,false,7.5391535204460975,false
event_500,500,24,12000,bar_volume_fraction_24h,volume,sell,-12.726182485891062,-3.874288693117176,0.00010693658426627197,0.00025433565987653873,0.8,7.499178498130698,1.2997897499230224,0.8333333333333334,false,7.499178498130698,false
event_1000,1000,16,16000,log_duration,activity,buy,7.442451672484878,1.9973023224486426,0.04579235122812477,0.08006079949817842,1.0,NaN,NaN,NaN,false,7.442451672484878,false
event_500,500,32,16000,bar_volume_fraction_24h,volume,sell,-16.238666056961147,-4.0499680731891585,0.00005122462115988159,0.00013389405926939347,0.7,7.115984248451726,1.207611762574534,0.6666666666666666,false,7.115984248451726,false
event_1000,1000,12,12000,log_duration,activity,sell,6.545484418301689,1.9376019658461359,0.05267180245650892,0.09029451849687244,0.5,NaN,NaN,NaN,false,6.545484418301689,false
event_500,500,24,12000,bar_volume_fraction_24h,volume,buy,-4.216703872799576,-1.2787918525901987,0.20097036374786922,0.28992445917725396,0.6,5.758739188065127,1.0329114830347905,1.0,false,4.216703872799576,false
event_1000,1000,12,12000,log_duration,activity,buy,4.035339193363204,1.281910860715941,0.19987391762610532,0.28992445917725396,0.8333333333333334,NaN,NaN,NaN,false,4.035339193363204,false
event_500,500,24,12000,log_duration,activity,sell,3.2987442997806484,1.3899073766372576,0.1645570053245551,0.2511158925183962,0.75,NaN,NaN,NaN,false,3.2987442997806484,false
event_1000,1000,12,12000,relative_flow_rate,activity,sell,-6.271530812128283,-7.817867599820559,5.372565479061985e-15,5.25317513508283e-14,0.7,-3.1932747628044043,-5.9161051317219995,0.5,true,3.1932747628044043,false
event_1000,1000,12,12000,marginal_impact_bps_per_btc,fitted_impact,sell,3.6829112813372378,1.623139834874916,0.10455951579563004,0.1693479274235971,0.9,3.098898616622257,1.8245523487925068,1.0,true,3.098898616622257,false
event_1000,1000,16,16000,log_gross_volume,volume,sell,-4.35038458542539,-1.5184745156988202,0.12889481919433832,0.20376186986410366,0.6,-3.069005809964317,-0.8266939104393675,0.6666666666666666,true,3.069005809964317,false
event_200,200,80,16000,log_duration,activity,sell,3.0442637517709827,1.08357819366462,0.27855186372481466,0.37906026816160343,0.5714285714285714,NaN,NaN,0.0,false,3.0442637517709827,false
event_200,200,60,12000,log_duration,activity,sell,2.878888634194866,1.225446984989839,0.22040685329660603,0.31116261641873794,0.7142857142857143,NaN,NaN,0.0,false,2.878888634194866,false
event_500,500,32,16000,log_duration,activity,sell,2.723471809137123,0.953043320837563,0.3405681217974087,0.4407352164437054,0.75,NaN,NaN,NaN,false,2.723471809137123,false
event_500,500,32,16000,log_duration,activity,buy,2.6967428122072863,0.7551316641460816,0.4501699859389631,0.5484446808814492,0.8571428571428571,NaN,NaN,NaN,false,2.6967428122072863,false
event_1000,1000,12,12000,log_gross_volume,volume,sell,-3.04992979268552,-1.2941959369485645,0.19559774987141101,0.2859811371161166,0.7,-2.6844825680600266,-0.8113395822398427,0.8333333333333334,true,2.6844825680600266,false
event_500,500,24,12000,log_duration,activity,buy,2.6604568782283056,0.9651247389099291,0.3344823372629439,0.43499180806609455,0.5714285714285714,NaN,NaN,NaN,false,2.6604568782283056,false
event_500,500,32,16000,bar_volume_fraction_24h,volume,buy,-2.4732965608175213,-0.6723655483196173,0.501351009768465,0.5962012008057422,0.5,6.563865180368348,1.121656285259003,1.0,false,2.4732965608175213,false
event_1000,1000,16,16000,aligned_flow_persistence_12000_events,flow_persistence,buy,-3.387407903807329,-3.7595177626128273,0.0001702411909125436,0.00039773163186647355,0.5,-2.419244597924639,-4.501534418424357,0.8333333333333334,true,2.419244597924639,false
event_1000,1000,16,16000,bar_volume_fraction_24h,volume,buy,-3.527691196838019,-0.7709504732679117,0.4407362882642929,0.5437120565503427,0.25,2.275227915128324,0.20321802050773952,0.6666666666666666,false,2.275227915128324,false
event_200,200,80,16000,marginal_impact_bps_per_btc,fitted_impact,sell,3.075264002674122,1.9695256116889182,0.048892764466510155,0.08436398574613517,0.7,2.089912061463374,1.9254793683841853,0.8,true,2.089912061463374,false
event_1000,1000,16,16000,fills_per_event,microstructure,buy,-4.336024907415782,-1.4107518024680354,0.15831781056194938,0.2444204794640622,0.7,1.9542610494785684,0.5989575493531184,0.6666666666666666,false,1.9542610494785684,false
event_500,500,32,16000,log_gross_volume,volume,buy,1.9227164504034282,0.8619400155812866,0.3887205273965431,0.49575951320138834,0.5,-2.188302042668126,-1.4302466162241756,0.3333333333333333,false,1.9227164504034282,false
event_1000,1000,16,16000,log_abs_signed_imbalance,imbalance,buy,-1.8983873524548034,-1.8591169356995114,0.06301056523775946,0.106633264248516,0.8,-2.5096727439266298,-2.9002759078967064,0.6666666666666666,true,1.8983873524548034,false
event_200,200,60,12000,bar_volume_fraction_24h,volume,buy,1.89064150508403,0.8803663788819619,0.3786608638720559,0.4852741168069066,0.7,1.9256954890277886,1.0997835182881073,0.8333333333333334,true,1.89064150508403,false
event_500,500,32,16000,normalised_range,volatility,buy,6.545202040905205,2.565629458358161,0.010298878162355855,0.020290327125835415,0.7,1.7766835297056696,0.7337894833430724,0.6666666666666666,true,1.7766835297056696,false
event_200,200,80,16000,bar_volume_fraction_24h,volume,sell,-7.0060571351287715,-3.2306312590661155,0.0012351717603096657,0.0027173778726812645,0.9,-1.719455758037614,-0.8622328725582451,0.6666666666666666,true,1.719455758037614,false
event_500,500,24,12000,log_abs_signed_imbalance,imbalance,sell,-4.068474410650482,-7.4083460462000215,1.2788425468003577e-13,9.646126638722698e-13,0.9,-1.7152047672108715,-2.7196663006802644,0.5,true,1.7152047672108715,false
event_1000,1000,12,12000,log_abs_signed_imbalance,imbalance,buy,-1.6401310874147677,-1.8283262694491482,0.06750059955917925,0.11350419288932052,0.6,-1.9305889711503323,-2.597506737254983,0.5,true,1.6401310874147677,false
event_1000,1000,12,12000,aligned_pretrend_1000_events,pretrend,buy,-1.627000954528797,-2.912813988009767,0.0035818789639213903,0.007387625363087867,0.6,-1.8564613531861718,-2.555321486341828,0.5,true,1.627000954528797,false
event_1000,1000,16,16000,aligned_pretrend_1000_events,pretrend,buy,-1.5695487857748058,-2.5167563167443343,0.011844071493791032,0.02316173981008024,0.7,-2.229691482163689,-2.7491210538831012,0.5,true,1.5695487857748058,false
event_500,500,32,16000,normalised_imbalance,imbalance,buy,1.292110220058966,0.7271047846373038,0.46716176794130737,0.5605941215295689,0.6,-1.2342351158769915,-1.240162297657409,0.3333333333333333,false,1.2342351158769915,false
event_500,500,32,16000,expected_normalised_impact,fitted_impact,buy,1.292110220058966,0.7271047846373038,0.46716176794130737,0.5605941215295689,0.6,-1.2342351158769915,-1.240162297657409,0.3333333333333333,false,1.2342351158769915,false
event_200,200,60,12000,log_duration,activity,buy,-1.1296726067521994,-0.5966548390340283,0.5507378499929747,0.6405056933839001,0.5714285714285714,NaN,NaN,0.0,false,1.1296726067521994,false
event_200,200,80,16000,relative_flow_rate,activity,buy,1.0658451641459041,1.3852281476167299,0.1659827164169363,0.25183584559811023,0.7,1.1227021454809603,1.910573402278578,0.5,true,1.0658451641459041,false
event_500,500,24,12000,log_gross_volume,volume,sell,-5.187292257045532,-3.1754795195563745,0.0014958908063812165,0.0032637617593771996,0.8,-1.049057682054617,-0.69663782295988,0.5,true,1.049057682054617,false
event_500,500,32,16000,fills_per_event,microstructure,sell,1.6950481527520864,0.7332795755573935,0.4633879295718659,0.5605941215295689,0.4,-1.046252335161484,-0.4788660289439177,0.6666666666666666,false,1.046252335161484,false
event_1000,1000,16,16000,fills_per_event,microstructure,sell,-1.036254170429532,-0.2978638131262311,0.7658071078996533,0.8354259358905309,0.8,-5.951876784997397,-1.6749790602269568,0.6666666666666666,true,1.036254170429532,false
event_500,500,32,16000,marginal_impact_bps_per_btc,fitted_impact,sell,6.179578875643977,2.6744882888055153,0.007484339022242355,0.01508294276238154,0.8,1.0327648556382785,0.6091848635090829,0.6,true,1.0327648556382785,false
event_200,200,60,12000,marginal_impact_bps_per_btc,fitted_impact,sell,2.020685404964273,1.5284315373284618,0.12640542960493742,0.20103032178134625,0.8,1.028540866335113,1.1474226975825377,0.4,true,1.028540866335113,false
event_500,500,24,12000,log_gross_volume,volume,buy,1.0101638516991593,0.4989237207186254,0.6178331224881647,0.7122617656632116,0.6,-2.1589809637224002,-1.3625367665687071,0.3333333333333333,false,1.0101638516991593,false
event_200,200,80,16000,bar_volume_fraction_24h,volume,buy,0.9362909148287033,0.3876621992113376,0.6982660329990469,0.7844350328159505,0.7,1.1128524192663136,0.6377819437871027,1.0,true,0.9362909148287033,false
event_500,500,32,16000,absolute_imbalance_ratio,imbalance,buy,-0.9752568320214615,-2.605794758538262,0.009166136805978746,0.01833227361195749,0.6,-0.9291381575085893,-3.642063262240736,0.8333333333333334,true,0.9291381575085893,false
event_200,200,60,12000,expected_normalised_impact,fitted_impact,sell,-2.548481824851724,-3.7069319284222235,0.00020978530093512056,0.00048159408214671154,0.9,-0.8738498368888247,-1.4135206806707004,0.5,true,0.8738498368888247,false
event_200,200,60,12000,normalised_imbalance,imbalance,sell,-2.548481824851724,-3.7069319284222235,0.00020978530093512056,0.00048159408214671154,0.9,-0.8738498368888247,-1.4135206806707004,0.5,true,0.8738498368888247,false
event_500,500,24,12000,normalised_imbalance,imbalance,buy,1.0981887377588626,0.7540738007363317,0.4508049081487669,0.5484446808814492,0.6,-0.8375143674195124,-0.8872745722036367,0.3333333333333333,false,0.8375143674195124,false
event_500,500,24,12000,expected_normalised_impact,fitted_impact,buy,1.0981887377588626,0.7540738007363317,0.4508049081487669,0.5484446808814492,0.6,-0.8375143674195124,-0.8872745722036367,0.3333333333333333,false,0.8375143674195124,false
event_500,500,24,12000,impact_residual,fitted_impact,buy,0.830426926476116,1.2996224929704097,0.19373038661824524,0.2859811371161166,0.5,1.6759199269177714,3.3040585510883553,1.0,true,0.830426926476116,false
event_1000,1000,16,16000,marginal_impact_bps_per_btc,fitted_impact,buy,0.8180156534156614,0.28674659747265235,0.7743063554642011,0.8412217195166629,0.4,1.9790721831652869,1.045767703367193,0.6,true,0.8180156534156614,false
event_1000,1000,12,12000,normalised_range,volatility,buy,5.088489863088747,2.3896497200752664,0.016864448515495952,0.03173887802173196,0.7,-0.817516588127323,-0.32051469575154284,0.3333333333333333,false,0.817516588127323,false
event_500,500,32,16000,log_abs_signed_imbalance,imbalance,buy,-1.0448891510350071,-1.5286434971167486,0.1263528466636053,0.20103032178134625,0.3,-0.7968492610157274,-1.3429407485997888,0.5,true,0.7968492610157274,false
event_1000,1000,16,16000,absolute_imbalance_ratio,imbalance,sell,-3.3017217806072483,-6.396614794881294,1.5885941281249315e-10,8.06517018894196e-10,0.9,-0.7910932437972467,-2.091103525224998,0.6666666666666666,true,0.7910932437972467,false
event_1000,1000,16,16000,price_levels_per_event,microstructure,buy,-1.8282899947080709,-1.534543972711956,0.12489588404246381,0.20103032178134625,0.9,0.7893737042955481,1.170949961937671,0.5,false,0.7893737042955481,false
event_500,500,32,16000,marginal_impact_bps_per_btc,fitted_impact,buy,3.5439858738670207,1.252015065897697,0.21056437422273377,0.30048105294487415,0.7,0.7621250907807925,0.5144431242665568,0.4,true,0.7621250907807925,false
event_1000,1000,12,12000,fills_per_event,microstructure,buy,-4.657436702180924,-1.7505356595019588,0.08002592650963253,0.131222637258031,0.8,-0.7457781706141006,-0.24994014314134677,0.5,true,0.7457781706141006,false
event_500,500,24,12000,fills_per_event,microstructure,buy,-0.735038586743136,-0.42186188247151585,0.6731258338211806,0.7594240176444089,0.6,1.1637204681624986,0.7027828639438515,0.5,false,0.735038586743136,false
event_1000,1000,12,12000,absolute_imbalance_ratio,imbalance,sell,-3.096224856649345,-6.866008478112148,6.602315172723563e-12,3.7085344799979165e-11,1.0,-0.7300610177529079,-2.2149338300705654,0.6666666666666666,true,0.7300610177529079,false
event_500,500,24,12000,marginal_impact_bps_per_btc,fitted_impact,buy,2.3277094775512435,0.9780224538780844,0.32806321882258177,0.4287558899463445,0.6,0.7131353984831443,0.5488103564045088,0.4,true,0.7131353984831443,false
event_500,500,24,12000,absolute_imbalance_ratio,imbalance,buy,-0.710635134737356,-2.1904626734322488,0.028490699009886544,0.05259821355671362,0.7,-0.8769474968572828,-4.226263030165299,0.8333333333333334,true,0.710635134737356,false
event_200,200,60,12000,relative_flow_rate,activity,buy,0.9900663044427461,1.6290909668125535,0.10329376321792945,0.16833057709588503,0.8,0.7040860445418488,1.5035272606971124,0.5,true,0.7040860445418488,false
event_500,500,24,12000,normalised_range,volatility,buy,6.019026982081147,3.0172838237781496,0.002550508844772015,0.005474262886339934,0.7,0.6642201629660427,0.31089354334294333,0.6666666666666666,true,0.6642201629660427,false
event_1000,1000,12,12000,bar_volume_fraction_24h,volume,buy,-5.273466696132013,-1.266539988812016,0.2053198221008955,0.29458930997085003,0.5,0.654431932099523,0.08134547100057893,0.6666666666666666,false,0.654431932099523,false
event_500,500,24,12000,log_abs_signed_imbalance,imbalance,buy,-0.6432514241833499,-1.0345180473642446,0.30089404420481075,0.39520411776154246,0.5,-0.7984360349889172,-1.4492432450380615,0.5,true,0.6432514241833499,false
event_200,200,80,16000,price_levels_per_event,microstructure,buy,-0.6307111186823279,-1.1262460798493235,0.2600613739066009,0.3594565586981289,0.8,0.611717826066756,1.460437873903819,0.6666666666666666,false,0.611717826066756,false
event_200,200,80,16000,marginal_impact_bps_per_btc,fitted_impact,buy,0.5785595981413031,0.33199398164891897,0.7398938034760651,0.8138831838236716,0.5,-1.3030284001419012,-1.011333709195905,0.6,false,0.5785595981413031,false
event_500,500,24,12000,absolute_imbalance_ratio,imbalance,sell,-1.9986797147239235,-5.510151684243948,3.585246071855217e-8,1.33265346956306e-7,0.8,-0.5719366860716408,-2.1770509039210233,0.5,true,0.5719366860716408,false
event_500,500,32,16000,fills_per_event,microstructure,buy,0.5715365100289266,0.2792063261298741,0.7800864890698405,0.8440280045673684,0.6,2.8880653454080014,1.5821484848859808,0.6666666666666666,true,0.5715365100289266,false
event_1000,1000,12,12000,impact_residual,fitted_impact,sell,0.5616146399520753,0.637169135094473,0.524014679831514,0.6148742948820152,0.7,1.3108737438319475,1.9369354390760118,0.8333333333333334,true,0.5616146399520753,false
event_200,200,80,16000,normalised_signed_impact,impact,buy,0.5300615786242332,0.5818506045385933,0.5606673145571571,0.6491937326451294,0.6,1.591293176001781,1.6669400069839617,1.0,true,0.5300615786242332,false
event_500,500,32,16000,absolute_imbalance_ratio,imbalance,sell,-2.391214240457785,-5.663929729683232,1.4794501267047635e-8,5.9178005068190534e-8,1.0,-0.5284108735049651,-1.8674402263093233,0.5,true,0.5284108735049651,false
event_1000,1000,12,12000,impact_residual,fitted_impact,buy,0.5131244750707061,0.4509069218725206,0.6520566345127501,0.738810950692558,0.3,1.1954094650265052,1.8177401294953033,0.8333333333333334,true,0.5131244750707061,false
event_200,200,60,12000,marginal_impact_bps_per_btc,fitted_impact,buy,-0.5007573021108769,-0.33223398915325314,0.7397125803547613,0.8138831838236716,0.5,-1.1274770447228797,-1.089359608779871,0.6,true,0.5007573021108769,false
event_200,200,60,12000,bar_volume_fraction_24h,volume,sell,-4.01552532270355,-2.082045261789293,0.0373383356510309,0.06660351764778485,0.8,0.48067924918446936,0.27260351197781857,0.3333333333333333,false,0.48067924918446936,false
event_500,500,24,12000,fills_per_event,microstructure,sell,2.2424510763628502,1.1275464791764875,0.25951150069625634,0.3594565586981289,0.5,0.4734624661454893,0.25998028854500244,0.6666666666666666,true,0.4734624661454893,false
event_1000,1000,12,12000,fills_per_event,microstructure,sell,0.4639493458268227,0.15305745950905136,0.878352962911483,0.9155507380975526,0.4,-5.548943733344117,-1.6927417023438545,0.5,false,0.4639493458268227,false
event_1000,1000,12,12000,marginal_impact_bps_per_btc,fitted_impact,buy,-0.43928371527546045,-0.14986543076172743,0.8808707858968877,0.9155507380975526,0.5,1.7035718458207818,0.9335639780204237,0.4,false,0.43928371527546045,false
event_200,200,60,12000,absolute_imbalance_ratio,imbalance,sell,-0.9749889617101908,-3.8825087939544676,0.0001033842762796764,0.00024812226307122337,0.7,-0.41791614173597363,-2.428730698052991,0.5,true,0.41791614173597363,false
event_1000,1000,16,16000,relative_flow_rate,activity,buy,-0.8903376371929861,-0.8448941631273271,0.3981699336600621,0.505369531183925,0.4,0.4143294343544608,0.5569465881806628,0.5,false,0.4143294343544608,false
event_200,200,80,16000,absolute_imbalance_ratio,imbalance,sell,-1.0762508101547212,-3.8500844324684502,0.00011807711363039164,0.00027832462498592314,0.8,-0.40986126357438774,-2.0418454470693006,0.6666666666666666,true,0.40986126357438774,false
event_200,200,80,16000,log_duration,activity,buy,-0.40878357893796785,-0.1755658585206476,0.8606350266205236,0.9016176469357867,0.5714285714285714,NaN,NaN,0.0,false,0.40878357893796785,false
event_1000,1000,16,16000,normalised_signed_impact,impact,buy,-0.37522822194864386,-0.30301695239408893,0.761876942448519,0.8345871900680872,0.5,0.4207159449415013,0.3325446950735329,0.6666666666666666,false,0.37522822194864386,false
event_1000,1000,16,16000,normalised_range,volatility,buy,3.6374497967518944,1.4127475977352428,0.15772995099693177,0.2444204794640622,0.7,0.3508903706478426,0.11526705820181764,0.6666666666666666,true,0.3508903706478426,false
event_500,500,32,16000,impact_residual,fitted_impact,buy,0.3441712270097356,0.4934380684614168,0.6217030894318238,0.7136070243913109,0.5,2.1662838927304042,3.7087083163015397,1.0,true,0.3441712270097356,false
event_500,500,32,16000,price_levels_per_event,microstructure,buy,-0.6709291947257867,-0.7895734065133125,0.4297769441254546,0.5377303945455925,0.8,0.3380245485166201,0.6256434257567254,0.5,false,0.3380245485166201,false
event_1000,1000,16,16000,return_efficiency,impact,sell,-1.8283130784928552,-3.998674424860545,0.00006369822990583502,0.00015724427897668538,0.8,-0.3222338171060692,-0.9584558757119452,0.5,true,0.3222338171060692,false
event_200,200,80,16000,absolute_imbalance_ratio,imbalance,buy,-0.3211971952785797,-1.293683575194519,0.19577474098665978,0.2859811371161166,0.6,-0.44376408185196287,-2.779381535208728,0.8333333333333334,true,0.3211971952785797,false
event_500,500,32,16000,impact_residual,fitted_impact,sell,-0.6912665811182853,-1.041505448002907,0.2976410260471546,0.39288615438224406,0.7,-0.30034692594654383,-0.5303939400074662,0.3333333333333333,true,0.30034692594654383,false
event_200,200,60,12000,price_levels_per_event,microstructure,buy,-0.5621036303793328,-1.240106437674073,0.21493602815905033,0.3050704915805876,0.8,0.2668035196684717,0.8143051632742812,0.6666666666666666,false,0.2668035196684717,false
event_200,200,80,16000,fills_per_event,microstructure,buy,-3.3948294755841637,-2.80717820579542,0.004997758527098553,0.010149294239646292,0.7,0.26394609374696765,0.3178674220441116,0.8333333333333334,false,0.26394609374696765,false
event_200,200,80,16000,abs_event_sign_imbalance,microstructure,sell,0.5781481829475474,1.444580948414719,0.14857562730013563,0.23209447104873257,0.7,0.262190569963605,0.7126115371879724,0.5,true,0.262190569963605,false
event_1000,1000,16,16000,abs_event_sign_imbalance,microstructure,buy,0.5452142924322123,0.809588123181121,0.418176936402663,0.5257081486204906,0.6,-0.25821948532225897,-0.5917667529284724,0.8333333333333334,false,0.25821948532225897,false
event_200,200,80,16000,return_efficiency,impact,sell,0.2738581235800208,1.1793420622139266,0.2382619956182695,0.33458067469799546,0.6,0.2502669659195425,1.65327471781667,0.8333333333333334,true,0.2502669659195425,false
event_1000,1000,16,16000,log_gross_volume,volume,buy,-0.595897272131675,-0.20880500933622775,0.8346004606494601,0.8884456516591028,0.5,0.2495554676610093,0.06794989110944455,0.8333333333333334,false,0.2495554676610093,false
event_1000,1000,16,16000,impact_residual,fitted_impact,buy,0.24946271730620792,0.1906764458815052,0.8487790935618775,0.8951392987221384,0.4,1.404653466885445,2.043651955342943,0.6666666666666666,true,0.24946271730620792,false
event_200,200,60,12000,fills_per_event,microstructure,buy,-3.0244143263540315,-3.0619276727622986,0.002199165840162438,0.00475885067051544,0.8,-0.24031223850003977,-0.3367436577032981,0.5,true,0.24031223850003977,false
event_200,200,60,12000,absolute_imbalance_ratio,imbalance,buy,-0.2388022707107567,-1.0514983141852594,0.2930297832570271,0.3887430290444983,0.6,-0.4099684226432826,-3.0243967977087114,0.8333333333333334,true,0.2388022707107567,false
event_200,200,80,16000,log_gross_volume,volume,buy,-0.7313836552582995,-0.7756688287038505,0.43794454931609533,0.5428045118283998,0.5,0.23789421221262205,0.3037684474801466,1.0,false,0.23789421221262205,false
event_1000,1000,12,12000,price_levels_per_event,microstructure,buy,-1.4674606000430461,-1.402762821059685,0.16068757712092227,0.24663674627862486,0.9,0.237291892352072,0.4593615195450342,0.5,false,0.237291892352072,false
event_200,200,80,16000,normalised_imbalance,imbalance,buy,-0.23691972475720927,-0.2540952074059915,0.7994220058311465,0.8579162989407426,0.3,0.425641451745522,0.56725350361957,0.6666666666666666,false,0.23691972475720927,false
event_200,200,80,16000,expected_normalised_impact,fitted_impact,buy,-0.23691972475720927,-0.2540952074059915,0.7994220058311465,0.8579162989407426,0.3,0.425641451745522,0.56725350361957,0.6666666666666666,false,0.23691972475720927,false
event_1000,1000,16,16000,impact_residual,fitted_impact,sell,0.2315378019992353,0.23149070869657942,0.8169336028206078,0.8731598022050221,0.7,1.614303124015968,2.0198284645475924,0.8333333333333334,true,0.2315378019992353,false
event_200,200,80,16000,impact_residual,fitted_impact,buy,-0.22882795991025331,-0.4659099507924742,0.6412799581705149,0.7297323661940341,0.6,1.3058258356968893,2.7311873597070675,0.8333333333333334,false,0.22882795991025331,false
event_200,200,60,12000,return_efficiency,impact,sell,0.22401219298690755,1.0771906485739942,0.2813951021629653,0.3809656767744761,0.6,0.2417621495369727,1.8592512148161966,0.8333333333333334,true,0.22401219298690755,false
event_200,200,80,16000,fills_per_event,microstructure,sell,-0.22134015539544746,-0.20075925039737752,0.8408868276191565,0.8915426606082623,0.6,-1.5562163469128947,-1.741406059415811,0.6666666666666666,true,0.22134015539544746,false
event_200,200,80,16000,log_abs_signed_imbalance,imbalance,buy,-0.9627989826096592,-2.1344172078275636,0.032808644223391685,0.059734359137761414,0.5,-0.21652297739589907,-0.4903546455891766,0.6666666666666666,true,0.21652297739589907,false
event_1000,1000,12,12000,relative_flow_rate,activity,buy,-0.31173316876485146,-0.37162928675860085,0.7101688806892446,0.7894203786633485,0.3,0.19703354572855858,0.33375127044707625,0.5,false,0.19703354572855858,false
event_500,500,24,12000,normalised_signed_impact,impact,buy,1.335811692108909,1.3138181546613839,0.18890740664460548,0.2833611099669082,0.7,-0.19440112570871548,-0.2222182793161661,0.3333333333333333,false,0.19440112570871548,false
event_1000,1000,12,12000,return_efficiency,impact,sell,-1.0518900987035227,-2.586638905457532,0.009691709799230754,0.019237679601480595,0.8,-0.19324360843796357,-0.6427768583558865,0.5,true,0.19324360843796357,false
event_200,200,80,16000,impact_residual,fitted_impact,sell,-0.4769209136107442,-1.1081105126175173,0.2678140913886652,0.36824437565941465,0.6,-0.18979096053284278,-0.4740337723040899,0.3333333333333333,true,0.18979096053284278,false
event_1000,1000,12,12000,return_efficiency,impact,buy,-0.48959722773774894,-1.099596052096191,0.2715081628568451,0.3713894041150627,0.7,-0.1763270688471632,-0.6081175187404525,0.5,true,0.1763270688471632,false
event_200,200,60,12000,abs_event_sign_imbalance,microstructure,sell,0.4294381544325008,1.3579339661351923,0.1744846383586232,0.2632225401524373,0.8,0.17615501289334112,0.5752883537819101,0.6666666666666666,true,0.17615501289334112,false
event_500,500,24,12000,marginal_impact_bps_per_btc,fitted_impact,sell,4.453270270531876,2.387759163034042,0.0169514462161523,0.03173887802173196,0.9,0.17324980808146573,0.11368837526786066,0.4,true,0.17324980808146573,false
event_200,200,60,12000,fills_per_event,microstructure,sell,-0.1718530679024115,-0.18776551541708153,0.8510604696183968,0.8951392987221384,0.7,-1.0862952560741923,-1.5220787366544024,0.5,true,0.1718530679024115,false
event_500,500,32,16000,abs_event_sign_imbalance,microstructure,sell,0.18506848477901452,0.3696082109171942,0.711674432279837,0.7894203786633485,0.3,0.17074719023573942,0.41458455307413866,0.6666666666666666,true,0.17074719023573942,false
event_1000,1000,12,12000,abs_event_sign_imbalance,microstructure,sell,-0.34757532371279004,-0.6536242336490011,0.5133539274482786,0.6077373849611908,0.5,0.1572145353437734,0.4290806245194374,0.5,false,0.1572145353437734,false
event_500,500,24,12000,return_efficiency,impact,sell,-0.592092979474223,-2.0004938899503983,0.045446959038047734,0.07998664790696401,0.5,0.14751626759536898,0.6952412890209733,0.6666666666666666,false,0.14751626759536898,false
event_1000,1000,16,16000,return_efficiency,impact,buy,-0.8786106340809071,-1.773743932586615,0.07610551598735202,0.12636387560164108,0.8,-0.14396955038642326,-0.4030041088147976,0.3333333333333333,true,0.14396955038642326,false
event_1000,1000,16,16000,abs_event_sign_imbalance,microstructure,sell,-0.2918911298348759,-0.4852114856036763,0.6275263355400765,0.7171729549029445,0.5,0.13789094923986303,0.3150001623895413,0.5,false,0.13789094923986303,false
event_200,200,60,12000,log_gross_volume,volume,buy,-0.2939268619378119,-0.3697946484159998,0.7115355029857018,0.7894203786633485,0.5,-0.13355559895558625,-0.19472110194745973,0.16666666666666666,true,0.13355559895558625,false
event_200,200,80,16000,abs_event_sign_imbalance,microstructure,buy,0.7271925511934803,1.8201219063585083,0.06874044225270212,0.11485744781464152,0.8,-0.12840169012966407,-0.38271001896100887,0.6666666666666666,false,0.12840169012966407,false
event_500,500,24,12000,impact_residual,fitted_impact,sell,-0.5180622711027452,-0.9098466661311949,0.36290338004052436,0.4673487430765777,0.6,0.11539374489844385,0.2402082077769016,0.6666666666666666,false,0.11539374489844385,false
event_1000,1000,12,12000,normalised_imbalance,imbalance,buy,-1.1247474136570297,-0.6335574736652465,0.5263696615277857,0.6148742948820152,0.4,-0.11045047300305089,-0.08878820500873956,0.3333333333333333,true,0.11045047300305089,false
event_1000,1000,12,12000,expected_normalised_impact,fitted_impact,buy,-1.1247474136570297,-0.6335574736652465,0.5263696615277857,0.6148742948820152,0.4,-0.11045047300305089,-0.08878820500873956,0.3333333333333333,true,0.11045047300305089,false
event_500,500,32,16000,abs_event_sign_imbalance,microstructure,buy,0.4017791021405437,0.7817690173597911,0.43435033235386544,0.540889093119908,0.6,-0.11018680189013781,-0.2842929958610242,0.8333333333333334,false,0.11018680189013781,false
event_1000,1000,16,16000,expected_normalised_impact,fitted_impact,buy,-2.03696869920166,-1.0673758237186677,0.2858021611132838,0.3830039113396291,0.6,-0.07822512661376134,-0.05515270276296598,0.16666666666666666,true,0.07822512661376134,false
event_1000,1000,16,16000,normalised_imbalance,imbalance,buy,-2.03696869920166,-1.0673758237186677,0.2858021611132838,0.3830039113396291,0.6,-0.07822512661376134,-0.05515270276296598,0.16666666666666666,true,0.07822512661376134,false
event_500,500,32,16000,return_efficiency,impact,sell,-0.777529777547357,-2.3593374179243622,0.018307601066999052,0.03403666677244894,0.6,-0.07413289882880529,-0.29118377919826305,0.5,true,0.07413289882880529,false
event_500,500,24,12000,relative_flow_rate,activity,buy,0.10161511628973027,0.13972956130280814,0.8888736689868737,0.9202456808334692,0.7,0.06288160146195974,0.11976843980634046,0.5,true,0.06288160146195974,false
event_200,200,60,12000,impact_residual,fitted_impact,sell,-0.30466089242368344,-0.8209153832966861,0.41169446800087417,0.5200351174747885,0.4,-0.049963353308834266,-0.15283365775049496,0.3333333333333333,true,0.049963353308834266,false
event_200,200,60,12000,impact_residual,fitted_impact,buy,0.04912902583434142,0.12019860211167183,0.9043258251016457,0.9325860071360721,0.4,1.073111322244671,3.1309331616297267,0.8333333333333334,true,0.04912902583434142,false
event_500,500,24,12000,return_efficiency,impact,buy,0.45941992817529503,1.2928284426447114,0.1960704008258224,0.2859811371161166,0.7,-0.043780840902253364,-0.25545280681823773,0.16666666666666666,false,0.043780840902253364,false
event_500,500,32,16000,normalised_signed_impact,impact,buy,1.317325685640661,1.1531479090981958,0.24884968006699154,0.34759955310944846,0.8,-0.037592959583966364,-0.036885012649498485,0.3333333333333333,false,0.037592959583966364,false
event_200,200,60,12000,log_abs_signed_imbalance,imbalance,buy,-0.8926055014314245,-2.1804977761684614,0.029220583499357508,0.0535710697488221,0.5,-0.03753589357102133,-0.09977156310405007,0.5,true,0.03753589357102133,false
event_200,200,60,12000,expected_normalised_impact,fitted_impact,buy,-0.03548611968155564,-0.04296731838846912,0.965727585930324,0.9843709756200987,0.4,0.5138915996771395,0.7481964215168831,0.6666666666666666,false,0.03548611968155564,false
event_200,200,60,12000,normalised_imbalance,imbalance,buy,-0.03548611968155564,-0.04296731838846912,0.965727585930324,0.9843709756200987,0.4,0.5138915996771395,0.7481964215168831,0.6666666666666666,false,0.03548611968155564,false
event_1000,1000,12,12000,log_gross_volume,volume,buy,0.030930724083925033,0.011470684382781565,0.9908479187295326,0.9915132405570115,0.4,1.0705715262312911,0.3261119168679772,1.0,true,0.030930724083925033,false
event_200,200,80,16000,return_efficiency,impact,buy,0.35317444967843664,1.4670321995406312,0.1423672962513963,0.22372003696647988,0.8,-0.023465358894318555,-0.1544369864498707,0.3333333333333333,false,0.023465358894318555,false
event_200,200,60,12000,abs_event_sign_imbalance,microstructure,buy,0.5822267846902912,1.7540550264056922,0.07942107884823976,0.1310447800995956,0.7,0.020633695355144775,0.07503906245953605,0.5,true,0.020633695355144775,false
event_500,500,32,16000,relative_flow_rate,activity,buy,0.019659713717896574,0.021010933670632375,0.9832369337938961,0.9915132405570115,0.6,0.5326563158879413,0.7981990178847772,0.5,true,0.019659713717896574,false
event_200,200,60,12000,normalised_signed_impact,impact,buy,-0.016322523467753525,-0.02009831643079263,0.9839649431686923,0.9915132405570115,0.4,1.1855106987314812,1.6003834673590167,1.0,false,0.016322523467753525,false
event_500,500,32,16000,return_efficiency,impact,buy,0.03935673672765489,0.10244904737713731,0.9184002542647753,0.9434150471824929,0.5,0.01468725299855292,0.06440287216719263,0.6666666666666666,true,0.01468725299855292,false
event_1000,1000,12,12000,normalised_signed_impact,impact,buy,-0.013751597236438139,-0.012453455928010445,0.9900638366179514,0.9915132405570115,0.5,0.4667323289989845,0.42856062049850197,0.5,false,0.013751597236438139,false
event_1000,1000,12,12000,abs_event_sign_imbalance,microstructure,buy,0.4156629421523186,0.7116682176212509,0.4766702530023644,0.5694160488354036,0.6,0.01021682401012798,0.029164880911249372,0.16666666666666666,true,0.01021682401012798,false
event_200,200,60,12000,return_efficiency,impact,buy,0.42226503423614825,1.873394718993956,0.06101389873057213,0.10392044687013575,0.8,0.007243753294277163,0.05898868903046785,0.6666666666666666,true,0.007243753294277163,false
event_500,500,24,12000,abs_event_sign_imbalance,microstructure,buy,0.4788105001087781,1.0624178704677545,0.2880460245790537,0.3840613661054049,0.7,-0.007236216984824959,-0.022968359812015348,0.6666666666666666,false,0.007236216984824959,false
event_500,500,24,12000,abs_event_sign_imbalance,microstructure,sell,0.0044720327028155435,0.010636776162417214,0.9915132405570115,0.9915132405570115,0.4,0.20783078969996738,0.6084522262892841,0.6666666666666666,true,0.0044720327028155435,false
event_500,500,24,12000,price_levels_per_event,microstructure,buy,-0.8847186264282767,-1.304952757121119,0.1919089350680811,0.2859811371161166,0.8,0.003165089682526417,0.0075729135228579415,0.5,false,0.003165089682526417,false
