feature,feature_family
log_abs_signed_imbalance,imbalance
absolute_imbalance_ratio,imbalance
normalised_imbalance,imbalance
log_gross_volume,volume
bar_volume_fraction_24h,volume
log_duration,activity
relative_flow_rate,activity
normalised_range,volatility
log_trailing_volatility,volatility
return_efficiency,impact
normalised_signed_impact,impact
fills_per_event,microstructure
price_levels_per_event,microstructure
abs_event_sign_imbalance,microstructure
aligned_pretrend_1000_events,pretrend
aligned_flow_persistence_1000_events,flow_persistence
aligned_pretrend_4000_events,pretrend
aligned_flow_persistence_4000_events,flow_persistence
aligned_pretrend_12000_events,pretrend
aligned_flow_persistence_12000_events,flow_persistence
expected_normalised_impact,fitted_impact
impact_residual,fitted_impact
marginal_impact_bps_per_btc,fitted_impact
