construction,events_per_bar,horizon_bars,future_event_count,period,p10_minutes,median_minutes,p90_minutes
event_200,200,60,12000,train,12.429236666666668,43.97806666666666,136.31523833333333
event_200,200,60,12000,validation,3.3697500000000002,10.392566666666667,30.554100000000002
event_200,200,60,12000,later_sandbox,3.969836666666667,11.838383333333335,22.238856666666667
event_200,200,80,16000,train,17.515641666666667,59.14950833333333,180.00788
event_200,200,80,16000,validation,4.629266666666667,13.922566666666667,40.487500000000004
event_200,200,80,16000,later_sandbox,5.5001766666666665,15.853583333333335,29.383923333333335
event_500,500,24,12000,train,12.426746666666668,43.99118333333333,136.31527666666668
event_500,500,24,12000,validation,3.36985,10.391566666666668,30.549583333333334
event_500,500,24,12000,later_sandbox,3.9675650000000005,11.837441666666667,22.238801666666678
event_500,500,32,16000,train,17.509143333333334,59.160050000000005,180.0073833333334
event_500,500,32,16000,validation,4.629383333333333,13.923,40.49221666666667
event_500,500,32,16000,later_sandbox,5.499086666666668,15.854025,29.38640000000001
event_1000,1000,12,12000,train,12.414796666666668,43.99358333333333,136.23461666666662
event_1000,1000,12,12000,validation,3.3691,10.393650000000001,30.547533333333334
event_1000,1000,12,12000,later_sandbox,3.9668933333333336,11.837033333333334,22.233076666666673
event_1000,1000,16,16000,train,17.508750000000003,59.17183333333334,179.96355333333332
event_1000,1000,16,16000,validation,4.629333333333333,13.921833333333334,40.483583333333335
event_1000,1000,16,16000,later_sandbox,5.4991666666666665,15.8552,29.388150000000003
