category,aggressor_sign,events,total_quantity,mean_quantity,mean_endpoint_sweep_bps,mean_execution_span_bps,mean_fill_count,mean_price_level_count,path_excursion_events,event_share,quantity_share
sweep_q2,-1,54878427,34591230.33395799,0.6303247418873357,0.1789055936460718,0.17971031614914773,8.608663546424172,4.4290650677724415,0,0.0226525843951154,0.04475278132337806
opposite_endpoint_move,1,282481,239938.99900000903,0.8493987170818889,-0.869983594095249,1.0929780525056876,6.949178882827518,3.674845387831394,0,0.00011660182411053058,0.0003104236955300276
no_endpoint_sweep,1,1033279508,167876601.55985507,0.16246969020492283,0.0,0.00011689000482981897,1.7820141808135035,1.0002298371332843,133649,0.42651461673114854,0.217192183290013
sweep_q2,1,54796651,34184758.703955054,0.6238475906849682,0.17895384079865248,0.17965262662900958,8.519129353361395,4.4178772531189905,0,0.02261882909557857,0.04422690422111666
opposite_endpoint_move,-1,294228,247630.72400000924,0.8416286825183505,-0.8883731775437682,1.118717256230297,7.05488600677026,3.701795886183504,0,0.00012145072236501992,0.00032037494859623163
sweep_q3,-1,36166339,41206406.44300754,1.1393579660636246,0.458156115051714,0.45915505326436035,12.368456287488762,6.4305890347375225,0,0.014928653958318692,0.05331123752646088
no_endpoint_sweep,-1,1017213076,167223087.61061007,0.16439337200440202,0.0,0.00013594622544387038,1.7935764197746118,1.0002440019754524,140635,0.41988275378055084,0.21634669249422514
sweep_q1,-1,64256569,27783337.04598396,0.4323812721152908,0.04149686063350706,0.04208158534602957,5.587387789099042,2.575585680586214,0,0.026523671172518408,0.03594499516925273
sweep_q4,-1,30839307,116749988.63097732,3.7857526639939514,1.609035591820022,1.6115782091048048,24.426056590700952,13.461892447842619,0,0.012729774570695568,0.1510465704823388
sweep_q1,1,63985906,27534699.82598286,0.4303244502935203,0.04152620476853282,0.042069502883361316,5.523610637004968,2.5725154536375556,0,0.02641194755387068,0.035623318055483286
sweep_q4,1,30534239,114680117.96097016,3.7557876572908913,1.589751713076919,1.5920425151316564,24.06891100184288,13.349397016247892,0,0.012603849339342834,0.14836865273936778
sweep_q3,1,36085455,40622549.3550073,1.1257319425515708,0.45798632080490576,0.45890451533228344,12.199307920601251,6.399548405306238,0,0.014895266856384912,0.05255586605423752
