training_window_months,n_events,horizon_minutes,months,observations,pooled_pearson_ic,mean_monthly_spearman_ic,median_monthly_spearman_ic,monthly_spearman_t_stat,negative_spearman_month_fraction,mean_top_minus_bottom_bps,mean_winsorised_top_minus_bottom_bps,median_elapsed_minutes,p90_elapsed_minutes
6,200,5,53,8639310,-0.0002661581115078284,0.003228098747081918,0.0037032612061596456,5.675838278431684,0.16981132075471697,0.27801387629477975,0.2756518993355663,5.107366666666667,5.3924
6,200,10,53,8639304,0.0004956433252108446,0.0028554577790300814,0.0032067439465188513,5.152933911583786,0.24528301886792453,0.34521240662681024,0.31793898223433015,10.11235,10.40483
6,200,15,53,8639295,0.0003771302673829113,0.0019473666454520356,0.0021651564444490593,3.7510355494697425,0.24528301886792453,0.33504387742674513,0.316619382686247,15.115966666666667,15.409728333333334
6,200,30,53,8639258,0.00033649831280538404,0.0009337682373538532,0.0011741778742395455,1.924861947617451,0.3018867924528302,0.34656691138731666,0.3294409019551365,30.121233333333333,30.41674
6,500,5,53,3455726,0.0009423145903560502,0.0008810419372593222,0.0013264093719565532,1.1556817472776169,0.37735849056603776,0.34423206379581656,0.2925866713328591,5.107233333333333,5.39265
6,500,10,53,3455723,0.0015138735149505499,0.0010395209848297895,0.0019132341413346885,1.4979188749376955,0.33962264150943394,0.4517394129345676,0.38012829271856524,10.112266666666667,10.400903333333334
6,500,15,53,3455720,0.001301837749457773,0.00021907389422433612,0.0003535261275386902,0.3134735769626383,0.49056603773584906,0.39488114788739054,0.34930098235036927,15.11585,15.40835
6,500,30,53,3455705,0.0013230877981225873,-0.0005267971233467505,-0.0006091586477087396,-0.7720148235285353,0.5094339622641509,0.42146886862766103,0.38677075615009443,30.12085,30.41615
6,1000,5,53,1727863,0.000740902133066073,-0.0026710986572106013,-0.00206400327954967,-2.7439436591310584,0.6415094339622641,0.29725298166045205,0.21119053397084842,5.106725,5.391173333333334
6,1000,10,53,1727861,0.0014830244565780068,-0.0021085035196918645,-0.002077348061108365,-2.522169896088604,0.5849056603773585,0.4041967462821744,0.2906668482432183,10.112741666666667,10.402893333333333
6,1000,15,53,1727860,0.0012825485533381898,-0.0024657155224211197,-0.0019005221174403137,-2.8394078253233666,0.6415094339622641,0.33924910582650875,0.2702303650009554,15.116066666666667,15.407666666666668
6,1000,30,53,1727852,0.0013218276865918418,-0.0031140393364373358,-0.002345717434390085,-3.3497509533076055,0.6415094339622641,0.3757622664771494,0.30126067111720956,30.120516666666667,30.416256666666666
6,2000,5,53,863889,-0.001703815806518446,-0.007731490309038839,-0.006762561676151783,-5.752253121563564,0.8113207547169812,0.1393962351740282,0.029656623527471556,5.107183333333333,5.391803333333334
6,2000,10,53,863888,-0.00042871974936270485,-0.006751887407420588,-0.005426500881207987,-5.809424460934761,0.8301886792452831,0.25020343827369007,0.09437409279564768,10.112858333333334,10.403666666666666
6,2000,15,53,863888,0.00005896762832365006,-0.006875215574037867,-0.007157648624900536,-5.345312597850018,0.7547169811320755,0.17398062433038347,0.051631503693978426,15.115633333333333,15.4056
6,2000,30,53,863884,0.00043625676786291696,-0.006819049867860362,-0.004986312508734689,-5.158135908737015,0.7735849056603774,0.22448821206983094,0.13884185380778452,30.12025,30.4152
6,4000,5,53,425635,-0.004102338026222374,-0.012841170187918041,-0.013856125859219285,-7.75077927342782,0.8867924528301887,0.06536190004801863,-0.060717409267838786,5.106108333333333,5.380745
6,4000,10,53,425635,-0.0026015292384979835,-0.012227738634499804,-0.010234738998649413,-8.236200873941772,0.8679245283018868,0.15341763512168924,-0.011905552752541399,10.1115,10.406116666666668
6,4000,15,53,425635,-0.001587395099734613,-0.011801384371279927,-0.009545453239816856,-6.829149369274815,0.8301886792452831,0.1254269987842105,0.014287273584615517,15.113225,15.399886666666667
6,4000,30,53,425635,-0.00011029815289540399,-0.011080047160833245,-0.008820710265253653,-6.6019243051798835,0.8301886792452831,0.3517768471744028,0.18934573054777573,30.119583333333335,30.411698333333334
6,8000,5,53,171938,-0.006059969477028394,-0.020031771233317463,-0.018373791548838326,-6.073332831767116,0.9245283018867925,0.01939833424097254,-0.17416457828575382,5.092233333333334,5.3411333333333335
6,8000,10,53,171938,-0.004170872312200277,-0.018408620200974866,-0.013292011058738428,-5.1544782127281925,0.7924528301886793,-0.03302277288564198,-0.187852012388452,10.09815,10.354486666666666
6,8000,15,53,171938,-0.004424148340192875,-0.021835258058048593,-0.01809512034589487,-6.673079261435543,0.8867924528301887,-0.47687938325332424,-0.488061112942786,15.1039,15.358743333333333
6,8000,30,53,171938,-0.0004766485666770485,-0.01781177799876026,-0.011990995063317354,-4.614946170886522,0.7547169811320755,0.0027190680231949757,-0.15081645633601393,30.107158333333334,30.35906333333333
12,200,5,53,8639310,0.0002317040435995021,0.003297740879748421,0.003416808602658061,5.80854457150452,0.18867924528301888,0.28640104074610917,0.2845252061756178,5.107366666666667,5.3924
12,200,10,53,8639304,0.0010510342691748345,0.0029290023045850295,0.003073936899109236,5.253279794732454,0.20754716981132076,0.34834302829172376,0.32330847068994917,10.11235,10.40483
12,200,15,53,8639295,0.0007949080643868722,0.0020262093396442057,0.0020470484680161667,3.9467895528432386,0.22641509433962265,0.3369247644183429,0.3201146187453811,15.115966666666667,15.409728333333334
12,200,30,53,8639258,0.0005547100018597537,0.001008725674610097,0.001216949573966022,2.0960470994395526,0.32075471698113206,0.33932010815817387,0.32228547188166057,30.121233333333333,30.41674
12,500,5,53,3455726,0.0014425265579499351,0.0008957106575058073,0.0014887174145858276,1.1684616994387933,0.39622641509433965,0.3506623567547112,0.3026433374011074,5.107233333333333,5.39265
12,500,10,53,3455723,0.0020494088942059796,0.0010886065571216422,0.0017917201435318573,1.5557333016395505,0.37735849056603776,0.4603093619758209,0.3964950170416579,10.112266666666667,10.400903333333334
12,500,15,53,3455720,0.0014823376495376804,0.0002845299845427769,0.0008647589243940488,0.4167453933623702,0.4716981132075472,0.389964753643961,0.3506930929074003,15.11585,15.40835
12,500,30,53,3455705,0.0013379876997149783,-0.0004637128364465205,-0.0008201314046086792,-0.6864748728135912,0.5283018867924528,0.41896494376782867,0.3911050313742592,30.12085,30.41615
12,1000,5,53,1727863,0.0016970759537850353,-0.0026545504513116273,-0.0017647219164683213,-2.64844403500411,0.6226415094339622,0.27917190108671935,0.20223245793000466,5.106725,5.391173333333334
12,1000,10,53,1727861,0.0023436199280430655,-0.002028306182075394,-0.0017139903658859143,-2.3886999130892,0.5849056603773585,0.3901577876373891,0.28733546510425195,10.112741666666667,10.402893333333333
12,1000,15,53,1727860,0.0015154886610804885,-0.002422156722836097,-0.001884250775000395,-2.8364868876199956,0.6226415094339622,0.3246745661145458,0.2700674754905073,15.116066666666667,15.407666666666668
12,1000,30,53,1727852,0.0013412830183717292,-0.0030816971709275863,-0.0025209119653158045,-3.3325095186018743,0.660377358490566,0.33823245547837294,0.2771349576389319,30.120516666666667,30.416256666666666
12,2000,5,53,863889,-0.0008763699249492099,-0.007720976728834822,-0.007399796502503357,-5.535991751388632,0.8113207547169812,0.12078505028966176,0.015540560013018663,5.107183333333333,5.391803333333334
12,2000,10,53,863888,0.00034145951427751555,-0.006651398673915765,-0.005801836851176278,-5.630892962372106,0.7924528301886793,0.22650004861057185,0.07223015472278123,10.112858333333334,10.403666666666666
12,2000,15,53,863888,-0.0001354951264742167,-0.006803827277969881,-0.0068239831538778805,-5.304134407844889,0.7735849056603774,0.1547779447342673,0.03342935416422151,15.115633333333333,15.4056
12,2000,30,53,863884,0.00004536784287009167,-0.00677707150025247,-0.005266089590020693,-5.125435726217222,0.7547169811320755,0.13753862764529673,0.05973867055485268,30.12025,30.4152
12,4000,5,53,425635,-0.003534801030402383,-0.012872401605619149,-0.014289430119168053,-7.467302207166539,0.8490566037735849,0.094902831543491,-0.02907190162192703,5.106108333333333,5.380745
12,4000,10,53,425635,-0.0025836719211123353,-0.012151908842456169,-0.010982752888790966,-8.018302126459094,0.8490566037735849,0.20704970845061263,0.03378544927661769,10.1115,10.406116666666668
12,4000,15,53,425635,-0.0030695550004053553,-0.011751957177830515,-0.009391890073806614,-6.843559456311419,0.8490566037735849,0.1899804396778684,0.07026500925845784,15.113225,15.399886666666667
12,4000,30,53,425635,-0.0015397561020804467,-0.011086758453960923,-0.00921353409435448,-6.641561761012378,0.8490566037735849,0.3997669104937544,0.22714063808873694,30.119583333333335,30.411698333333334
12,8000,5,53,171938,-0.008261783550990795,-0.0199387400530951,-0.01798611868326321,-5.963402531853654,0.9056603773584906,0.03642730683543281,-0.19475578348679468,5.092233333333334,5.3411333333333335
12,8000,10,53,171938,-0.0069240289460263185,-0.018355088691519836,-0.013021486927723692,-5.124434434640954,0.8301886792452831,-0.020645537910812563,-0.1836898934015371,10.09815,10.354486666666666
12,8000,15,53,171938,-0.00912129743256931,-0.021715305301208236,-0.017931744249109018,-6.627249302811669,0.8867924528301887,-0.46461864384517193,-0.48985593190000776,15.1039,15.358743333333333
12,8000,30,53,171938,-0.004483089439862851,-0.01776392603158978,-0.012689670944742007,-4.591595901532783,0.7735849056603774,-0.003426457626016528,-0.17866367511536146,30.107158333333334,30.35906333333333
