calibration_date,training_window_months,training_cells,family,reference_events,q_reference,q_exponent_xi,r_buy_reference,r_sell_reference,r_exponent_psi,shape_alpha,shape_beta,central_exponent_p,activity_exponent_gamma,cell_rmse,converged,nfev,tail_exponent
2022-01-01,6,864,pb_activity,1000,0.003507487851392104,0.6245433027293212,0.02264360604762864,0.02105523044089853,0.8266285275048613,0.8415965105173904,0.32213796778898696,1.0,0.5952295596006988,0.002406087021784949,true,42,0.677862032211013
2022-01-01,12,864,pb_activity,1000,0.001725003175719729,0.5571464042350112,0.012639643259370283,0.01166883401992674,0.7568197964719383,1.3368243789292829,0.28244257016652224,1.0,0.6037821765112887,0.002042179721732487,true,39,0.7175574298334777
2022-02-01,6,864,pb_activity,1000,0.004372739801040815,0.5910131059943413,0.027426999946510412,0.025268598043120885,0.8028125558514336,0.8835740503990704,0.3471310851959231,1.0,0.5935269221027413,0.002505088489417846,true,32,0.6528689148040769
2022-02-01,12,864,pb_activity,1000,0.0019130155386648284,0.5906649007649987,0.014471214287522818,0.01345747191766718,0.7858716352629389,1.009956791993982,0.3081276637150507,1.0,0.6028601968751748,0.0019541390724596005,true,42,0.6918723362849493
2022-03-01,6,864,pb_activity,1000,0.004195995942047834,0.5795386927374394,0.027680197584329467,0.02607925879430769,0.7788776645287293,1.084205811958624,0.36385554201846027,1.0,0.6094391386209471,0.002534393108219033,true,26,0.6361444579815397
2022-03-01,12,864,pb_activity,1000,0.0024417178946580078,0.5844343670750545,0.018386094611429257,0.017379112430420385,0.7793641079703009,0.9251568045712621,0.3440875292935056,1.0,0.6029199659058216,0.001862122134943731,true,36,0.6559124707064944
2022-04-01,6,864,pb_activity,1000,0.002568782700665847,0.5349789009182231,0.014753689871966265,0.013890871837339,0.7530817628779033,1.4764807121800623,0.2582200253312274,1.0,0.5940717088070482,0.002454591754297674,true,25,0.7417799746687725
2022-04-01,12,864,pb_activity,1000,0.0018175203048392823,0.5559080291977281,0.011368938347031845,0.010850750099214896,0.7722491660960149,1.1540731530359944,0.27030272136238653,1.0,0.5852544726457416,0.0018556980688112844,true,46,0.7296972786376135
2022-05-01,6,864,pb_activity,1000,0.0029282226761698045,0.4682745669535919,0.012934234560027626,0.01241934328793202,0.7220663130399334,1.848694194700182,0.21745550179760517,1.0,0.5642665510821299,0.0025768562071941423,true,47,0.7825444982023948
2022-05-01,12,864,pb_activity,1000,0.0016953174636594223,0.4880366440782044,0.007101724345932933,0.006830372372464923,0.7595125825476002,1.5547149947161958,0.19639109662683785,1.0,0.5396233555190085,0.001813338847344454,true,69,0.8036089033731622
2022-06-01,6,864,pb_activity,1000,0.003330486009147535,0.5989117383776874,0.019284832422917484,0.01892834295341315,0.8101716406597156,0.8929631099230328,0.2987428897422168,1.0,0.5927319465474706,0.0022550181035869907,true,41,0.7012571102577831
2022-06-01,12,864,pb_activity,1000,0.001457328707138947,0.5526769106263407,0.006959043754384663,0.0067028979508278845,0.7966579612126492,1.3348177242971007,0.19984297950953867,1.0,0.5592694977354546,0.0018709544232013843,true,58,0.8001570204904613
2022-07-01,6,864,pb_activity,1000,0.0025680036883855306,0.6292258527490862,0.014561195912656432,0.014533896507781117,0.8358089012436805,0.9613333172515341,0.27100071211971066,1.0,0.5925446556441379,0.001981794998375372,true,50,0.7289992878802893
2022-07-01,12,864,pb_activity,1000,0.00216833858030682,0.6283536251930206,0.014007448825599164,0.013489859298441364,0.820686837516903,1.1528049492337606,0.2702117692826473,1.0,0.6073861624616593,0.0018569021848888888,true,39,0.7297882307173527
2022-08-01,6,864,pb_activity,1000,0.0025791265781871377,0.583271925731067,0.011091102571216795,0.011254861173600776,0.8169420021664533,1.2884538249737467,0.22029567662027236,1.0,0.5670472714929532,0.0018537453719964763,true,39,0.7797043233797276
2022-08-01,12,864,pb_activity,1000,0.002117765331507246,0.6501029358102917,0.014996674293958373,0.014553912927567181,0.8237784335712984,1.1840873391354156,0.2851443806888573,1.0,0.6223519229137701,0.001862590665733012,true,42,0.7148556193111427
2022-09-01,6,864,pb_activity,1000,0.002505606474266749,0.5847674802131902,0.009094240371203795,0.009187097539862847,0.8300098255273415,1.9892285091833077,0.18141875246939845,1.0,0.5498274089501841,0.0017929975894667176,true,34,0.8185812475306016
2022-09-01,12,864,pb_activity,1000,0.0019765039895194986,0.6653191945984648,0.014073068395946433,0.01377457218262144,0.8299958077667681,1.405761964786871,0.2736236748280172,1.0,0.6278732398239586,0.0018625143886262293,true,33,0.7263763251719828
2022-10-01,6,864,pb_activity,1000,0.0025811572242116524,0.5863165391256339,0.010662806366448703,0.010844349570026612,0.8174160152594367,1.6358335266401673,0.21339283778802906,1.0,0.5635322817955755,0.0017714661526530486,true,33,0.7866071622119709
2022-10-01,12,864,pb_activity,1000,0.0019088390740997256,0.6361997765421057,0.01272042818244835,0.012512500052661732,0.8123596632952358,1.4375076463830014,0.25894035361926504,1.0,0.6184810723798451,0.001778738099471981,true,39,0.741059646380735
2022-11-01,6,864,pb_activity,1000,0.00212357234617128,0.6089982161236571,0.01093074235358693,0.011128539588496833,0.8131160578032149,1.4867384010537752,0.2347201269664127,1.0,0.5885700567883017,0.00169839460810589,true,39,0.7652798730335872
2022-11-01,12,864,pb_activity,1000,0.001780284329132137,0.6286499175541035,0.011677379304324442,0.011584485864195943,0.8083460509209813,1.4649871823707001,0.24698730769358038,1.0,0.6166050190430576,0.001736602478370174,true,36,0.7530126923064197
2022-12-01,6,864,pb_activity,1000,0.0020333085977621065,0.6723946978382386,0.0132593324195894,0.01367094333001679,0.8485391790508734,1.0078279218808646,0.264830294648186,1.0,0.6104598111018711,0.0016271705694014564,true,40,0.735169705351814
2022-12-01,12,864,pb_activity,1000,0.0021284144995375133,0.648696603251715,0.013658163833174863,0.013772692787516472,0.8351176219990167,0.9821632305679867,0.2682627464703431,1.0,0.606912194856359,0.0015605275776055718,true,47,0.7317372535296569
2023-01-01,6,864,pb_activity,1000,0.0007623621923863017,0.7098981572383469,0.005627817189070174,0.005805141587504285,0.8698784406703702,1.2143143811534944,0.18865006736830697,1.0,0.622426491858857,0.0019118418843936263,true,76,0.8113499326316931
2023-01-01,12,864,pb_activity,1000,0.001708009646503827,0.6638105362739993,0.011405396303404893,0.011555570786135345,0.8455609346173949,0.898969271270146,0.25004861210774565,1.0,0.6087377717862951,0.0015393196322882046,true,48,0.7499513878922544
2023-02-01,6,864,pb_activity,1000,0.00099170835463809,0.5885616141887281,0.0071460885522158,0.007215598955594022,0.7688383420853871,2.941915509257068,0.166163822573958,1.0,0.6273867936635735,0.0022067101272583494,true,68,0.833836177426042
2023-02-01,12,864,pb_activity,1000,0.001388030858888485,0.6739557746792043,0.01043921663642078,0.010575729065616971,0.836315088981037,1.0713207560819185,0.24373727728499162,1.0,0.627319629009955,0.001569312430712617,true,50,0.7562627227150084
2023-03-01,6,864,pb_activity,1000,0.001284464350261917,0.3703762716822146,0.008996498884197611,0.008987764148638052,0.5906847334509953,5.304438016916164,0.16543951286755473,1.0,0.6261027369496354,0.002346816319423403,true,95,0.8345604871324452
2023-03-01,12,864,pb_activity,1000,0.0010282316647855074,0.6834715334337912,0.008575810795617925,0.008611672428999772,0.8303887041205319,1.3854763984152552,0.22343233742874954,1.0,0.6431525916862751,0.0015962020697928355,true,53,0.7765676625712504
2023-04-01,6,864,pb_activity,1000,0.0011030810201334753,0.45240052917466156,0.006049889139868293,0.005944411436500898,0.7006163708056304,3.5254347333804135,0.14264473561125832,1.0,0.5812636136004049,0.002227238517042481,true,180,0.8573552643887417
2023-04-01,12,864,pb_activity,1000,0.0009456458226592638,0.7009582646409154,0.008324173895598667,0.008347656123675964,0.8416228347261349,1.3472770675728427,0.22805028165807364,1.0,0.6457303683382782,0.0015593767255299644,true,51,0.7719497183419264
2023-05-01,6,864,pb_activity,1000,0.0011724218984951547,0.45430414094244304,0.006298823946307583,0.006156730502550408,0.7024637611607998,3.410737489133019,0.13609478545124373,1.0,0.5792335309513701,0.0021819351014437664,true,161,0.8639052145487562
2023-05-01,12,864,pb_activity,1000,0.0008487137945920012,0.7157534247860577,0.007989080587390427,0.008004933424149605,0.8460032044892847,1.3554329036637829,0.22521071486817915,1.0,0.6532298708649069,0.0015874766000479477,true,46,0.7747892851318209
2023-06-01,6,864,pb_activity,1000,0.0014748141541463522,0.45161129323445126,0.00795187706637902,0.007688182763100477,0.6907433027378121,7.999999992242328,0.13306488030308383,1.0,0.5859859998276872,0.002289484784119072,true,107,0.8669351196969162
2023-06-01,12,864,pb_activity,1000,0.0007720617172488739,0.7111062302555877,0.006967797945865242,0.006993985462139061,0.8471225041347931,1.7889333075377931,0.1953664864610083,1.0,0.6513397991825642,0.0016052127941393046,true,49,0.8046335135389917
2023-07-01,6,864,pb_activity,1000,0.001331058951698551,0.6553929513658898,0.009262752023080158,0.008921982950368789,0.850614209540832,0.8738149251783428,0.19689738434293372,1.0,0.6002142628354757,0.0022931872341372993,true,76,0.8031026156570663
2023-07-01,12,864,pb_activity,1000,0.0008208706334807991,0.628914909829347,0.006917597356693217,0.006888390788912056,0.7836419151692737,2.2879917617042227,0.17779193795915324,1.0,0.6442963989741152,0.0018109027779281293,true,73,0.8222080620408467
2023-08-01,6,864,pb_activity,1000,0.0011584637084244584,0.6020652941717949,0.0066084434430719995,0.0063293365277005825,0.8263180534159388,0.887335743499034,0.1736782222258312,1.0,0.5743682060358019,0.002294886057614917,true,81,0.8263217777741688
2023-08-01,12,864,pb_activity,1000,0.0010789419203119355,0.5628591827797165,0.006872833364115876,0.006758775668287063,0.7648534150873104,2.201747611523744,0.1616159898367271,1.0,0.6055301770933786,0.001814179735528731,true,81,0.8383840101632729
2023-09-01,6,864,pb_activity,1000,0.012223384946931707,0.6681214714739422,0.0832446443100823,0.0795719640641685,0.8876519623995219,0.31409598462103705,0.29059266974834685,1.0,0.5701873196826781,0.0023288694884986043,true,32,0.7094073302516531
2023-09-01,12,864,pb_activity,1000,0.0013418165219574612,0.39884431385510105,0.007639792349654408,0.007461396439298018,0.6366226335303916,3.9235065885807328,0.14726039565845273,1.0,0.5955651993991861,0.001882263747199829,true,117,0.8527396043415473
2023-10-01,6,864,pb_activity,1000,0.02333922774150464,0.635580478518211,0.16051298228889105,0.15383379948407563,0.8241680495683467,0.5009747386285539,0.4243364703663221,1.0,0.6071263492472064,0.0028624004942713593,true,65,0.5756635296336778
2023-10-01,12,864,pb_activity,1000,0.0012639628688760835,0.4226523583715263,0.006918903278638655,0.006715991339691787,0.6643533642739076,3.372307394034467,0.14145113966811335,1.0,0.588041033538662,0.001946387486764137,true,126,0.8585488603318867
2023-11-01,6,864,pb_activity,1000,0.00389923873034196,0.6696758158890949,0.02821602712699037,0.027165684107886664,0.8324332974995823,0.8469421057324961,0.27007220141921545,1.0,0.6302460841518455,0.0030565521976980274,true,38,0.7299277985807846
2023-11-01,12,864,pb_activity,1000,0.0014935455899321248,0.4034965049657256,0.008008740249359466,0.007772893372820305,0.6437595605304575,5.660468547731404,0.1379253221424227,1.0,0.5901277136059595,0.0021114989229565366,true,136,0.8620746778575773
2023-12-01,6,864,pb_activity,1000,0.00469351341152251,0.671554266115357,0.04042803924718457,0.03859278681197495,0.8205048381328152,0.6441303876775138,0.3196271483715249,1.0,0.6432139329736339,0.0032609326072970887,true,43,0.680372851628475
2023-12-01,12,864,pb_activity,1000,0.0014160852147263871,0.4832169918562866,0.008336335153829668,0.007998039356472631,0.7016112117379045,3.4684218446055444,0.14904902921091365,1.0,0.6012520832525922,0.002259262920650657,true,73,0.8509509707890863
2024-01-01,6,864,pb_activity,1000,0.002510212442723241,0.6873812974741589,0.020490021409989456,0.01956408041251302,0.835717239070286,0.7698887007658394,0.255051970448466,1.0,0.6387207783285291,0.003650040603107403,true,51,0.744948029551534
2024-01-01,12,864,pb_activity,1000,0.0011734058638481696,0.5955776940829567,0.007376700155505782,0.007057437032029219,0.8021719019416556,1.1939722740652359,0.1743277260620427,1.0,0.5962657136587279,0.0022284987406573312,true,86,0.8256722739379573
2024-02-01,6,864,pb_activity,1000,0.006648550049913545,0.6973541089864095,0.06514290240580285,0.06205219333689819,0.8368477972051682,0.5137011464041471,0.37519762981044813,1.0,0.6442966315348146,0.003563002454923207,true,61,0.6248023701895519
2024-02-01,12,864,pb_activity,1000,0.0012026911400795407,0.6161193049805779,0.00804632463096228,0.007660475164805019,0.8141793637367598,0.8895735051660936,0.1918195524520569,1.0,0.5977773300636879,0.0022155808716728927,true,90,0.808180447547943
2024-03-01,6,864,pb_activity,1000,0.003672689706725977,0.6080351783553952,0.026493684484531998,0.025254657174223163,0.7916091665015516,0.6779438679385842,0.28345121954491176,1.0,0.609052393806853,0.003545914684416109,true,71,0.7165487804550883
2024-03-01,12,864,pb_activity,1000,0.0012527594110158138,0.6167900763001201,0.007756462422724777,0.0073942492762257405,0.8208876556510415,0.9302065787287375,0.18339243884841402,1.0,0.5896632557914648,0.00233154620325403,true,95,0.816607561151586
2024-04-01,6,864,pb_activity,1000,0.0023025084302143845,0.4147935079423982,0.012794371582616187,0.012037700297069864,0.6353840586365905,7.999999999999995,0.1775886175482011,1.0,0.5976392103830939,0.0032361922554283076,true,61,0.8224113824517989
2024-04-01,12,864,pb_activity,1000,0.002058415489754978,0.4409784725797236,0.01170141189659244,0.011111952291608315,0.6566927985981048,7.130243726083697,0.15797868982450192,1.0,0.6044481976236555,0.0025605307557311314,true,62,0.8420213101754981
2024-05-01,6,864,pb_activity,1000,0.0032505247479836935,0.3356091271916749,0.014781530318962857,0.013764993917962844,0.5961465755637074,7.999999999999995,0.19205500305246778,1.0,0.5682220186479047,0.003161104692043466,true,43,0.8079449969475322
2024-05-01,12,864,pb_activity,1000,0.0023106557705111917,0.41406500589889894,0.012473111380449374,0.011805205466709837,0.6409533695811119,7.447346373915001,0.16415820926045824,1.0,0.5978861289843969,0.0025545428177749427,true,52,0.8358417907395418
2024-06-01,6,864,pb_activity,1000,0.003970498928062737,0.2907171202676422,0.015389098367115488,0.014423500038641323,0.5728583131419526,7.999999999999995,0.19601325552031548,1.0,0.5485476831926083,0.0030440905032243994,true,41,0.8039867444796845
2024-06-01,12,864,pb_activity,1000,0.002535165672201468,0.386395000291169,0.01353664581070281,0.01279588277748651,0.616941361558684,7.999999945290333,0.17752871184893282,1.0,0.5971002935498151,0.002596609212978772,true,43,0.8224712881510672
2024-07-01,6,864,pb_activity,1000,0.004362095307521259,0.2620369159543747,0.015460128076548273,0.014448635686270877,0.5597492223378849,7.999999999982686,0.19865820896558842,1.0,0.5376887373358241,0.002977828500501131,true,35,0.8013417910344116
2024-07-01,12,864,pb_activity,1000,0.0027675860711869897,0.36427321096169296,0.013791149620289144,0.013006832472813847,0.6052311057005524,7.999999972109853,0.17993899380701767,1.0,0.5880737346675775,0.0026118496618372,true,41,0.8200610061929823
2024-08-01,6,864,pb_activity,1000,0.006596331129966124,0.21687886283679636,0.01502312816900396,0.01415046088335481,0.568684310809545,7.515281082736948,0.17127818142157533,1.0,0.48213959110315774,0.002903012004118869,true,34,0.8287218185784246
2024-08-01,12,864,pb_activity,1000,0.0030943949104071567,0.3395589895100318,0.013833538213516785,0.013100600970551267,0.5945307968446774,7.999999999999991,0.17772318877522214,1.0,0.5735622110403026,0.0024700710364862987,true,44,0.8222768112247778
2024-09-01,6,864,pb_activity,1000,0.006739896207427582,0.243873254102854,0.014044189678141769,0.013248797763219192,0.6017200745534321,4.682285318650687,0.16250860434303827,1.0,0.4711431893010739,0.0028023071126923064,true,33,0.8374913956569617
2024-09-01,12,864,pb_activity,1000,0.0034639050147078263,0.33686159185958653,0.013678481977975528,0.012969229757342169,0.6055721582497755,6.943724244274606,0.17328703128595324,1.0,0.5563546876470657,0.0023884101106416864,true,41,0.8267129687140468
2024-10-01,6,864,pb_activity,1000,0.007108476964855295,0.2700039586799085,0.015306312233949078,0.014563465494768795,0.6169238067489783,3.568494009223029,0.16434213862133484,1.0,0.47838028834586854,0.002911011194967474,true,37,0.8356578613786652
2024-10-01,12,864,pb_activity,1000,0.003739414752599623,0.34032789854967854,0.014295790153731181,0.013544006254226703,0.6116397624821593,7.203360908857486,0.1788598359282098,1.0,0.5530376338040867,0.0024076419490572237,true,42,0.8211401640717901
2024-11-01,6,864,pb_activity,1000,0.0078819915627445,0.24400461621121974,0.017657923846185728,0.016833352350679398,0.5793598530730985,7.999999999970724,0.17499813659577468,1.0,0.48826716636508655,0.003062228393676746,true,37,0.8250018634042253
2024-11-01,12,864,pb_activity,1000,0.005132157703853223,0.27731690590675506,0.01619710227187348,0.015292005933356147,0.578323502872506,7.999622374703071,0.1908901818022851,1.0,0.5263447512331173,0.0024401915360728506,true,37,0.8091098181977149
2024-12-01,6,864,pb_activity,1000,0.0066536639967732045,0.28191928133813976,0.017023506241706992,0.016201219070024774,0.5911149766036503,7.999999999996371,0.1920915644917251,1.0,0.5079715810116153,0.0029817720984952425,true,32,0.8079084355082748
2024-12-01,12,864,pb_activity,1000,0.00499905384972765,0.29353097681324236,0.016681411573873255,0.015792033869763276,0.581777986427513,7.999999999775186,0.20920698537474883,1.0,0.5361552889269079,0.0025818732735410515,true,33,0.7907930146252512
2025-01-01,6,864,pb_activity,1000,0.007363511669369049,0.26842237949372894,0.01698655408721572,0.01613870818404501,0.5893508448052222,7.999999999999636,0.20365351283785457,1.0,0.4934764767598753,0.0030275120809761962,true,33,0.7963464871621454
2025-01-01,12,864,pb_activity,1000,0.005270484150761148,0.28806126324327824,0.016419054100640946,0.015504963049601547,0.5830458780167405,6.307750111205486,0.21623543476061516,1.0,0.5267436689175241,0.0025240675078338653,true,33,0.7837645652393849
2025-02-01,6,864,pb_activity,1000,0.006331659278875066,0.3197309085311554,0.016446960311757002,0.015555432560549622,0.617184550867282,4.710580622581927,0.22538509462770784,1.0,0.5063327090552929,0.0029063446906855417,true,41,0.7746149053722922
2025-02-01,12,864,pb_activity,1000,0.006088167154445607,0.28461806317550414,0.016056273320251033,0.015180957741605076,0.5973487958858829,5.891480477600442,0.20744311985107222,1.0,0.5058424296331426,0.002526225323648911,true,34,0.7925568801489278
2025-03-01,6,864,pb_activity,1000,0.005659752013796044,0.34071401536098295,0.01654677215925443,0.015580809838909384,0.6191743909975856,3.415577862071235,0.25619944298544667,1.0,0.5186125979034087,0.0030972499030303743,true,36,0.7438005570145534
2025-03-01,12,864,pb_activity,1000,0.0060327454623115,0.29482966081376666,0.015736435169092757,0.014862341645546631,0.6066147608091247,4.842453795774926,0.21261394507094558,1.0,0.5039558810418092,0.0025168875126015977,true,35,0.7873860549290544
2025-04-01,6,864,pb_activity,1000,0.005976833774503748,0.36441558995540496,0.017623787956096103,0.016604701719821733,0.6405023302407971,2.060488992683013,0.3029202546766804,1.0,0.513781982663291,0.0028255124640799065,true,35,0.6970797453233196
2025-04-01,12,864,pb_activity,1000,0.0053447800869634845,0.3365549149442034,0.015620254217130218,0.014836195774327406,0.6268733309855153,3.216615620965053,0.23033961023117014,1.0,0.5186722462804956,0.002519816998609018,true,33,0.7696603897688299
2025-05-01,6,864,pb_activity,1000,0.006367460145355258,0.3919715257186557,0.018071336531931752,0.017120241207166934,0.6623226718014605,2.172057013699056,0.3173675723070416,1.0,0.5100543241309261,0.002852608768556713,true,33,0.6826324276929584
2025-05-01,12,864,pb_activity,1000,0.005397958417580996,0.34397924037247396,0.015871440643326188,0.01511639594074667,0.6252796938680765,4.158085098314925,0.23194374102180668,1.0,0.52217035533586,0.002524228410101364,true,31,0.7680562589781933
2025-06-01,6,864,pb_activity,1000,0.007108058945678001,0.3568583752260414,0.020064261361839683,0.019130443132997114,0.6317933863491276,2.053432122988339,0.3353063279559378,1.0,0.5096798331907824,0.002966665965606883,true,29,0.6646936720440622
2025-06-01,12,864,pb_activity,1000,0.006122778927147166,0.3250909442766795,0.01661010421052444,0.01582074620102891,0.6141177761402157,5.3258950441858515,0.23175626421677542,1.0,0.5132023541776609,0.002539959580777137,true,38,0.7682437357832246
2025-07-01,6,864,pb_activity,1000,0.007204274902034075,0.3494591419710363,0.02072920841249658,0.019910030181246586,0.6238476983645757,1.8563691429525946,0.3251554584677215,1.0,0.5129138801543763,0.0030803019937981823,true,31,0.6748445415322786
2025-07-01,12,864,pb_activity,1000,0.006388514606489225,0.3175919865391169,0.016729656205896018,0.01596947104550572,0.6139363329754686,3.4995154065184675,0.2408461771366454,1.0,0.5068499651136514,0.00253121408878079,true,35,0.7591538228633545
2025-08-01,6,864,pb_activity,1000,0.009449451560551863,0.29713720319169384,0.025504932222713186,0.024374526123685538,0.5846592239310568,1.5721623616492035,0.36020811607610725,1.0,0.5029581841523095,0.003364099622676543,true,23,0.6397918839238927
2025-08-01,12,864,pb_activity,1000,0.006795233816995873,0.3258998762575417,0.01847681778008814,0.017571881848520886,0.6151860681616846,2.4445445411537303,0.2766372224621525,1.0,0.5086742534397386,0.0025122261978103365,true,35,0.7233627775378475
2025-09-01,6,864,pb_activity,1000,0.010825587806742608,0.27737172955519324,0.02746664778697638,0.026109193272026394,0.5692229765819261,1.709484723583298,0.36226578398994286,1.0,0.49857094180043965,0.003277183910646714,true,30,0.6377342160100572
2025-09-01,12,864,pb_activity,1000,0.0070935364932235645,0.30013218938952013,0.018752537071793383,0.01771632402885319,0.5915384472410078,2.662442868837915,0.27743193078909983,1.0,0.5054097736930073,0.002616757395400607,true,37,0.7225680692109002
2025-10-01,6,864,pb_activity,1000,0.014067091600162743,0.16963019121102058,0.025981199232202115,0.024444213401501998,0.5047254159743303,2.467416318954013,0.28736972480963363,1.0,0.45973700738887135,0.003850801562396341,true,34,0.7126302751903664
2025-10-01,12,864,pb_activity,1000,0.008059055943461423,0.2844573563176345,0.019529290336419182,0.018398393901010415,0.5864629044181713,2.2765563898649477,0.2834798190124937,1.0,0.4921725872039342,0.002609871389204473,true,33,0.7165201809875064
2025-11-01,6,864,pb_activity,1000,0.01406003519910737,0.06027405739262992,0.021485954210054503,0.01989672978604679,0.4313451050428641,2.998540801797733,0.2179929185489781,1.0,0.4308753384934528,0.004217409516068346,true,35,0.7820070814510219
2025-11-01,12,864,pb_activity,1000,0.007647011500901334,0.28573330873154457,0.018483982566806653,0.01735395238752145,0.5855685484877313,2.275398637228663,0.27429337311164137,1.0,0.49102284323938555,0.0025679884398516965,true,36,0.7257066268883586
2025-12-01,6,864,pb_activity,1000,0.014840361317121065,0.023872503104611663,0.02203553046798456,0.020093326912669955,0.39639406198441757,6.726167790435087,0.21713671760984082,1.0,0.4280861537532256,0.003991965203887778,true,29,0.7828632823901591
2025-12-01,12,864,pb_activity,1000,0.008862144083114178,0.2321432890075417,0.01946744698409469,0.018223646129035275,0.5454905449111543,2.7833772442010916,0.27361091086667505,1.0,0.4790761593375089,0.0026619808384680966,true,28,0.7263890891333249
2026-01-01,6,864,pb_activity,1000,0.01618889717812198,0.06370064577089299,0.024287739699934422,0.022101688193166727,0.42626455531260826,2.8886143203050274,0.25936130178187927,1.0,0.42518264145294576,0.0038492680293919926,true,30,0.7406386982181208
2026-01-01,12,864,pb_activity,1000,0.010004181085751641,0.21874240954519888,0.021676611716354897,0.02033300575141192,0.5339451831545174,2.2618352626555147,0.2919964143084864,1.0,0.4758892963537258,0.0027777956681132626,true,33,0.7080035856915137
2026-02-01,6,864,pb_activity,1000,0.01860515419819875,0.00993994792202231,0.025944819261639197,0.023832802376457022,0.3843212335758033,4.3575529908452975,0.2534152791676308,1.0,0.4173554379935713,0.0036846033715422725,true,19,0.7465847208323693
2026-02-01,12,864,pb_activity,1000,0.011191557582566623,0.16141039805436344,0.022810581635421764,0.02141904511895119,0.4872223001037235,2.942288623744238,0.2861016921010245,1.0,0.4704756516183206,0.002884731425380034,true,30,0.7138983078989756
2026-03-01,6,864,pb_activity,1000,0.015068692969275526,0.05300541849421704,0.02326477278359181,0.021861136199209385,0.41468307563736806,3.250085980194835,0.2623975475720912,1.0,0.4303384943136181,0.0035083709972385585,true,27,0.7376024524279088
2026-03-01,12,864,pb_activity,1000,0.011026567386366995,0.1627165404786742,0.02196093903348318,0.020777878073799928,0.4889667372342111,2.9189217872956665,0.2804912640108075,1.0,0.4673092951107131,0.002821998131214123,true,31,0.7195087359891925
2026-04-01,6,864,pb_activity,1000,0.014194057890315918,0.09314920442398658,0.023158704394742092,0.02234498123363806,0.4448543856118379,2.9196419901709203,0.28880150955899525,1.0,0.43821118016347194,0.0033824876679190295,true,29,0.7111984904410047
2026-04-01,12,864,pb_activity,1000,0.012781940536476117,0.11630745924838987,0.02212492917637214,0.02108224082741217,0.4607652674364779,3.5547167298820943,0.26203077736026065,1.0,0.44941817731583245,0.0029374080188780474,true,22,0.7379692226397394
2026-05-01,6,864,pb_activity,1000,0.01909779388146405,0.04609070144284044,0.027472358714343618,0.02716124927809703,0.4158837361800367,3.0270859382184385,0.3316046264815361,1.0,0.4235091386034629,0.0034710282482102823,true,23,0.6683953735184639
2026-05-01,12,864,pb_activity,1000,0.014931672562912272,0.04755121732680885,0.02349666249115121,0.022501536025952625,0.41171959523002355,3.068242554095681,0.26423843842876904,1.0,0.4352815702706805,0.003020458372734472,true,24,0.735761561571231
