n_events,horizon_minutes,model,months,mean_spearman_ic,spearman_ic_t,positive_month_fraction,mean_pearson_ic_winsorised,mean_oos_r2_winsorised
200,5,bar_return,41,0.004740017659094497,3.438179663280608,0.7560975609756098,0.003177697930621838,9.782358629538176e-6
200,5,components,41,0.013949243398919864,9.706275989200035,1.0,0.008567491340993999,0.000058080938002828174
200,5,full_impact,41,0.06704490161539857,14.681657595737388,1.0,0.05421157210578202,0.0017867505215726817
200,5,full_impact_flow,41,0.06661079759416366,14.51741153945834,1.0,0.05422026140039387,0.0017847831173971676
200,5,pretrend_only,41,0.06717974045820507,14.800659899815725,1.0,0.05433266723393122,0.001761557617668104
200,5,residual,41,0.0034124785186787224,6.1328949646611735,0.8292682926829268,0.003992139684792631,0.000013489248322887319
200,5,return_pretrend,41,0.06726040874120233,14.620361682547873,1.0,0.05432811526450418,0.0017731153837266032
200,5,return_pretrend_flow,41,0.06726676833812686,14.622049341036195,1.0,0.05416580176617323,0.0017816934381781227
200,10,bar_return,41,0.004696328789548678,4.158865562283183,0.7804878048780488,0.0014535571271586116,-1.523804723556648e-6
200,10,components,41,0.013949007985443872,12.163855888338688,0.975609756097561,0.008008256923743181,0.000027713572098947833
200,10,full_impact,41,0.05934752013252745,12.948435380018637,0.975609756097561,0.0413641308536896,0.00043935616442856203
200,10,full_impact_flow,41,0.058563007343084124,12.709928507687703,0.975609756097561,0.04136038647579195,0.00044204016624796113
200,10,pretrend_only,41,0.060122019440163606,11.471718414540913,0.975609756097561,0.04113821849570751,0.00043662438229197784
200,10,residual,41,0.002835553785049633,5.420448921433569,0.8048780487804879,0.0036208631605301055,0.00001174365756225028
200,10,return_pretrend,41,0.06023933623519406,12.421071895197178,0.975609756097561,0.04129417799611823,0.00043521402314734397
200,10,return_pretrend_flow,41,0.0601469969634408,12.95322034681027,0.975609756097561,0.041344819119584056,0.00043371601791697954
200,15,bar_return,41,0.004365803256363712,4.370532802807119,0.7560975609756098,0.0012507468699317005,-2.2071676542543055e-7
200,15,components,41,0.011810584253226581,10.751610067122927,0.9512195121951219,0.006504612934156268,0.000024474108524168588
200,15,full_impact,41,0.04746453099934705,6.476070286084141,0.8780487804878049,0.03121455606442967,-0.0001252423731113545
200,15,full_impact_flow,41,0.046654445940252046,6.318841277212395,0.8536585365853658,0.0312445512562788,-0.0001255490686772196
200,15,pretrend_only,41,0.04332363448945409,4.813032281106783,0.8536585365853658,0.028854025333570364,-0.0001318756974788966
200,15,residual,41,0.00195798725827043,4.0835216873573605,0.7560975609756098,0.0028898494851361234,8.134286030067944e-6
200,15,return_pretrend,41,0.04484202407284004,5.2715168766538225,0.8536585365853658,0.02933314702072811,-0.00013223301520177267
200,15,return_pretrend_flow,41,0.04702230598564746,6.133133273686638,0.8780487804878049,0.030593215459009056,-0.00013167691755787178
200,30,bar_return,41,0.003802617265808311,3.932801026830568,0.7317073170731707,0.0013832310627538784,1.7737146363666499e-6
200,30,components,41,0.00999576829569297,10.77852515813299,0.926829268292683,0.005177002804539483,0.000019216685345121525
200,30,full_impact,41,0.04264663277591724,5.330711435425508,0.8536585365853658,0.02640638948057035,0.000040623684850235936
200,30,full_impact_flow,41,0.04178640904628308,5.242789444213888,0.8536585365853658,0.026486083482743908,0.000038310367887251225
200,30,pretrend_only,41,0.04015207427282969,4.490610946643516,0.8536585365853658,0.025447077137621513,0.000029736433516344494
200,30,residual,41,0.0009361046049269034,1.9883879923880061,0.6585365853658537,0.002002108669107605,4.040266528167293e-6
200,30,return_pretrend,41,0.04109918112980621,4.713253990959946,0.8536585365853658,0.025574358316753285,0.0000316844368470822
200,30,return_pretrend_flow,41,0.04205982151074343,5.045845653728686,0.8536585365853658,0.025858674164749382,0.00003261307850996388
500,5,bar_return,41,0.017355881903138387,10.28983796150605,0.975609756097561,0.006467255160259946,0.000052387526154616436
500,5,components,41,0.02456809630209446,13.2551026366717,1.0,0.014758192075649854,0.00019923266643504306
500,5,full_impact,41,0.06731987633551668,14.533169352150603,1.0,0.05431353907635821,0.0018899105496952636
500,5,full_impact_flow,41,0.06658302060157847,14.236636068769887,1.0,0.05434240544975444,0.0018961096268501295
500,5,pretrend_only,41,0.06577025736273037,14.764048446030309,1.0,0.05411884601378594,0.0017782241350641783
500,5,residual,41,0.0010484092080104961,1.2760886992939875,0.5609756097560976,0.003813889008486557,0.000011158053203329548
500,5,return_pretrend,41,0.06747048438835852,14.400338050330811,1.0,0.05434735221149813,0.001835879074042414
500,5,return_pretrend_flow,41,0.06760295541582625,14.44826047882128,1.0,0.054111991952862426,0.0018622484151394891
500,10,bar_return,41,0.01607853373150729,14.874792494388032,1.0,0.005582447497892355,0.000018533901479612618
500,10,components,41,0.023092390407841196,16.585162444488823,1.0,0.013364216902929231,0.0001215382589748439
500,10,full_impact,41,0.05934816354690653,13.64016639083744,0.975609756097561,0.04144934026671282,0.0004934969170288239
500,10,full_impact_flow,41,0.058229457197103075,13.292494323256118,0.975609756097561,0.0414236360747968,0.0005114339468133136
500,10,pretrend_only,41,0.05806895554553385,11.203351335336498,0.975609756097561,0.04010292158855058,0.000436670808472845
500,10,residual,41,0.0011521500983262872,1.668035986881461,0.5365853658536586,0.0038134085235941653,0.00001231822581712413
500,10,return_pretrend,41,0.0601402684172612,13.167727023606332,0.975609756097561,0.040944680123393244,0.0004558949530210564
500,10,return_pretrend_flow,41,0.06027958873753064,13.596854113281939,0.975609756097561,0.04125290877727371,0.0004627338723579133
500,15,bar_return,41,0.014786571826414616,15.18488802788146,1.0,0.004709381236329865,0.000015760425344411617
500,15,components,41,0.02020302170059672,15.258960049157832,1.0,0.011128511733633788,0.00010131197100598118
500,15,full_impact,41,0.04956832580502229,7.701690291316233,0.8780487804878049,0.03249571307198269,-0.00010101375382317401
500,15,full_impact_flow,41,0.0481160701689686,7.360051595680507,0.8780487804878049,0.03239054292188034,-0.00009167318330692056
500,15,pretrend_only,41,0.04155541925305866,4.56699495800875,0.8536585365853658,0.028020162877306225,-0.00015076496511994437
500,15,residual,41,0.0003106217940806674,0.4850585413466536,0.4878048780487805,0.003028773660864535,9.248642564555406e-6
500,15,return_pretrend,41,0.046491894792671025,5.944944853946987,0.8536585365853658,0.02967101737554833,-0.0001352179248929811
500,15,return_pretrend_flow,41,0.04929226268112715,7.226558355143261,0.8780487804878049,0.031734450117623485,-0.0001295038504327171
500,30,bar_return,41,0.013518510283810955,15.58092832454837,1.0,0.00384817619302788,0.000012881400592223167
500,30,components,41,0.017266209784525876,14.145858711818923,1.0,0.008894150005991959,0.00007118774051712425
500,30,full_impact,41,0.04367792670885652,5.892312040101981,0.8780487804878049,0.027120085029596536,0.00007119382790587449
500,30,full_impact_flow,41,0.04203815457016122,5.69064859136706,0.8780487804878049,0.02722907511746856,0.00007625001893583116
500,30,pretrend_only,41,0.03816651919162087,4.205379335125459,0.8292682926829268,0.02459172890241457,0.000030493772116418227
500,30,residual,41,-0.00046120907470096885,-0.680566954045177,0.4146341463414634,0.0022463470167851554,4.8490530359122425e-6
500,30,return_pretrend,41,0.04139136003754451,4.8765184027641135,0.8292682926829268,0.0252947284934898,0.00004358541217925189
500,30,return_pretrend_flow,41,0.04305509956199031,5.466534609258926,0.8292682926829268,0.026132328151373396,0.00004820074262983257
1000,5,bar_return,41,0.026003427446137317,11.676646932766706,0.975609756097561,0.011397487480387818,0.00014029486240897906
1000,5,components,41,0.03192312831392513,13.655699738483259,1.0,0.01936577237702414,0.0003597603560023566
1000,5,full_impact,41,0.06822827854593334,14.657322596362187,1.0,0.05422124311227315,0.0019315433183354897
1000,5,full_impact_flow,41,0.06738321175307194,14.260318640167283,1.0,0.05408166574179402,0.0019315763307200503
1000,5,pretrend_only,41,0.06418436945781202,14.978057649808752,1.0,0.05323914561666446,0.001690399424282786
1000,5,residual,41,-0.0024268867556705024,-2.245862666803176,0.36585365853658536,0.001831778683301354,1.43384514828253e-6
1000,5,return_pretrend,41,0.06832911584954521,14.374657423835277,1.0,0.05408105391215066,0.0018431881979839623
1000,5,return_pretrend_flow,41,0.06848593411396393,14.523748284953461,1.0,0.05392993150340751,0.0018834617997713042
1000,10,bar_return,41,0.02413101437461322,18.429556891660322,1.0,0.009508923934669527,0.00005907307973923175
1000,10,components,41,0.030038884247313033,18.22666481781379,1.0,0.01753275089175332,0.00023062395478934134
1000,10,full_impact,41,0.05992597737451382,14.141221931989596,1.0,0.04171661685770892,0.0005152356335634037
1000,10,full_impact_flow,41,0.058773393901850914,13.655376659276154,0.975609756097561,0.04158518730503872,0.0005456351635090799
1000,10,pretrend_only,41,0.055200376820765555,10.575017725713327,0.975609756097561,0.038548076110318824,0.00037187773752073026
1000,10,residual,41,-0.0016819946627503611,-2.0339555704534975,0.36585365853658536,0.0024739199092247512,7.490043093297463e-6
1000,10,return_pretrend,41,0.060061880336955226,13.58849212136607,0.975609756097561,0.04057919864543702,0.0004337929322205588
1000,10,return_pretrend_flow,41,0.06060524532970957,14.09512041629101,0.975609756097561,0.04132473580609357,0.00045561184668808897
1000,15,bar_return,41,0.022364849286335264,17.501893176319353,1.0,0.007993023692553307,0.00005207405234596583
1000,15,components,41,0.02671653962547592,16.529174975951822,1.0,0.014662092039168694,0.00019019731331497324
1000,15,full_impact,41,0.05127641833773198,8.678682258652206,0.9024390243902439,0.03376705786152275,-0.000055237258548851016
1000,15,full_impact_flow,41,0.049615731956227954,8.22386183425585,0.8780487804878049,0.0334710626024298,-0.000044080867918159296
1000,15,pretrend_only,41,0.03969013207172402,4.387614501302102,0.8536585365853658,0.027954738962289886,-0.0001745266583365046
1000,15,residual,41,-0.0018021226088720166,-2.2063559583648553,0.36585365853658536,0.0025767297834026364,5.3409863737956695e-6
1000,15,return_pretrend,41,0.04863660628239781,6.938087863435753,0.8780487804878049,0.03108004020892659,-0.00012196489427368642
1000,15,return_pretrend_flow,41,0.05115878573444886,8.221549576463973,0.9024390243902439,0.033102630311360265,-0.00010648671451060428
1000,30,bar_return,41,0.020470534172803,17.00659645174867,1.0,0.006539663992381344,0.00003889258853038742
1000,30,components,41,0.02296913736719404,14.858623229249327,1.0,0.01159391096894943,0.00012521673522265087
1000,30,full_impact,41,0.04579405720450274,6.528233873593519,0.9024390243902439,0.02888080547297126,0.0001301155743239066
1000,30,full_impact_flow,41,0.04353699299228564,6.215686041204011,0.9024390243902439,0.02872023069830034,0.00014040295043747417
1000,30,pretrend_only,41,0.03709717825739293,4.060327265353739,0.8292682926829268,0.025504097841506135,0.00004755509002840066
1000,30,residual,41,-0.0027581595459704074,-2.967242650345952,0.24390243902439024,0.0017995009677929151,5.690316695237715e-7
1000,30,return_pretrend,41,0.04366807753582339,5.479864816087639,0.8292682926829268,0.027163661307291604,0.00008758539312087439
1000,30,return_pretrend_flow,41,0.045277228171371565,6.0773626588223175,0.8536585365853658,0.02808247662269536,0.0000941071166132737
2000,5,bar_return,41,0.035871087740699505,12.902806681703312,1.0,0.01793840563099243,0.00032558143858806314
2000,5,components,41,0.04035885026981483,13.83684469826722,1.0,0.024020009863918605,0.000539089080970215
2000,5,full_impact,41,0.06909406637450947,14.38309569009347,1.0,0.053549497657656805,0.0019032594809197498
2000,5,full_impact_flow,41,0.06824364472611341,13.936441529260637,1.0,0.05332991455679607,0.0019123503053467712
2000,5,pretrend_only,41,0.06072710214829264,14.589309918979854,1.0,0.05106818784292686,0.0014749751697591812
2000,5,residual,41,0.0011461386324433454,0.6451442177347511,0.5853658536585366,-0.000364115252976771,-0.000012287209852032484
2000,5,return_pretrend,41,0.06892434041707392,14.14216223163787,1.0,0.05327650532771644,0.001826081559256037
2000,5,return_pretrend_flow,41,0.0689387200475729,14.266304667862098,1.0,0.053070186756123135,0.0018324487537480843
2000,10,bar_return,41,0.03270468367304382,19.157028927569655,1.0,0.014495726324795545,0.0001518786010427477
2000,10,components,41,0.03672609810635443,18.52276710122718,1.0,0.021282905230729048,0.0003490126367449625
2000,10,full_impact,41,0.06054222288342607,14.505967361937763,1.0,0.041390067775434226,0.0005141474525630358
2000,10,full_impact_flow,41,0.059299028349183255,13.827131874574972,1.0,0.041146782865221145,0.000550180387806496
2000,10,pretrend_only,41,0.04979608445348829,9.085416233201704,0.9512195121951219,0.03545196723212653,0.0002514149221324557
2000,10,residual,41,-0.004966546165236258,-3.8908539040412466,0.24390243902439024,-0.0016237906595255025,-9.133177329686089e-6
2000,10,return_pretrend,41,0.06011965752682964,14.415666970422002,1.0,0.03998582790567448,0.0004103378247747016
2000,10,return_pretrend_flow,41,0.060903419143127024,14.684156201743644,1.0,0.040791730565489785,0.0004317296002225599
2000,15,bar_return,41,0.030575139809163075,17.7647068170113,1.0,0.012327437546246635,0.00013579228677663405
2000,15,components,41,0.03420485946024861,16.937571271394745,1.0,0.018427402864805802,0.0003166008351123941
2000,15,full_impact,41,0.052889178568743506,9.614681132570565,0.9512195121951219,0.0341381697479692,-8.08502421004097e-6
2000,15,full_impact_flow,41,0.051045978335801025,9.07912747767493,0.9512195121951219,0.03365776057539142,-6.869917222475612e-6
2000,15,pretrend_only,41,0.036755347675113514,4.101506750781081,0.8536585365853658,0.026698836415793188,-0.0002468716607199078
2000,15,residual,41,-0.0038335653953736303,-2.7380672413313025,0.36585365853658536,-0.0004896945793477752,-4.725481700669329e-6
2000,15,return_pretrend,41,0.05079382876893054,8.188385666998444,0.9024390243902439,0.03174249910525763,-0.000108991064828962
2000,15,return_pretrend_flow,41,0.052867618231007295,9.274116656031675,0.926829268292683,0.03339458155896379,-0.00008559002273553286
2000,30,bar_return,41,0.02806941966451584,17.09755271274163,1.0,0.010088731431622077,0.00009876732482331149
2000,30,components,41,0.02965243575442242,15.390625389171506,1.0,0.014412809230764751,0.0002013385212383676
2000,30,full_impact,41,0.04730059764213074,6.892360533241597,0.9024390243902439,0.029575403955089844,0.0001927439602694811
2000,30,full_impact_flow,41,0.04461682235394024,6.507808123497556,0.9024390243902439,0.029125583722751282,0.00019474231473224954
2000,30,pretrend_only,41,0.034059275998288924,3.6348710456189535,0.8048780487804879,0.024775015968884238,0.000036250725283543795
2000,30,residual,41,-0.002125738502432749,-1.310605368144997,0.4146341463414634,-0.0011313801994713138,-8.008243508545034e-6
2000,30,return_pretrend,41,0.04539064606644116,5.988225834720919,0.8536585365853658,0.027852476510269876,0.00013797738914469936
2000,30,return_pretrend_flow,41,0.046632943563096274,6.47076497847008,0.8780487804878049,0.028733524627071738,0.00014413195135136347
4000,5,bar_return,41,0.0441146560979756,14.16423508061198,0.975609756097561,0.023991826969221395,0.0005416987562955245
4000,5,components,41,0.04621747489236198,15.16412525882245,1.0,0.028512131971583907,0.0007449063093889458
4000,5,full_impact,41,0.067765452937907,14.11145050731928,1.0,0.051515233005960906,0.0016589537297185765
4000,5,full_impact_flow,41,0.06663586594042616,13.60245062272605,1.0,0.050479648095846257,0.0016117430344341536
4000,5,pretrend_only,41,0.054524485811058794,12.872305548561158,0.975609756097561,0.04654055192815403,0.000991913413785824
4000,5,residual,41,0.00224865318346667,0.8642013593092001,0.6341463414634146,-0.0005427026773909,-0.00004302222879188206
4000,5,return_pretrend,41,0.06757829750509174,14.008700938879992,1.0,0.05095345592316764,0.0015580309197341306
4000,5,return_pretrend_flow,41,0.06781318143383196,14.111286430645674,1.0,0.05117677878299332,0.0015941655303207004
4000,10,bar_return,41,0.04123056819538757,19.76621427069621,1.0,0.01945244109911105,0.00027529069686337037
4000,10,components,41,0.04345953536689186,18.704677344898588,1.0,0.025610813845981666,0.000529632944038091
4000,10,full_impact,41,0.06013151358596368,13.95808742631068,0.975609756097561,0.03988124080606063,0.0004164133522608793
4000,10,full_impact_flow,41,0.05853214041643204,13.16429049872713,0.975609756097561,0.03883376421960845,0.0004093756454618592
4000,10,pretrend_only,41,0.041656209130012174,6.504533372835205,0.926829268292683,0.030135176956480374,-0.00005349592735329674
4000,10,residual,41,0.0015952157066565092,0.6552070166048282,0.5365853658536586,-0.0012436292788303904,-0.00003168906795766936
4000,10,return_pretrend,41,0.05977707222408848,13.995580417850627,0.975609756097561,0.037851742207696645,0.00022501806280291286
4000,10,return_pretrend_flow,41,0.06062387698169174,14.288442773863672,0.975609756097561,0.03928518392149953,0.00031917086969955903
4000,15,bar_return,41,0.038951861105691904,17.913117646803084,1.0,0.016423723705101943,0.0002274509177995237
4000,15,components,41,0.04097744206330071,16.248019437903643,1.0,0.02186904433438714,0.000421032136722705
4000,15,full_impact,41,0.052905345309561716,10.062094386066704,0.9512195121951219,0.03297125255470527,-0.000057976698517936135
4000,15,full_impact_flow,41,0.05069335989211409,9.25633776958655,0.926829268292683,0.03186027983055049,-0.000081571776938076
4000,15,pretrend_only,41,0.03314595922429485,3.9717237310791162,0.8292682926829268,0.025142902350876278,-0.00042282569665082036
4000,15,residual,41,-0.0002265830167981494,-0.09695954127538832,0.4878048780487805,-0.0016906568429407014,-0.000011121463211222882
4000,15,return_pretrend,41,0.05142403421747152,9.028771631232276,0.9024390243902439,0.030990532138407856,-0.00019688418844485202
4000,15,return_pretrend_flow,41,0.0530027333098888,9.896990153168154,0.9512195121951219,0.03234070583773449,-0.000146911375642145
4000,30,bar_return,41,0.03584875593257164,18.735689350002882,1.0,0.012650840593250393,0.00014078624302371612
4000,30,components,41,0.034427030675589596,16.621886873149794,1.0,0.016392622687684568,0.00024839490852664555
4000,30,full_impact,41,0.04558463216473191,6.4260465290065225,0.9024390243902439,0.028559572723883712,0.0001348109668332396
4000,30,full_impact_flow,41,0.04164042937021952,5.791779406458538,0.8536585365853658,0.027479104140831486,0.00011596557224796282
4000,30,pretrend_only,41,0.028442675743758854,2.9031498055970446,0.8048780487804879,0.023094169905305058,-0.0000679336779987192
4000,30,residual,41,-0.0031044195979728064,-1.2588177321422829,0.4146341463414634,-0.00217635658492592,-0.000015907719117825548
4000,30,return_pretrend,41,0.04462525146530633,5.79656719124691,0.8292682926829268,0.02716969131949705,0.0000723133725210885
4000,30,return_pretrend_flow,41,0.04563849856033433,6.185989423170468,0.8292682926829268,0.02783588870258299,0.00007824670385048736
8000,5,bar_return,41,0.05420640339056528,12.042790165990805,1.0,0.03216120097021005,0.0010520008547947892
8000,5,components,41,0.054587430391061384,10.984743818243839,0.975609756097561,0.037713315934689164,0.0012531402932446341
8000,5,full_impact,41,0.06776495517750475,12.842005591496942,0.975609756097561,0.05558781309474235,0.001791278054954536
8000,5,full_impact_flow,41,0.06703182431446855,12.510967137905393,0.975609756097561,0.05352599816745735,0.00156671149589432
8000,5,pretrend_only,41,0.0472278899161486,10.487821907871993,0.975609756097561,0.047077768199132314,0.0005623162713121614
8000,5,residual,41,0.015837520887268412,3.5227339690380797,0.7317073170731707,0.006686025305280407,0.00007254328004089371
8000,5,return_pretrend,41,0.0690942816464878,14.10459334510989,1.0,0.054277044461437586,0.0016449385072340038
8000,5,return_pretrend_flow,41,0.06773820139644084,13.172299886040365,0.975609756097561,0.05542163927608034,0.001683840848985703
8000,10,bar_return,41,0.051208019602002205,13.086480351357325,1.0,0.02869237990797301,0.0007696721782820684
8000,10,components,41,0.05303002273094157,12.859227422629536,1.0,0.03494593934446199,0.0010432259567678844
8000,10,full_impact,41,0.06402727520979434,10.904316554825817,0.975609756097561,0.046911857029697315,0.001146429446960783
8000,10,full_impact_flow,41,0.0628284450779759,10.38539823129246,0.975609756097561,0.04519345536445669,0.0011054208385514552
8000,10,pretrend_only,41,0.03739964996597238,5.319693350926791,0.8536585365853658,0.032055686501735084,0.0001032125339513048
8000,10,residual,41,0.011125495308694805,2.403212560252394,0.5853658536585366,0.005494354675442408,0.00003147103835962956
8000,10,return_pretrend,41,0.06321685840736058,11.208318810253456,0.975609756097561,0.04427634421992199,0.0008920253229190609
8000,10,return_pretrend_flow,41,0.06353620782606585,11.115966986693309,0.975609756097561,0.04648993357390878,0.0010787849467999047
8000,15,bar_return,41,0.05163455190034861,13.960155151247765,0.975609756097561,0.025072971183233806,0.0005429108148267082
8000,15,components,41,0.05069530339453559,12.48074291039962,0.975609756097561,0.0290241344741403,0.0006700410526308258
8000,15,full_impact,41,0.05493909572996598,7.877019317456409,0.9024390243902439,0.03726240234571565,-0.00011538257323737754
8000,15,full_impact_flow,41,0.05247095264029615,7.2057919658223435,0.9024390243902439,0.03503435006014797,-0.0001920057480028079
8000,15,pretrend_only,41,0.028832008155992055,3.1783381216766178,0.8048780487804879,0.028275959065186488,-0.0007847777767267866
8000,15,residual,41,0.017815810028645435,4.343576155728212,0.8292682926829268,0.006082953796612332,0.00004405319195922547
8000,15,return_pretrend,41,0.05471264418467747,7.599299658176641,0.9024390243902439,0.03608868443080814,-0.0002347005817155209
8000,15,return_pretrend_flow,41,0.055140426019861875,7.802958971730573,0.926829268292683,0.03686145793846831,-0.00017239284348287252
8000,30,bar_return,41,0.045621665160018914,13.443506726479423,0.975609756097561,0.020314086919863514,0.0003897445934634716
8000,30,components,41,0.04177749773425102,12.937208594363549,1.0,0.02292696805413531,0.0004955620311367892
8000,30,full_impact,41,0.053490982449064535,5.830523713371793,0.8048780487804879,0.03447055326696234,-0.00033921054468897855
8000,30,full_impact_flow,41,0.05037865493382453,5.555522379535838,0.8292682926829268,0.03245635356481469,-0.000478224058914368
8000,30,pretrend_only,41,0.03360749095112565,2.9052244897423023,0.7560975609756098,0.028268615881736046,-0.0007638891117240758
8000,30,residual,41,0.005733503198518088,1.0550077159350983,0.4634146341463415,0.003409406775305006,8.984885841366883e-6
8000,30,return_pretrend,41,0.052405468443319024,5.188697697359048,0.8048780487804879,0.03410176319298354,-0.0003652116054419494
8000,30,return_pretrend_flow,41,0.05301645240576111,5.5056915377709945,0.8048780487804879,0.03422858440876479,-0.0003898032329776022
