sample,bin_id,buy_minus_sell,gap_standard_error,gap_z,n_buy,n_sell,buy_share
Pooled event bars,0,0.001256591785896962,0.0010807993909402907,1.1626503460588857,2798,2781,0.5015235705323534
Pooled event bars,1,0.0004350372672891883,0.00108780419565457,0.39992240242042004,2808,2770,0.5034062387952671
Pooled event bars,2,0.0014872736432020583,0.0011133909836803352,1.3358053594846322,2775,2803,0.49749013983506635
Pooled event bars,3,0.00099898914447423,0.001112774280659195,0.8977464359460572,2755,2823,0.4939046253137325
Pooled event bars,4,0.0006046609470628257,0.0011277091722899251,0.5361851813575319,2816,2763,0.504749955189102
Pooled event bars,5,0.0005341538084530882,0.00113754099226161,0.46956884374874847,2795,2783,0.5010756543564001
Pooled event bars,6,0.00016359914390239733,0.0011698042047069495,0.13985173180616234,2708,2870,0.4854786661885981
Pooled event bars,7,0.0035497635336287185,0.0011724931874499433,3.02753446384546,2754,2824,0.49372534958766584
Pooled event bars,8,0.0025585929261033903,0.0012087087583570306,2.1167985326599483,2794,2784,0.5008963786303334
Pooled event bars,9,0.0004510001187172513,0.001234074890996964,0.36545603675065846,2769,2810,0.49632550636314754
Pooled event bars,10,0.0018888583403640496,0.0012370468792527094,1.5269092643482474,2785,2793,0.49928289709573326
Pooled event bars,11,0.0018453966597534316,0.001254963985564062,1.4704777834114426,2753,2825,0.49354607386159915
Pooled event bars,12,0.0033584455054829,0.0012782149457244943,2.627449723316549,2723,2855,0.4881678020795984
Pooled event bars,13,0.001108889331621378,0.0013186778775853016,0.8409099374988545,2657,2921,0.47633560415919685
Pooled event bars,14,0.0019856318061901856,0.0013319257734869905,1.490797644820543,2694,2885,0.4828822369600287
Pooled event bars,15,0.004323989804556505,0.001383802375851276,3.124716274530537,2746,2832,0.4922911437791323
Pooled event bars,16,0.001842315306851583,0.0014122906360947752,1.3044873765826979,2657,2921,0.47633560415919685
Pooled event bars,17,0.003560751041454216,0.0014681109677500998,2.425396390104704,2666,2912,0.47794908569379707
Pooled event bars,18,0.0043300457594213915,0.0016192846189506287,2.6740485945129655,2620,2958,0.4697024022947293
Pooled event bars,19,0.006123547571609628,0.002153041564089413,2.8441381131438876,2637,2942,0.47266535221365835
Highest-speed event bars,0,-0.0025996662543308832,0.0024342171155006245,-1.067968110887361,573,568,0.5021910604732691
Highest-speed event bars,1,-0.004323995475076378,0.002460539985885558,-1.757335991237775,595,546,0.5214723926380368
Highest-speed event bars,2,0.00267689113331482,0.002562037783786172,1.0448289054343758,582,559,0.5100788781770377
Highest-speed event bars,3,0.002607666382123005,0.0025507704648120594,1.0223053850183017,586,555,0.5135845749342682
Highest-speed event bars,4,-0.001625928974852274,0.00260562322570805,-0.6240077071812428,608,533,0.5328659070990359
Highest-speed event bars,5,-0.0004477193989213986,0.0027795610124417,-0.16107557881167012,580,561,0.5083260297984225
Highest-speed event bars,6,-0.0032084881489462327,0.002705629021610933,-1.1858566430647972,581,560,0.50920245398773
Highest-speed event bars,7,0.006757561540597069,0.002816672812061922,2.3991290403553305,613,528,0.537248028045574
Highest-speed event bars,8,0.0035546924673063585,0.002874782439644349,1.2365083417394618,603,538,0.5284837861524978
Highest-speed event bars,9,0.00692578181687193,0.0030224792021976356,2.2914241434105533,581,560,0.50920245398773
Highest-speed event bars,10,6.911245992148596e-05,0.002912860568201064,0.02372666260650049,573,567,0.5026315789473684
Highest-speed event bars,11,0.009001820167878115,0.002960693206991609,3.0404434159610063,578,563,0.5065731814198072
Highest-speed event bars,12,0.0020144309260404294,0.0031284788572991723,0.643901083537926,562,579,0.4925503943908852
Highest-speed event bars,13,0.004792516778164883,0.0032196853095056914,1.4885047193946617,586,555,0.5135845749342682
Highest-speed event bars,14,0.0020572784541892444,0.0033442134796835494,0.6151755761668413,560,581,0.49079754601226994
Highest-speed event bars,15,0.0022981736175050616,0.0032522139653344932,0.7066489603701989,512,629,0.44872918492550395
Highest-speed event bars,16,0.008558641254406932,0.0034312018521397802,2.4943566782786495,534,607,0.4680105170902717
Highest-speed event bars,17,0.003941907908707271,0.003869111732565869,1.0188146999035166,528,613,0.46275197195442597
Highest-speed event bars,18,-0.0018096933441887897,0.004280185376069755,-0.422807235010584,532,609,0.4662576687116564
Highest-speed event bars,19,0.0002487461673641167,0.005690589116514459,0.04371184815333779,553,588,0.48466257668711654
Highest-activity time bars,0,0.0027656263810454528,0.0028323991016637492,0.9764253841984789,758,728,0.5100942126514132
Highest-activity time bars,1,-0.0014156407154537233,0.0026220086178017133,-0.5399069651573433,780,705,0.5252525252525253
Highest-activity time bars,2,-0.0010862983883143627,0.002659675888216482,-0.4084326188492124,749,737,0.5040376850605652
Highest-activity time bars,3,0.0019304058459664562,0.002767844201178157,0.6974402118243369,764,721,0.5144781144781144
Highest-activity time bars,4,0.002868121953764128,0.002828235169744868,1.0141030648532874,757,729,0.509421265141319
Highest-activity time bars,5,0.0028793534597402123,0.002814459301306883,1.0230574158251982,768,717,0.5171717171717172
Highest-activity time bars,6,-0.0009175062234332843,0.00285533451542519,-0.3213305546081201,703,782,0.4734006734006734
Highest-activity time bars,7,0.0023004194124794236,0.0029727447477870448,0.7738368436078779,725,761,0.4878869448183042
Highest-activity time bars,8,0.0002708833007296421,0.0029801015420753635,0.09089733920307866,714,771,0.4808080808080808
Highest-activity time bars,9,-0.0018483808948410382,0.00304279054062458,-0.6074624165426876,715,771,0.48115746971736206
Highest-activity time bars,10,0.0020982471178722997,0.0030283670987869423,0.6928641903132496,749,736,0.5043771043771044
Highest-activity time bars,11,-0.000586494416836017,0.0032966539932744636,-0.17790596709042866,734,751,0.49427609427609426
Highest-activity time bars,12,0.0015409511178442054,0.0032588851258107416,0.47284609869789423,712,774,0.4791386271870794
Highest-activity time bars,13,0.0044571898302472185,0.0033594439466741385,1.3267641612713474,742,743,0.49966329966329964
Highest-activity time bars,14,0.005259812004524356,0.0034303150121892875,1.533332065957246,696,790,0.46837146702557203
Highest-activity time bars,15,0.006371272982807277,0.0036076853182998186,1.7660279155970968,741,744,0.498989898989899
Highest-activity time bars,16,0.003920464868443357,0.003911404796121534,1.0023163218316873,695,790,0.468013468013468
Highest-activity time bars,17,0.00466900469589121,0.004113094224996918,1.1351562693399537,682,804,0.458950201884253
Highest-activity time bars,18,-0.002703843612036183,0.00464450443678429,-0.5821597651241001,700,785,0.4713804713804714
Highest-activity time bars,19,0.01581685407292288,0.008922364293693537,1.7727200495615802,709,777,0.4771197846567968
