construction,horizon,target,observations,UTC_day_clusters,joint_high_extreme_coefficient,standard_error,p_value,ci_low,ci_high,r_squared
event_bars,0,normalised_signed_impact,111576,506,0.010048539597850783,0.0014344291232642162,2.465390826577221e-12,0.0072371101778775536,0.012859969017824012,0.18036570639751948
event_bars,1,normalised_post_response_1,111576,506,-0.00010932161716282232,0.001343562786401861,0.9351501254434278,-0.0027426562894787513,0.0025240130551531063,6.834746655248747e-05
event_bars,2,normalised_post_response_2,111576,506,0.0009475795512093091,0.0019431838285679274,0.6258028929100907,-0.002860990768124483,0.0047561498705431015,5.733757395665062e-05
event_bars,3,normalised_post_response_3,111576,506,0.00023047691082312498,0.0023580180791069527,0.9221373298051582,-0.0043911535991208225,0.004852107420767072,2.722929433673915e-05
event_bars,5,normalised_post_response_5,111576,506,-0.0011961598516136746,0.0030277728898200776,0.6927966841395681,-0.007130485669027789,0.004738165965800439,7.05430574007293e-05
event_bars,10,normalised_post_response_10,111576,506,-0.0053916108910012405,0.004284944415768023,0.20829464311398416,-0.01378994762166259,0.003006725839660108,8.063253296874962e-05
event_bars,20,normalised_post_response_20,111576,506,0.001349000129805938,0.006510065838437973,0.835839933483853,-0.01141049445051704,0.014108494710128917,2.8087840128754316e-05
time_bars,0,normalised_signed_impact,148505,517,0.03390470556267934,0.0011291032085226432,4.231588422519965e-198,0.03169170393914634,0.03611770718621234,0.22440298380887502
time_bars,1,normalised_post_response_1,148504,516,5.224519899524029e-07,0.0012490402028151669,0.9996662586492824,-0.002447551360770379,0.002448596264750284,0.00023587887050025014
time_bars,2,normalised_post_response_2,148503,516,-0.0013701640205162802,0.0017229475425743713,0.42647147191022683,-0.00474707915121384,0.0020067511101812792,0.00024239673370418657
time_bars,3,normalised_post_response_3,148502,516,-0.0016380972526466816,0.0020517180166829342,0.4246368232368323,-0.005659390671777183,0.002383196166483819,0.00012973516075875935
time_bars,5,normalised_post_response_5,148500,516,0.0019251025035509082,0.00271856166947291,0.47886283438314436,-0.0034031804583670774,0.007253385465468894,0.0001214440710086695
time_bars,10,normalised_post_response_10,148495,516,0.004238338356440029,0.004188554980661821,0.3115927681045825,-0.0039710785529230045,0.012447755265803061,0.00021015697390247556
time_bars,20,normalised_post_response_20,148485,516,0.006362795182387119,0.005564786248513841,0.25287116643313656,-0.004543985446363768,0.017269575811138006,0.00015324269397176682
