n_events,conditioning_variable,activity_group,bin,mean_abs_condition,mean_signed_response,response_std,mean_price_change_fraction,endpoint_move_probability,observations,response_standard_error
250,sign_bias,lowest activity,0,0.01776144788486699,1.1632439162444662e-05,0.00018461991685866466,0.5274343120410119,0.9819286960313999,36688,9.638657145591852e-07
250,sign_bias,lowest activity,1,0.05191676472409736,3.8717813666744715e-05,0.0001965790528183159,0.5268714667924189,0.9826283520158543,32294,1.0938967138867942e-06
250,sign_bias,lowest activity,2,0.08389377864272711,6.363975948538157e-05,0.00019821977730804122,0.526083365415961,0.9817314332349802,31858,1.110549011599483e-06
250,sign_bias,lowest activity,3,0.11593522372528615,8.583014711092953e-05,0.00019923799695825716,0.523579881440434,0.9816922476586889,30752,1.1361495058000674e-06
250,sign_bias,lowest activity,4,0.14784899730108297,0.00010899626392069487,0.00019899871339300963,0.5210709943734488,0.9829865737419289,29271,1.1631386540503717e-06
250,sign_bias,lowest activity,5,0.18382121336219506,0.00013391419171599665,0.00020221261630431044,0.5169251275270156,0.9822734452699936,34186,1.0936644719484107e-06
250,sign_bias,lowest activity,6,0.21988392607671736,0.00015837750014153934,0.0002048400138140464,0.5117024999370812,0.9817187562367781,25053,1.2941509254887965e-06
250,sign_bias,lowest activity,7,0.25178432481831237,0.00017898832621865437,0.00020429295254825708,0.5069900560508276,0.9817659602245529,22979,1.347683224817412e-06
250,sign_bias,lowest activity,8,0.2838093405800587,0.00019528380579967626,0.0002072889276272564,0.5015450189966736,0.9812899812418835,20791,1.437601163510661e-06
250,sign_bias,lowest activity,9,0.3156517263564229,0.0002148814178008752,0.00020927042673636666,0.4960528366952691,0.9811280291657731,18652,1.5323047805549414e-06
250,sign_bias,lowest activity,10,0.34774349083895856,0.0002340556065781065,0.000212217053061874,0.4891455891066677,0.9799300867888139,16592,1.647520813787407e-06
250,sign_bias,lowest activity,11,0.3834545248098104,0.0002509253253481214,0.00021494242381866278,0.4802993055451053,0.9793346201884864,17614,1.6195454709505792e-06
250,sign_bias,lowest activity,12,0.41936558481322717,0.000263082995423727,0.00021230084336325804,0.4710550714800414,0.9776922403989152,11431,1.9856815795104077e-06
250,sign_bias,lowest activity,13,0.45165208397972906,0.00027700972595754727,0.0002149463993172519,0.46112010353961097,0.9776605646912814,9669,2.185945824046589e-06
250,sign_bias,lowest activity,14,0.4833065721159934,0.0002908061206569557,0.00021838314264833986,0.45227637153654504,0.9772065341268836,7897,2.457468967937022e-06
250,sign_bias,lowest activity,15,0.515339370986333,0.00029812093100764345,0.0002175676668963247,0.44009199981219127,0.9767824798287502,6073,2.7918540700542588e-06
250,sign_bias,lowest activity,16,0.5473750790638837,0.00030692340005417383,0.00021914774044317438,0.4302099818205989,0.9765970904490828,4743,3.182075170572852e-06
250,sign_bias,lowest activity,17,0.5830036429872495,0.00030819470256545896,0.00022298726209007096,0.41336475226955177,0.97632058287796,4392,3.3647196885505308e-06
250,sign_bias,lowest activity,18,0.6189285401139851,0.0002990250020660212,0.00022102603529557347,0.39447399417925977,0.9631740464708461,2281,4.6278661642143365e-06
250,sign_bias,lowest activity,19,0.6511018404907976,0.0003050901575855399,0.00022814934002158904,0.37978909503042846,0.9582822085889571,1630,5.651001396261017e-06
250,sign_bias,lowest activity,20,0.6830401647785788,0.00031239073388906167,0.00022323026573767738,0.3680758047638546,0.9629248197734295,971,7.1638001426149965e-06
250,sign_bias,lowest activity,21,0.7145392491467576,0.00030109414327423174,0.0002252400578702282,0.34314733336074676,0.9675767918088737,586,9.304581027899666e-06
250,sign_bias,lowest activity,22,0.7463917525773196,0.00028744779072725925,0.0002142003162034794,0.330448943540485,0.9381443298969072,291,1.2556644913487201e-05
250,sign_bias,lowest activity,23,0.7815121951219512,0.00028584176271561387,0.00022260757766280758,0.30992261729846216,0.9329268292682927,164,1.7382731414255348e-05
250,trade_imbalance,lowest activity,0,0.016643336004033595,7.753198111444284e-06,0.00020300718413821507,0.5141090195723509,0.9774134605623794,19702,1.4462928856007534e-06
250,trade_imbalance,lowest activity,1,0.04991673431961865,1.9877015192031633e-05,0.00020286847974925222,0.5146017903370168,0.9756382870511647,19662,1.4467741112026222e-06
250,trade_imbalance,lowest activity,2,0.0832044111148437,3.1946489790447426e-05,0.00020409558725333575,0.5142279562925953,0.978076525336091,19340,1.467592149926383e-06
250,trade_imbalance,lowest activity,3,0.11663977381682418,4.4959516277802296e-05,0.00020228230435005124,0.5148390258394553,0.9760790164103091,19439,1.450844716408176e-06
250,trade_imbalance,lowest activity,4,0.15007666705994566,5.757449194638403e-05,0.0002035577123079585,0.5138213409012915,0.9783424466602337,18654,1.4903956529453903e-06
250,trade_imbalance,lowest activity,5,0.18324417747153235,7.393131467038023e-05,0.0002051036303098157,0.5136288248828871,0.9790879582823392,18793,1.4961505291614017e-06
250,trade_imbalance,lowest activity,6,0.21661560424648907,8.363724112861741e-05,0.00020189381319371538,0.513046538294429,0.9773537314251247,18237,1.4950176214813383e-06
250,trade_imbalance,lowest activity,7,0.2498847258659001,9.725722734985885e-05,0.00020354032395327403,0.5121985121998706,0.9780157835400225,17740,1.5281769811940615e-06
250,trade_imbalance,lowest activity,8,0.2832391395214836,0.00011156837872527435,0.000201913693660417,0.5111880276229949,0.9784861455282722,17756,1.515281096532567e-06
250,trade_imbalance,lowest activity,9,0.3164456017962496,0.00012451100827680863,0.00020284979193476203,0.5101317367769757,0.9777882797731569,16928,1.5590919939059834e-06
250,trade_imbalance,lowest activity,10,0.3498747190163901,0.00013570619929517572,0.00020380939695313312,0.5096988297084185,0.9790591992139523,16284,1.5971424657517645e-06
250,trade_imbalance,lowest activity,11,0.38330555889396983,0.00014799037438931718,0.00020035250257893284,0.5073796835248462,0.9792923325663827,16081,1.579931454883186e-06
250,trade_imbalance,lowest activity,12,0.4165571580363386,0.00016437611722516898,0.00020399436256229365,0.5067521886105574,0.9810987573577502,15290,1.6497358917627025e-06
250,trade_imbalance,lowest activity,13,0.4501064524328542,0.0001750488069463689,0.0002002674905701695,0.50434724963988,0.9822080909213908,14782,1.6471906067067513e-06
250,trade_imbalance,lowest activity,14,0.4832807050061061,0.0001917518870488068,0.000200537318802918,0.503881793353777,0.9821211471072016,13983,1.6958796361485835e-06
250,trade_imbalance,lowest activity,15,0.5164669921795558,0.0002032357519310224,0.00019754563885708427,0.5013486283366532,0.9839369601454766,13198,1.7195443612726073e-06
250,trade_imbalance,lowest activity,16,0.5497812234812248,0.00021547099183819908,0.0001990799555802628,0.49931527242158324,0.9818051232942303,12531,1.7784213775898012e-06
250,trade_imbalance,lowest activity,17,0.5830411203601134,0.0002298823462397524,0.00020025256135011496,0.4969049337345931,0.9842050750906266,11586,1.860421362040439e-06
250,trade_imbalance,lowest activity,18,0.616466263680111,0.00024858842610230773,0.00020113349010055816,0.4944272460637306,0.9851498762489688,10909,1.925714580826624e-06
250,trade_imbalance,lowest activity,19,0.6495684905964506,0.00025661988298059454,0.00020022279281198708,0.4902077445584809,0.9861487503763926,9963,2.0059423605208597e-06
250,trade_imbalance,lowest activity,20,0.6829973501475658,0.00027618505588743685,0.0002033203202141201,0.4887477899970675,0.9884826120988482,8943,2.150003513514843e-06
250,trade_imbalance,lowest activity,21,0.7162114078673502,0.0002870444582959988,0.00020075036060967737,0.484190955803774,0.9900364520048602,8230,2.2128726261144134e-06
250,trade_imbalance,lowest activity,22,0.7497123041837331,0.00030303044776438745,0.00020275691325100014,0.47935691093495014,0.9903117101937658,7122,2.4025624563185274e-06
250,trade_imbalance,lowest activity,23,0.7829410052109602,0.0003209744778729364,0.00020455521022447691,0.4752055183387823,0.989100817438692,6239,2.5897214447505464e-06
250,trade_imbalance,lowest activity,24,0.8160894948239704,0.00033816724226124183,0.00020930763007136893,0.4687577081476696,0.9863091842555619,5259,2.8862468698541244e-06
250,trade_imbalance,lowest activity,25,0.8495662641575285,0.0003461143715486593,0.00021160566264649878,0.46298141686592037,0.992283578490475,4147,3.2859448317339268e-06
250,trade_imbalance,lowest activity,26,0.8820668058733451,0.00037199447366266926,0.0002139545476112688,0.4555844292201486,0.9944444444444445,3060,3.867771497141334e-06
250,trade_imbalance,lowest activity,27,0.9152875943379662,0.0003850993654483349,0.00023811114297456147,0.44258909364545757,0.9923625254582484,1964,5.372902726750811e-06
250,trade_imbalance,lowest activity,28,0.9473866721138097,0.00041005518348464137,0.00024583021668953095,0.4265000235734828,0.9935965848452508,937,8.030923121748199e-06
250,trade_imbalance,lowest activity,29,0.9759893478849944,0.0004921135673158383,0.0003371393254359023,0.40793340961611807,0.994413407821229,179,2.5198976297750873e-05
250,sign_bias,highest activity,0,0.01776527983336074,2.2354775762908704e-05,0.000397771478388664,0.6023628582190407,0.9973414460340952,36486,2.082430483659894e-06
250,sign_bias,highest activity,1,0.05186400271747522,7.066950924437414e-05,0.0004753523825791206,0.6018443660074011,0.9965413951764814,32383,2.6415396573252185e-06
250,sign_bias,highest activity,2,0.08391948183896368,0.00011561841196481051,0.00042267466780951043,0.5988800260733051,0.996729743459487,31496,2.3816531799768684e-06
250,sign_bias,highest activity,3,0.1158896890452328,0.0001564891290901526,0.0004594293454377369,0.5970096161368668,0.9966813792187966,30133,2.6466562957781636e-06
250,sign_bias,highest activity,4,0.14790790257578412,0.00019521729146147553,0.00043239330138463073,0.5938896993264806,0.9964604871210794,28535,2.5597056014622764e-06
250,sign_bias,highest activity,5,0.18363070265071826,0.00023553177627806538,0.00043041216335033437,0.5874967079956539,0.9965438480495281,33274,2.3595654575114857e-06
250,sign_bias,highest activity,6,0.21975519407311966,0.00028369246258219027,0.0004306832011111851,0.5833506355911647,0.9968593976485747,24836,2.7328582550516516e-06
250,sign_bias,highest activity,7,0.25185302069943705,0.0003243063011494833,0.0004374120093547863,0.5792328482406199,0.996454057887505,22561,2.9121351733009276e-06
250,sign_bias,highest activity,8,0.28365509076558804,0.0003502706736953075,0.00044160152117420423,0.5702454648903428,0.9967936069455406,20272,3.101574818180415e-06
250,sign_bias,highest activity,9,0.3156549264378065,0.00038586355213208844,0.0004491755034065532,0.5638689398700464,0.9972692822113242,17944,3.353176647297783e-06
250,sign_bias,highest activity,10,0.3477546680169631,0.00042340966227794095,0.0004450101909191479,0.5573559507985737,0.9976580796252927,15799,3.5404230296578947e-06
250,sign_bias,highest activity,11,0.3833632928318121,0.00045212381149889415,0.0005196153648682755,0.54643899707895,0.9972094645660136,17201,3.961914842994189e-06
250,sign_bias,highest activity,12,0.41979071639388243,0.0004924283611091886,0.0004524199422024244,0.5382643174432817,0.9965119398980413,11181,4.278597333679084e-06
250,sign_bias,highest activity,13,0.45158397271952255,0.0005066906215494786,0.00044214124128909304,0.5268199824019009,0.9966965046888321,9384,4.564224802132462e-06
250,sign_bias,highest activity,14,0.48347908196721306,0.0005473234938787679,0.00045633764715827734,0.5188876160379221,0.9976393442622951,7625,5.225963532950786e-06
250,sign_bias,highest activity,15,0.5153524283935244,0.0005463469027039581,0.0004977927106716987,0.5046718630437066,0.9959526774595268,6424,6.210774578017408e-06
250,sign_bias,highest activity,16,0.5474038807761553,0.0005667873140080632,0.0005265092164330402,0.4936915093862146,0.9953990798159632,4999,7.446709454123051e-06
250,sign_bias,highest activity,17,0.582875104777871,0.0005946174258950612,0.0005175737774215561,0.477869567120115,0.9937133277451802,4772,7.492418843375203e-06
250,sign_bias,highest activity,18,0.6192621072088724,0.0005906515178471656,0.00045355159840287137,0.4614673110185659,0.9944547134935305,2705,8.720533747460148e-06
250,sign_bias,highest activity,19,0.6513471183457985,0.0006079435296996144,0.0004552293399935096,0.44821962729934256,0.9881214254289485,2273,9.548398307924633e-06
250,sign_bias,highest activity,20,0.6830816206694069,0.0006250597866954506,0.0004820249154382337,0.42688192582426004,0.9864944216089254,1703,1.1680519616958773e-05
250,sign_bias,highest activity,21,0.715328370554177,0.000585136241939974,0.0004568850141362537,0.4041642168342518,0.9776674937965261,1209,1.3139951522241342e-05
250,sign_bias,highest activity,22,0.7475722160970232,0.0006071178986198102,0.0005103843218598273,0.38027302152380194,0.9702315325248071,907,1.694703325226188e-05
250,sign_bias,highest activity,23,0.7828671023965141,0.0005649097942339082,0.0005015235186442011,0.3461208669099054,0.9433551198257081,918,1.6552742657685735e-05
250,sign_bias,highest activity,24,0.8192941176470587,0.0005688148724070641,0.0005235516626204519,0.3246991762114873,0.9240986717267552,527,2.2806268630937605e-05
250,sign_bias,highest activity,25,0.8511183294663573,0.0005412051063682908,0.0005006780862394362,0.29262292790652167,0.8816705336426914,431,2.4116814807810122e-05
250,sign_bias,highest activity,26,0.8839254658385094,0.00052519969492687,0.0005232038456126697,0.2555064980418569,0.8850931677018633,322,2.915701038955794e-05
250,sign_bias,highest activity,27,0.9152439862542956,0.0003926109584434173,0.0004162244479235274,0.1983742530258491,0.8006872852233677,291,2.4399509251532482e-05
250,sign_bias,highest activity,28,0.9475164835164835,0.0003782195714065336,0.0004736043786547575,0.16902775938920517,0.7252747252747253,182,3.510589220455444e-05
250,sign_bias,highest activity,29,0.9822857142857143,0.0002861441179890891,0.00041933587002677486,0.10486390004462293,0.626984126984127,126,3.735740846726094e-05
250,trade_imbalance,highest activity,0,0.016764005003582043,1.2518463140811407e-05,0.0004142645608132682,0.5915279392548847,0.996103757472246,18736,3.0264906972838397e-06
250,trade_imbalance,highest activity,1,0.04990733810629114,3.7747982207054076e-05,0.00041629651885751015,0.591309990746856,0.996810465996324,18498,3.0608383331005115e-06
250,trade_imbalance,highest activity,2,0.08333457853570646,5.3311658288618526e-05,0.0004209040426444721,0.5916372376853919,0.9969567538707955,18730,3.0754892145707025e-06
250,trade_imbalance,highest activity,3,0.11661781682444838,8.731507528369536e-05,0.0004123548097448148,0.5897439223892447,0.9960697749542371,18574,3.025647600173415e-06
250,trade_imbalance,highest activity,4,0.15013904114579385,0.00010523397339701631,0.0004109321583976799,0.5882524028823513,0.9952564809707667,18130,3.05190652126291e-06
250,trade_imbalance,highest activity,5,0.18329189754911318,0.0001286629108836983,0.00042386639907612556,0.5883448022107924,0.9953216374269006,17955,3.1632701678161244e-06
250,trade_imbalance,highest activity,6,0.2165651819182188,0.00015614369069797004,0.00041876882166250163,0.5870573461126528,0.9969894916216984,17605,3.156140478594834e-06
250,trade_imbalance,highest activity,7,0.24995770439629864,0.00018332826773113462,0.00043771830078793007,0.5870169025503804,0.9959344871645952,17218,3.33582572015656e-06
250,trade_imbalance,highest activity,8,0.2833486463490797,0.00020524643377333484,0.0004319964905632674,0.58511265045976,0.9959744257636751,16892,3.323836727450942e-06
250,trade_imbalance,highest activity,9,0.31666000293181207,0.00022963007432361414,0.00042969423448632955,0.5812476720251815,0.9964719248938587,16723,3.3227864562456148e-06
250,trade_imbalance,highest activity,10,0.3500195526518619,0.00025106012830390445,0.00041550743780395413,0.582108288028513,0.9971713196408806,16262,3.258305668245612e-06
250,trade_imbalance,highest activity,11,0.3833106891748665,0.0002783095497489171,0.00042771188735305827,0.5789591952253028,0.9962655334492305,15531,3.4320342313053817e-06
250,trade_imbalance,highest activity,12,0.4164675362329565,0.00030298928745710324,0.0004370935855988719,0.5755666917309431,0.9966636137642287,15286,3.535310031702871e-06
250,trade_imbalance,highest activity,13,0.4499149753170489,0.00032240286412377997,0.00043190664276054983,0.5739624474576703,0.9971710480921825,14493,3.5876555303652103e-06
250,trade_imbalance,highest activity,14,0.4832353910358103,0.0003415027105051646,0.0004140620411211235,0.5714926603598786,0.9961894008891398,14171,3.4782850460703986e-06
250,trade_imbalance,highest activity,15,0.5165476610231065,0.00036627715458805094,0.0004175191010794634,0.5684521138902635,0.9971241058918959,13561,3.585341192573368e-06
250,trade_imbalance,highest activity,16,0.5497836327133458,0.0003932082516198711,0.0004104527861619166,0.5654660874826124,0.996769618657422,12692,3.6433272014842867e-06
250,trade_imbalance,highest activity,17,0.5832670942115494,0.00041775265517072715,0.00041535394158083357,0.561778532292927,0.9961089494163424,12079,3.779225841117453e-06
250,trade_imbalance,highest activity,18,0.6165828629657684,0.0004473577756571202,0.0004113727729167801,0.5584569482456909,0.9972154854935776,11133,3.898786374299391e-06
250,trade_imbalance,highest activity,19,0.6499494026815722,0.00047657377250426476,0.0004740634041086821,0.5542618120433175,0.9969650986342944,10544,4.616722087107032e-06
250,trade_imbalance,highest activity,20,0.6829870374918418,0.000507042591667944,0.0005733577553260921,0.5489131879046376,0.9965880893300249,9672,5.829986475706836e-06
250,trade_imbalance,highest activity,21,0.7163184562939554,0.000525480944471033,0.0005733303768513929,0.5449409976744218,0.9952639482499711,8657,6.161993614256055e-06
250,trade_imbalance,highest activity,22,0.7496105050261902,0.0005634164621989388,0.0004243025753552398,0.5391174338433113,0.9956772334293948,7634,4.85623382900541e-06
250,trade_imbalance,highest activity,23,0.7830502083399465,0.0006062578962348899,0.0005756708650746701,0.5309227149525213,0.9958828911253431,6558,7.10867311384028e-06
250,trade_imbalance,highest activity,24,0.8161708202646485,0.0006443753564061266,0.0004524432354979207,0.5215931647173857,0.9952978056426333,5742,5.970799741703403e-06
250,trade_imbalance,highest activity,25,0.8494426001201419,0.0006669907202938765,0.0004879958660488285,0.5071477620325864,0.992115341293084,4439,7.32442557614199e-06
250,trade_imbalance,highest activity,26,0.8824438371766693,0.000714119295686159,0.0005519027394498123,0.49220686974818073,0.9897107897664071,3596,9.20349346383636e-06
250,trade_imbalance,highest activity,27,0.9157972453783513,0.0007349646015249868,0.0005396293397507757,0.4639645286347703,0.9791907514450867,2595,1.0593192715851388e-05
250,trade_imbalance,highest activity,28,0.9487869473511099,0.0007643068900118977,0.0006267299517234887,0.42279243556504503,0.9667721518987342,1896,1.4393330037603345e-05
250,trade_imbalance,highest activity,29,0.9830603183513112,0.0006684700805009227,0.0005910218076333141,0.3129031159332782,0.8966846569005397,1297,1.641094227306938e-05
1000,sign_bias,lowest activity,0,0.016434018595922546,3.558687342810806e-05,0.00041869899609789466,0.5245585942506525,0.9976968352810714,11723,3.867074483764955e-06
1000,sign_bias,lowest activity,1,0.04993195441114394,0.00011086069866207376,0.00042956618691203255,0.5231774619702015,0.9980582524271845,11845,3.946958465205435e-06
1000,sign_bias,lowest activity,2,0.0840628244138178,0.00017304145758034484,0.00043270518137791743,0.5209193442592405,0.9972257025237158,11174,4.09343371384617e-06
1000,sign_bias,lowest activity,3,0.11681070589437123,0.00023621475362902244,0.0004344952392796303,0.5180597903041463,0.998467667790377,9789,4.39153004174346e-06
1000,sign_bias,lowest activity,4,0.14978030625265845,0.00029246201948078434,0.00044523201376422955,0.5125647766013568,0.998192258613356,9404,4.591240829258378e-06
1000,sign_bias,lowest activity,5,0.18384184711089843,0.0003501599804120436,0.00044541316659380844,0.5066280540619575,0.9984447900466563,8359,4.871760032668057e-06
1000,sign_bias,lowest activity,6,0.2164427434170239,0.0003900616656910524,0.0004440871913331644,0.4989629862563114,0.998162890385793,6532,5.494714845080451e-06
1000,sign_bias,lowest activity,7,0.24969148199445984,0.0004376810847630517,0.00045008166020217723,0.49150535577128374,0.9974030470914127,5776,5.922127107923384e-06
1000,sign_bias,lowest activity,8,0.2832328178694158,0.00047064893539530656,0.00044187245936223564,0.481792144378055,0.9980670103092784,4656,6.475755577305223e-06
1000,sign_bias,lowest activity,9,0.31658562605277935,0.0005051700347214205,0.00045647301602795597,0.4698269296809443,0.9966311061201573,3562,7.648357017362361e-06
1000,sign_bias,lowest activity,10,0.3493178122690318,0.0005221278319426301,0.0004474314566607898,0.45953196359700427,0.9992609016999261,2706,8.601270734286434e-06
1000,sign_bias,lowest activity,11,0.3829894636015326,0.0005623841863233097,0.00046157594325361355,0.4480443086764926,0.9976053639846744,2088,1.0101315100415619e-05
1000,sign_bias,lowest activity,12,0.4160810600155885,0.0005431223228162579,0.00041380097193915744,0.4338492818617526,0.9984411535463756,1283,1.1552558548823697e-05
1000,sign_bias,lowest activity,13,0.44855,0.0005458861147007043,0.00043473214678030423,0.41717005467005464,0.9980769230769231,1040,1.3480471610822963e-05
1000,sign_bias,lowest activity,14,0.4827294469357249,0.0005882094184245307,0.0004555663500627338,0.4047964257231821,0.9970104633781763,669,1.7613212669819467e-05
1000,sign_bias,lowest activity,15,0.5160456621004567,0.0005205583641561249,0.0004091514744842245,0.3807757529218716,0.9908675799086758,438,1.9550013667830594e-05
1000,sign_bias,lowest activity,16,0.5483648648648649,0.0005483520499575367,0.0004123185326054666,0.37014379244108975,0.9966216216216216,296,2.396552791285098e-05
1000,sign_bias,lowest activity,17,0.5821020408163265,0.0005985451549750772,0.0003974224755400469,0.3567036424179281,0.9948979591836735,196,2.838731968143192e-05
1000,trade_imbalance,lowest activity,0,0.016513236662277535,1.4059099381258203e-05,0.0004172271861909732,0.5109803284919684,0.9963786859803414,7732,4.744895764060569e-06
1000,trade_imbalance,lowest activity,1,0.049846727140902,6.337776559226467e-05,0.000418056593305797,0.5119131920645688,0.9975205533081039,7663,4.7756849017043105e-06
1000,trade_imbalance,lowest activity,2,0.08317222025753607,0.00010140186226518623,0.00042218577641948594,0.5113146108724295,0.9975881012997454,7463,4.887051063515067e-06
1000,trade_imbalance,lowest activity,3,0.11657992372910017,0.00014319893389295248,0.00041485805962637853,0.5092286404845423,0.9971671388101983,7413,4.81839646644884e-06
1000,trade_imbalance,lowest activity,4,0.14990212789903803,0.000184986424579247,0.00041266512262198564,0.5108132343018369,0.9975930907546369,7063,4.910244997591795e-06
1000,trade_imbalance,lowest activity,5,0.18298589506807036,0.0002197880567833301,0.00041595641998824713,0.5081232689574651,0.997041857713356,6761,5.058740056412776e-06
1000,trade_imbalance,lowest activity,6,0.21645537863447917,0.00027303413329000324,0.0004193736571959635,0.5074664192311251,0.9980607627666451,6188,5.331212509178524e-06
1000,trade_imbalance,lowest activity,7,0.24978096791011067,0.0002970977308428068,0.000417214757553153,0.5063437838934074,0.9984599589322382,5844,5.457635890571557e-06
1000,trade_imbalance,lowest activity,8,0.28305089824902085,0.00034679488267899753,0.00041783788372288204,0.5038978934457067,0.9977761304670126,5396,5.688160507089597e-06
1000,trade_imbalance,lowest activity,9,0.3159016464027082,0.00038734476691795413,0.00041347400647831327,0.5028463237024812,0.9973625481842159,4929,5.889369504929804e-06
1000,trade_imbalance,lowest activity,10,0.34940125342752404,0.0004144650743890185,0.000418317190332388,0.49969156111662255,0.9993299084208175,4477,6.2519020420969995e-06
1000,trade_imbalance,lowest activity,11,0.3828887889859591,0.00046398836565251275,0.0004044359878890925,0.49612888840849195,0.9994783515910276,3834,6.531662546651083e-06
1000,trade_imbalance,lowest activity,12,0.41628106951176014,0.0004887892578448718,0.00041867531139199555,0.49396401146104585,0.9991103202846975,3372,7.20997184874277e-06
1000,trade_imbalance,lowest activity,13,0.44976006939063023,0.0005381453180231181,0.00042130369325732317,0.4929723341100379,0.9989594172736732,2883,7.846445184280615e-06
1000,trade_imbalance,lowest activity,14,0.48274167544658636,0.0005654375556714588,0.0004300830982551027,0.48896640108041534,0.9996041171813144,2526,8.557279209896775e-06
1000,trade_imbalance,lowest activity,15,0.5161983245813302,0.0005897596243340962,0.0004291363656495977,0.4856414031218719,0.99951171875,2048,9.482663568893135e-06
1000,trade_imbalance,lowest activity,16,0.5496944136356334,0.0006471263204373397,0.00043442678692247024,0.4843043880700785,0.9982068141063957,1673,1.0621078670802209e-05
1000,trade_imbalance,lowest activity,17,0.5825950828016117,0.0006750893753112287,0.0004436982794764682,0.47723305574545244,0.9992486851990984,1331,1.2161824075617296e-05
1000,trade_imbalance,lowest activity,18,0.6158213103665937,0.0006930946199841761,0.0004524127024709923,0.473965666911725,0.9979253112033195,964,1.4571232008229861e-05
1000,trade_imbalance,lowest activity,19,0.6492159598697371,0.0007441679122408858,0.00043121092638365253,0.46924673017388246,1.0,755,1.5693372416137537e-05
1000,trade_imbalance,lowest activity,20,0.682618041563529,0.000762812995358037,0.0004334319059209983,0.4623131418711529,0.996316758747698,543,1.860034342295234e-05
1000,trade_imbalance,lowest activity,21,0.7158680231957025,0.000764330745701005,0.0004303629213421733,0.4507466045927584,0.9940828402366864,338,2.340865692710027e-05
1000,trade_imbalance,lowest activity,22,0.7489077583946572,0.0008231564428125359,0.000474485975901066,0.45435347628330086,1.0,228,3.142360140272732e-05
1000,trade_imbalance,lowest activity,23,0.7814219474650067,0.0007996138646573444,0.0004505776363499597,0.43368693368693373,0.9935064935064936,154,3.6308580644707444e-05
1000,sign_bias,highest activity,0,0.016451585113714678,6.740365564952814e-05,0.0008679520590165343,0.6036293874853489,0.9989662301860786,11608,8.055955119254701e-06
1000,sign_bias,highest activity,1,0.049968940368940375,0.00020189108863764797,0.0008762556866565972,0.6017823056862096,0.9988845988845989,11655,8.116610592847117e-06
1000,sign_bias,highest activity,2,0.08377242614145032,0.0003504464036265301,0.0009103496272050937,0.5987076602116889,0.999104744852283,11170,8.61353915281138e-06
1000,sign_bias,highest activity,3,0.11669879518072289,0.00046533042506110054,0.0009078564062572896,0.5949890918185148,0.9992601986894948,9462,9.333095090014224e-06
1000,sign_bias,highest activity,4,0.1496865075078319,0.0005848890679991508,0.0009158732679777533,0.5884098422717846,0.9992438154909798,9257,9.519195613305007e-06
1000,sign_bias,highest activity,5,0.18341733821733822,0.0006898224649201217,0.0009329863828397043,0.5795397350952907,0.9987789987789988,8190,1.0309399143093335e-05
1000,sign_bias,highest activity,6,0.21672227151730256,0.0007326848400014466,0.0008874210327233164,0.5695060632948832,0.9995563442768411,6762,1.079175642340566e-05
1000,sign_bias,highest activity,7,0.24944140493076664,0.0008280151988132965,0.0008690913768775499,0.5600526227003768,0.9988179669030733,5922,1.1293569773584432e-05
1000,sign_bias,highest activity,8,0.2834495683301748,0.0009037753814983538,0.0009161693019067679,0.5485845921727159,0.9993682880606444,4749,1.3294580895494474e-05
1000,sign_bias,highest activity,9,0.3165967007963595,0.0009475182142078554,0.0008857530486072783,0.5371178914978687,0.9991467576791809,3516,1.4937854418537935e-05
1000,sign_bias,highest activity,10,0.3494008321775312,0.000981285209327821,0.0008947225726719882,0.5217290799815072,0.9996532593619972,2884,1.6660604929143076e-05
1000,sign_bias,highest activity,11,0.3833842340109073,0.001051576297839065,0.0009206662405912279,0.5083586313135148,0.9980168567178979,2017,2.0499783262629067e-05
1000,sign_bias,highest activity,12,0.41633237410071944,0.001048240859408397,0.000977834279324808,0.4936303209684505,0.9985611510791367,1390,2.622755810572095e-05
1000,sign_bias,highest activity,13,0.44891341579448146,0.0010844303036336986,0.001164410876701238,0.47607931432860073,0.9980970504281637,1051,3.5917400347813916e-05
1000,sign_bias,highest activity,14,0.4823636363636364,0.0010278503047825782,0.0010732095317473103,0.45716455091455094,0.9985795454545454,704,4.044810611635046e-05
1000,sign_bias,highest activity,15,0.5161434599156118,0.001112544233444617,0.0010729895088616025,0.4387362045589894,0.9978902953586498,474,4.92840403923914e-05
1000,sign_bias,highest activity,16,0.5475632911392405,0.0011752017384105053,0.001028597471343712,0.42704413274033526,0.9968354430379747,316,5.7863128496595645e-05
1000,sign_bias,highest activity,17,0.5829117647058822,0.0010084396616133774,0.0014506154555163934,0.39894796757541856,1.0,204,0.00010156339659714125
1000,sign_bias,highest activity,18,0.6156978417266187,0.0011925341113946848,0.0020633761517865707,0.3784864000691339,0.9856115107913669,139,0.00017501328097110287
1000,sign_bias,highest activity,19,0.6491698113207547,0.0012536441188892085,0.0013589054374154234,0.3522107012673051,0.9811320754716981,106,0.00013198856396420147
1000,trade_imbalance,highest activity,0,0.016864697169816704,4.6371864147655594e-05,0.0008479072512613096,0.5988664764426069,0.9992310058443555,6502,1.051537746069081e-05
1000,trade_imbalance,highest activity,1,0.04986384919405997,0.00011604049903470713,0.0008520958731370832,0.5951501337556555,0.9989081266573078,6411,1.064205682297241e-05
1000,trade_imbalance,highest activity,2,0.08331941501117643,0.00017699815799041525,0.0008710265717277962,0.5936894588684454,0.9987602665426933,6453,1.0843027802348278e-05
1000,trade_imbalance,highest activity,3,0.11661325914763374,0.0002561609278992198,0.0009014768705332257,0.5913748833716498,0.9991915925626516,6185,1.1462642200896287e-05
1000,trade_imbalance,highest activity,4,0.14989044276878496,0.0003367338337048759,0.0008248348998498798,0.5908079217961417,0.9988547120418848,6112,1.0550556206107795e-05
1000,trade_imbalance,highest activity,5,0.18361209075471968,0.00041710612036224316,0.0008260771712000117,0.5888316523830542,0.9986406117247238,5885,1.0768305966409224e-05
1000,trade_imbalance,highest activity,6,0.21673482169296726,0.0004927786661140148,0.0008715983233950096,0.5864540834456599,0.9991404504039884,5817,1.1427911126505829e-05
1000,trade_imbalance,highest activity,7,0.24997817481517248,0.0005779109216130865,0.0008237779883940554,0.5826901008968712,0.9992680695333943,5465,1.1143332775904126e-05
1000,trade_imbalance,highest activity,8,0.2833617670465817,0.0006207786719791366,0.0008702878538910623,0.5785690488660786,0.9992383853769993,5252,1.2008826316000803e-05
1000,trade_imbalance,highest activity,9,0.3163772463427787,0.0007087532384431488,0.0007991807171703204,0.5752964991543671,0.9990238188207732,5122,1.1166709276915027e-05
1000,trade_imbalance,highest activity,10,0.34989831081198586,0.0007858326426414238,0.000832102286937516,0.5709624161417161,0.9987116169207645,4657,1.2193365627534649e-05
1000,trade_imbalance,highest activity,11,0.3832340031125208,0.0008180092648434386,0.0008119856127214047,0.5672922688825401,0.9985968194574368,4276,1.2417366110387505e-05
1000,trade_imbalance,highest activity,12,0.4164042598738252,0.0008944203527878251,0.0008232232627470183,0.5638935165876728,0.9992410827219833,3953,1.309345400963068e-05
1000,trade_imbalance,highest activity,13,0.4497801555584392,0.0009450849245941597,0.0008172787814518778,0.5576711425057754,0.9983866630814735,3719,1.3401614911251855e-05
1000,trade_imbalance,highest activity,14,0.48316792023188065,0.0010040089869596525,0.0007986214768874529,0.5546993174774293,0.9993986770895971,3326,1.3847770674719455e-05
1000,trade_imbalance,highest activity,15,0.5162973001369128,0.0010910253967503667,0.0008343028339644755,0.5486673293011322,0.9985915492957746,2840,1.5655413710184297e-05
1000,trade_imbalance,highest activity,16,0.5497272857248537,0.001140148392635173,0.0008132874876732367,0.5437451400834138,0.999128160418483,2294,1.698037917931066e-05
1000,trade_imbalance,highest activity,17,0.5827647106036953,0.0011953472043915985,0.0008691405138577944,0.5367128632838678,0.9985155863433943,2021,1.933333773462063e-05
1000,trade_imbalance,highest activity,18,0.6165452947402211,0.0012702986122503266,0.0008665299461495306,0.5357488531788787,0.9993638676844784,1572,2.1855326814337948e-05
1000,trade_imbalance,highest activity,19,0.6490929944054177,0.001328619919774488,0.0009392500990449733,0.5270772417153996,0.9983552631578947,1216,2.6934843845050042e-05
1000,trade_imbalance,highest activity,20,0.68270441776851,0.0013773540900769454,0.0009390388821823658,0.5176827659012933,0.996437054631829,842,3.236141698204631e-05
1000,trade_imbalance,highest activity,21,0.7159376549198438,0.0014670496810810325,0.0009349347659452885,0.511830607900477,1.0,687,3.5669986171823314e-05
1000,trade_imbalance,highest activity,22,0.7484612953699837,0.0015579410340029484,0.001040134811377706,0.5060193526860194,0.9977777777777778,450,4.903242523155776e-05
1000,trade_imbalance,highest activity,23,0.7827736787437136,0.0016194097002777197,0.0011554964408470412,0.49051909051909054,0.9964285714285714,280,6.905412020422252e-05
1000,trade_imbalance,highest activity,24,0.8148850718613486,0.0017464683713085873,0.00126643657148775,0.4582175758646347,0.9946524064171123,187,9.261101416350991e-05
1000,trade_imbalance,highest activity,25,0.8496979251583346,0.0019014090533665301,0.0016235140115755757,0.4415075452811302,0.9905660377358491,106,0.00015768962067822843
4000,sign_bias,lowest activity,0,0.01646757075471698,7.833500207822217e-05,0.0009301612291775977,0.5163905363133237,1.0,4240,1.42848375238016e-05
4000,sign_bias,lowest activity,1,0.04959044455799694,0.0002648303963322081,0.0009489220588866596,0.5162269105855922,0.9994890137966275,3914,1.5167714025479815e-05
4000,sign_bias,lowest activity,2,0.08273767066035106,0.00038692711275164593,0.0009049261340772297,0.5124435190714647,1.0,3589,1.5105197274887857e-05
4000,sign_bias,lowest activity,3,0.11634507523939808,0.0005470398832073565,0.0009269166619451803,0.5064558718338956,0.9996580027359782,2924,1.714162558507518e-05
4000,sign_bias,lowest activity,4,0.14926560612162706,0.0006449642755840719,0.000903594689264448,0.49886515124552383,1.0,2483,1.8133653377172208e-05
4000,sign_bias,lowest activity,5,0.18269208132691278,0.0007002888534950546,0.0008739954327449127,0.489161214862303,0.9989299090422686,1869,2.0216432144581876e-05
4000,sign_bias,lowest activity,6,0.215900153609831,0.0007765018185899816,0.0009007299589628124,0.47864154978836876,0.999231950844854,1302,2.496255965985869e-05
4000,sign_bias,lowest activity,7,0.24843179433368312,0.0007997321852304615,0.0008715331917414489,0.46676621936176593,1.0,953,2.8231729307139556e-05
4000,sign_bias,lowest activity,8,0.2826287375415283,0.0008375390402705564,0.0008008699248687554,0.456529414745713,0.9966777408637874,602,3.264102132829633e-05
4000,sign_bias,lowest activity,9,0.31580589680589677,0.0008455276738106057,0.0008060202354806146,0.443264993152465,1.0,407,3.9952939761521646e-05
4000,sign_bias,lowest activity,10,0.34788490566037733,0.0008574534989697877,0.0007358222127739444,0.4234539767017226,1.0,265,4.520119921649867e-05
4000,sign_bias,lowest activity,11,0.38237640449438204,0.0008496124404355449,0.0008033259087409124,0.4133322656506824,1.0,178,6.021182251927113e-05
4000,trade_imbalance,lowest activity,0,0.016648646011138003,7.046962973863451e-05,0.0007807514128543333,0.5058878434886499,0.9989583333333333,2880,1.4548443605594102e-05
4000,trade_imbalance,lowest activity,1,0.05018767636420609,0.00019622122615143257,0.0008011966283198771,0.5080633365888643,1.0,2862,1.4976291970474016e-05
4000,trade_imbalance,lowest activity,2,0.08316840141728815,0.00034158891427245845,0.000791673446125629,0.506194385065152,0.9996382054992764,2764,1.5058338619368116e-05
4000,trade_imbalance,lowest activity,3,0.1167210706349645,0.0004306961607115743,0.000784561397161307,0.5037621381508391,0.9996155324875048,2601,1.538355680708445e-05
4000,trade_imbalance,lowest activity,4,0.1499887978513185,0.0005554485589869268,0.0007898533233257453,0.5004892790789067,0.9991193306913254,2271,1.6574402555310657e-05
4000,trade_imbalance,lowest activity,5,0.18338459493619533,0.0006671583166606837,0.0007862677032359039,0.5008841851897237,1.0,2008,1.754642250730082e-05
4000,trade_imbalance,lowest activity,6,0.21639512278605683,0.0007732945386082102,0.0008384825649111836,0.5005663755414007,1.0,1791,1.9812817699757334e-05
4000,trade_imbalance,lowest activity,7,0.24954889271909475,0.00089571434053234,0.0008265846820820944,0.4934883009851989,1.0,1477,2.150785526151808e-05
4000,trade_imbalance,lowest activity,8,0.2828586902043872,0.0010020208427242577,0.0007769363976552946,0.49238018428710595,0.9991659716430359,1199,2.2437572853682102e-05
4000,trade_imbalance,lowest activity,9,0.31604542217729475,0.0010313994605627586,0.0007566418698539333,0.4914163208873873,1.0,949,2.4561634462661564e-05
4000,trade_imbalance,lowest activity,10,0.34921261886361016,0.0011326818977840253,0.0007992412516066583,0.4870707038461743,1.0,705,3.0101166968490322e-05
4000,trade_imbalance,lowest activity,11,0.3826397690598624,0.00124406228296172,0.0007663190532549705,0.48366810578146546,1.0,498,3.433957788325286e-05
4000,trade_imbalance,lowest activity,12,0.4159637688409987,0.001354639015776632,0.0007667369697334216,0.4787878651344518,1.0,333,4.2016927117917626e-05
4000,trade_imbalance,lowest activity,13,0.4489818129295896,0.0013918311249940614,0.0008716967210030107,0.48099770040549356,1.0,255,5.4587766115135975e-05
4000,trade_imbalance,lowest activity,14,0.4811720543508301,0.0014744344066582285,0.0008041951676355083,0.4737529209888679,1.0,145,6.678477359234963e-05
4000,sign_bias,highest activity,0,0.0165716136631331,0.00013576617998681012,0.001951433502342573,0.6046526943867887,0.9997644287396937,4245,2.9951247052757455e-05
4000,sign_bias,highest activity,1,0.04956371087928465,0.0006022526444078765,0.002045688214305051,0.6000999753167303,0.9995032290114257,4026,3.224055860268339e-05
4000,sign_bias,highest activity,2,0.08316374604998564,0.0008699850402778354,0.0020304792328607307,0.5948478645085,0.9994254524561907,3481,3.4414902251876794e-05
4000,sign_bias,highest activity,3,0.11644618528610355,0.0010974052506919328,0.0019043059729101205,0.5848680324031962,0.9989782016348774,2936,3.5144608030113435e-05
4000,sign_bias,highest activity,4,0.14932899159663868,0.0013668684799165488,0.0019664451994316,0.579598471046333,1.0,2380,4.0308196730737774e-05
4000,sign_bias,highest activity,5,0.1829661487236404,0.001537415040179227,0.0020435720126047103,0.5671841101229803,0.9994450610432852,1802,4.814071684749987e-05
4000,sign_bias,highest activity,6,0.21639095127610208,0.0016758791154522635,0.0018925498829883384,0.5521653035068511,0.9992266047950503,1293,5.2631781790533974e-05
4000,sign_bias,highest activity,7,0.24969475277497477,0.0016824236991627333,0.001872190901265372,0.5376932023116778,1.0,991,5.9472103974393876e-05
4000,sign_bias,highest activity,8,0.2824917168674699,0.0017663313016918689,0.0020732540438258102,0.5286570136510031,1.0,664,8.045786080190916e-05
4000,sign_bias,highest activity,9,0.3149209302325581,0.0019385694338742928,0.0023362715938729283,0.5139627930238374,0.9976744186046511,430,0.00011266502067858479
4000,sign_bias,highest activity,10,0.3487056856187291,0.0018813360308173631,0.0017336188882599245,0.4940925866918235,1.0,299,0.00010025776894194272
4000,sign_bias,highest activity,11,0.3831807228915663,0.0017241096492498448,0.0016833742113710538,0.4741275680365875,1.0,166,0.0001306551779116127
4000,trade_imbalance,highest activity,0,0.01681388694488913,0.0001304473109261664,0.0015588800148146809,0.5967381435951322,0.9995644599303136,2296,3.253319733484239e-05
4000,trade_imbalance,highest activity,1,0.049783641048835,0.00040616789489266044,0.0015902708080606262,0.5983784971166272,0.9995627459554001,2287,3.325354916584042e-05
4000,trade_imbalance,highest activity,2,0.08321699141936748,0.0007009375048313581,0.0016041019019962053,0.5946876195151729,0.9995404411764706,2176,3.438765082709457e-05
4000,trade_imbalance,highest activity,3,0.11616588826984865,0.0008649133448934951,0.0016113786778018224,0.590626501880262,0.9990649836372136,2139,3.484112906545313e-05
4000,trade_imbalance,highest activity,4,0.15007905208731165,0.0011285426541388782,0.0016843384626071285,0.5885230566900984,1.0,2025,3.742974361349174e-05
4000,trade_imbalance,highest activity,5,0.1834408481950709,0.0014249480661760465,0.0016732821437385156,0.5851009892303584,0.9989406779661016,1888,3.850952675270429e-05
4000,trade_imbalance,highest activity,6,0.21657623184785718,0.0015387800541165216,0.0015776463087183428,0.5810457828507621,0.9989023051591658,1822,3.6960297589728655e-05
4000,trade_imbalance,highest activity,7,0.24959285310692197,0.0017268105797766855,0.0015786973900509538,0.5737952564121422,1.0,1632,3.907858354656601e-05
4000,trade_imbalance,highest activity,8,0.2831138876439771,0.0019087242720833425,0.001610173798543399,0.5708201626677856,0.9993220338983051,1475,4.192535466444432e-05
4000,trade_imbalance,highest activity,9,0.3159132330313318,0.0020435881178695057,0.0015574538751698622,0.566420898964709,0.9991974317817014,1246,4.412209978720549e-05
4000,trade_imbalance,highest activity,10,0.34941903880988734,0.002302421219646103,0.0016878482153125727,0.5642290713099538,1.0,997,5.3454689311246795e-05
4000,trade_imbalance,highest activity,11,0.38265322167974436,0.002469143855257717,0.0018692051872152508,0.5579312936654002,1.0,867,6.348153635349235e-05
4000,trade_imbalance,highest activity,12,0.41589620397169125,0.002643022956740124,0.0016195367937655194,0.5545364328503509,1.0,636,6.42188111212312e-05
4000,trade_imbalance,highest activity,13,0.4491196884503335,0.0027225603021443323,0.0018868237273909204,0.545109638065254,1.0,488,8.54124969050313e-05
4000,trade_imbalance,highest activity,14,0.4819616547624469,0.0029029876319861874,0.0021124384608772074,0.5406727364901335,1.0,366,0.00011041892719814006
4000,trade_imbalance,highest activity,15,0.5152771045175616,0.0029958261180628794,0.001582078472685808,0.5341345884994456,1.0,237,0.0001027670400981319
4000,trade_imbalance,highest activity,16,0.5485255774329918,0.0032333604133743922,0.002007503410940941,0.5290666638290779,1.0,141,0.0001690622854071503
4000,trade_imbalance,highest activity,17,0.5816650223264063,0.0034880604216810025,0.00230058685277863,0.5283966622723641,1.0,103,0.00022668355830026307
16000,sign_bias,lowest activity,0,0.016590844402277042,0.00020088148258611428,0.001969744918706128,0.5101880774569284,1.0,1581,4.9538637063972436e-05
16000,sign_bias,lowest activity,1,0.04946476574500768,0.00043233314567428266,0.0019220755596689196,0.507081471777854,1.0,1302,5.3267825003001356e-05
16000,sign_bias,lowest activity,2,0.08271711753731342,0.0005881456041856905,0.0017927718120073297,0.500198589837238,1.0,1072,5.475548403264549e-05
16000,sign_bias,lowest activity,3,0.1151124651810585,0.0008299277618440716,0.001772671225984398,0.49316069719538536,1.0,718,6.615550258963519e-05
16000,sign_bias,lowest activity,4,0.14851719712525668,0.0008861973261943506,0.0017442203511382358,0.4822078843993458,1.0,487,7.903816863568473e-05
16000,sign_bias,lowest activity,5,0.18167794117647057,0.0009178936402002056,0.00165070009303598,0.46604677498225994,1.0,255,0.00010337084955556469
16000,sign_bias,lowest activity,6,0.21554781879194632,0.0008412849169886649,0.001388102518631801,0.4512748489733629,1.0,149,0.00011371778922160474
16000,trade_imbalance,lowest activity,0,0.016549509342785238,0.00025983249055857037,0.0015159950645088013,0.5023168362284103,0.9991511035653651,1178,4.416977044388394e-05
16000,trade_imbalance,lowest activity,1,0.04969449281204401,0.0006262314637068362,0.0014183130194949391,0.49970955702525,1.0,1124,4.230473061544769e-05
16000,trade_imbalance,lowest activity,2,0.08335949545079516,0.0009546828369110239,0.0014064034111738969,0.4991268868131914,1.0,998,4.451892208723378e-05
16000,trade_imbalance,lowest activity,3,0.11569507170446636,0.0012059476068657135,0.001481657960756323,0.4984466913313064,1.0,794,5.258207345863993e-05
16000,trade_imbalance,lowest activity,4,0.14905613846729632,0.0015843816173485886,0.0014493491736502697,0.49437241241887103,1.0,601,5.912018593193717e-05
16000,trade_imbalance,lowest activity,5,0.1822428596089896,0.0018653546034312707,0.0015109133016120125,0.49182383259684326,1.0,438,7.21942301067298e-05
16000,trade_imbalance,lowest activity,6,0.21509614801848528,0.002299578996678136,0.001535898560446734,0.49041501328650855,1.0,247,9.772688514886884e-05
16000,trade_imbalance,lowest activity,7,0.25008899548705465,0.002216480151069565,0.001458369574368169,0.4861140874876108,1.0,168,0.0001125156554038993
16000,sign_bias,highest activity,0,0.016652081977878985,0.0002462764652764431,0.004633143536417896,0.6095799009559113,1.0,1537,0.000118178594678187
16000,sign_bias,highest activity,1,0.04896243425995492,0.0007731703642523682,0.0045230684679890346,0.601597611120417,1.0,1331,0.0001239778595818781
16000,sign_bias,highest activity,2,0.08262674129353233,0.0009356965150696854,0.004560329034074997,0.5905311868061405,1.0,1005,0.000143851086971607
16000,sign_bias,highest activity,3,0.11586358921161825,0.001562799659553893,0.004422515575876809,0.5744769490693445,1.0,723,0.00016447512400404266
16000,sign_bias,highest activity,4,0.1484930245535714,0.001253443246213981,0.004978621104653825,0.5608236954541802,1.0,448,0.00023521773776663744
16000,sign_bias,highest activity,5,0.18281549657534246,0.00107153951051788,0.004340270752944228,0.542618031777671,1.0,292,0.00025399513403320296
16000,sign_bias,highest activity,6,0.2163563144329897,0.0013925214789367384,0.004069729442899153,0.5291880355924308,1.0,194,0.00029218954568962694
16000,trade_imbalance,highest activity,0,0.01650058868127246,0.0005132077661886989,0.003025463726322382,0.5975999925308901,1.0,877,0.00010216265096006821
16000,trade_imbalance,highest activity,1,0.049883499531998714,0.0012502614767691835,0.0030887643385243105,0.5959839738267395,1.0,874,0.000104479012262575
16000,trade_imbalance,highest activity,2,0.0835905142063615,0.002261801335757441,0.0030681391160260257,0.5953410111530986,1.0,812,0.00010767057514854707
16000,trade_imbalance,highest activity,3,0.11637430666262147,0.002890076545297816,0.003043634346849636,0.591109424041303,1.0,739,0.0001119618993121997
16000,trade_imbalance,highest activity,4,0.14900092123052894,0.003476038390294633,0.0030379136415678975,0.5859323238952434,1.0,640,0.00012008408052813663
16000,trade_imbalance,highest activity,5,0.18305355794354736,0.004030919771909038,0.003264822962460185,0.5810865209761531,1.0,554,0.0001387090361438483
16000,trade_imbalance,highest activity,6,0.21647860584628983,0.0044486323994980285,0.0028290437971552744,0.5699944108825642,1.0,414,0.00013903991716681722
16000,trade_imbalance,highest activity,7,0.24927404363413713,0.005384169163839361,0.004026927049105551,0.5669699688509012,1.0,316,0.0002265323450430196
16000,trade_imbalance,highest activity,8,0.28165298421748225,0.005654652656847901,0.0034054511002594365,0.5618470549028148,1.0,223,0.00022804587293479543
16000,trade_imbalance,highest activity,9,0.3154679871522786,0.006334829741177033,0.0037105225299790237,0.5550619731193517,1.0,126,0.0003305596198354083
