n_events,bin,mean_abs_q,mean_directional_response,observations
100,0,3.545216950606005e-07,3.520488742962924e-06,76445
100,1,1.0643939676374325e-06,1.1436478050359268e-05,76445
100,2,1.7729313478393898e-06,2.0212008665910656e-05,76445
100,3,2.4848591982111858e-06,2.639643566539584e-05,76445
100,4,3.2029554471890712e-06,3.397098153837419e-05,76444
100,5,3.931551667001431e-06,3.969214239508538e-05,76445
100,6,4.6711103856682005e-06,4.481442113690846e-05,76445
100,7,5.421547041876412e-06,5.2099613273806884e-05,76445
100,8,6.18911166873294e-06,5.7004861649643466e-05,76444
100,9,6.97367505701943e-06,6.164198210426495e-05,76445
100,10,7.768388270835484e-06,6.708496457588002e-05,76445
100,11,8.5803064840922e-06,7.175193123319113e-05,76445
100,12,9.40843736741711e-06,7.520794801845118e-05,76444
100,13,1.025887890820329e-05,7.939369847093684e-05,76445
100,14,1.112975627236e-05,8.346806119123868e-05,76445
100,15,1.2024642768635567e-05,8.848468436433018e-05,76445
100,16,1.2940842128046917e-05,9.134739898359995e-05,76445
100,17,1.3885824827071536e-05,9.523952617167025e-05,76444
100,18,1.485934378721712e-05,9.793388387119348e-05,76445
100,19,1.585858714282826e-05,0.00010228946451129165,76445
100,20,1.6888249163654286e-05,0.00010433971814474813,76445
100,21,1.795887758416109e-05,0.0001071225145086705,76444
100,22,1.90619861523404e-05,0.00010983129664841612,76445
100,23,2.0205211821468064e-05,0.00011178174763644289,76445
100,24,2.1387997213529465e-05,0.00011507202584942517,76445
100,25,2.261551447012931e-05,0.00011749653474743234,76444
100,26,2.389541750739428e-05,0.00012039544981912918,76445
100,27,2.522445662640306e-05,0.0001214384383416846,76445
100,28,2.6613282530951546e-05,0.00012512972482556632,76445
100,29,2.8065345668468993e-05,0.00012705238151659032,76445
100,30,2.9585682754635877e-05,0.000129120980530271,76444
100,31,3.117992428080445e-05,0.00013135139894509775,76445
100,32,3.2852815267120865e-05,0.0001329373807115138,76445
100,33,3.461256724952955e-05,0.00013505197509157066,76445
100,34,3.647067691552815e-05,0.0001369125182422667,76444
100,35,3.8428060871998094e-05,0.00013938555029121438,76445
100,36,4.050165187595519e-05,0.0001426500817988681,76445
100,37,4.27053285820166e-05,0.00014339199440631888,76445
100,38,4.505688442518691e-05,0.00014714653593033238,76444
100,39,4.758236286776501e-05,0.0001485978879030803,76445
100,40,5.0272059031826826e-05,0.00015046556440473206,76445
100,41,5.318357310406098e-05,0.0001528970542969657,76445
100,42,5.634506437265735e-05,0.00015445685515061956,76444
100,43,5.978059923223001e-05,0.00015741112546952741,76445
100,44,6.353063064574266e-05,0.00015844948512919827,76445
100,45,6.76500189247597e-05,0.00016120530065005779,76445
100,46,7.22202590001815e-05,0.00016454017731523264,76445
100,47,7.733945597133876e-05,0.00016657524486934114,76444
100,48,8.31108170133155e-05,0.00017008592480671222,76445
100,49,8.968796188130606e-05,0.00017288699256988444,76445
100,50,9.729618263021976e-05,0.00017554603080644326,76445
100,51,0.00010625959400798372,0.00017900962167857786,76444
100,52,0.00011704638618950989,0.00018373112765527564,76445
100,53,0.00013028364487980654,0.00018854098614171747,76445
100,54,0.00014711281720454546,0.0001940309770244973,76445
100,55,0.00016971476298593738,0.00020269258000424467,76444
100,56,0.00020170054303648416,0.00021043189700970387,76445
100,57,0.00025182242911802477,0.0002265416888281236,76445
100,58,0.00034842295922104713,0.00025016036202560245,76445
100,59,0.000826054872723974,0.0003452814197806633,76445
250,0,7.603394444690135e-07,6.02020298941847e-06,30578
250,1,2.3083040957324515e-06,1.4888730303646211e-05,30578
250,2,3.843698691481678e-06,2.9024428851211838e-05,30578
250,3,5.388438911397341e-06,3.7328167165233796e-05,30578
250,4,6.953906435203964e-06,5.423186961172554e-05,30578
250,5,8.54697780131505e-06,6.112096085451897e-05,30578
250,6,1.0151758135724753e-05,6.506562091040277e-05,30578
250,7,1.1775615417258654e-05,7.83208364228846e-05,30577
250,8,1.342785139131342e-05,8.089222508334007e-05,30578
250,9,1.5106345494473202e-05,9.299594028671705e-05,30578
250,10,1.6811787861849344e-05,0.00010118781483862269,30578
250,11,1.85512838076653e-05,0.00010549419083881193,30578
250,12,2.032963016785338e-05,0.00011748982304566619,30578
250,13,2.2149009169402326e-05,0.0001211275915517475,30578
250,14,2.4011306839816824e-05,0.0001315487318363797,30578
250,15,2.5923611880806913e-05,0.00013785577760575847,30577
250,16,2.7902081379742624e-05,0.0001423274015381542,30578
250,17,2.9932549533442843e-05,0.0001493970311457546,30578
250,18,3.202008098090388e-05,0.00015075093319479743,30578
250,19,3.4170952693632154e-05,0.00016010429562785954,30578
250,20,3.637183816715477e-05,0.00016482309194870668,30578
250,21,3.8647259785254375e-05,0.0001675068540104639,30578
250,22,4.098254275501199e-05,0.0001792422230518022,30577
250,23,4.3415577501743024e-05,0.00018012134613515303,30578
250,24,4.592205854409712e-05,0.000188338862994492,30578
250,25,4.852328690545341e-05,0.0001885557371502564,30578
250,26,5.1233151418641476e-05,0.00019365969353207917,30578
250,27,5.404932551445071e-05,0.00020074833386513763,30578
250,28,5.6990556478297065e-05,0.00020934820163409594,30578
250,29,6.004665288643947e-05,0.0002072655754653789,30578
250,30,6.325766130179595e-05,0.00021109448673285822,30577
250,31,6.66178858093747e-05,0.00021644948464243083,30578
250,32,7.01357346941315e-05,0.0002226239681937524,30578
250,33,7.382979681798781e-05,0.000228979413051866,30578
250,34,7.769301762585048e-05,0.0002307160835678343,30578
250,35,8.176961650886708e-05,0.00023037746003871514,30578
250,36,8.610653039622423e-05,0.0002401125446496088,30578
250,37,9.072620352259972e-05,0.00024638186326932364,30577
250,38,9.561326139013043e-05,0.00024461326777877623,30578
250,39,0.00010081582388619438,0.0002497324488555231,30578
250,40,0.00010639369050491348,0.0002569841565556153,30578
250,41,0.00011241095716262388,0.00026725028512088634,30578
250,42,0.00011886915240354702,0.0002680319772647862,30578
250,43,0.0001259015561304024,0.000270649202314711,30578
250,44,0.0001336026848155412,0.00027162399706164947,30578
250,45,0.00014204044768089085,0.0002775914310204913,30577
250,46,0.00015136177206335704,0.00028426487052770494,30578
250,47,0.0001617477499078276,0.0002897565431817263,30578
250,48,0.00017331524518511906,0.000293794733936136,30578
250,49,0.0001865049211768344,0.0003003214306088128,30578
250,50,0.0002016788012056175,0.00030157229264562985,30578
250,51,0.00021929726329930068,0.00030895319221294515,30578
250,52,0.00024054062591985644,0.000318359467199636,30577
250,53,0.0002662746193187399,0.0003233950492721425,30578
250,54,0.0002985371944797138,0.000336795621511541,30578
250,55,0.00034086656328298205,0.00034445874964031696,30578
250,56,0.0003993636741415461,0.00036141522769258004,30578
250,57,0.0004901481070961895,0.00038104721203216084,30578
250,58,0.0006573008184331167,0.00041036351918294394,30578
250,59,0.0014193604783269583,0.0005271949941394485,30578
500,0,1.3754619451247905e-06,1.3893299889317916e-05,15289
500,1,4.089651506100315e-06,1.9798725160722834e-05,15289
500,2,6.79922613436065e-06,3.9767200113553096e-05,15289
500,3,9.540226021159537e-06,5.04855394508998e-05,15289
500,4,1.231583461005797e-05,6.730067887705735e-05,15289
500,5,1.5113578359675003e-05,7.728019657771932e-05,15289
500,6,1.7944167272351836e-05,9.428223919348672e-05,15289
500,7,2.081419580777316e-05,0.00010162903466473794,15289
500,8,2.3763345716945617e-05,0.00012351257124071426,15289
500,9,2.6773746003072158e-05,0.0001362086849374545,15289
500,10,2.9771122167244335e-05,0.00014813578886977382,15289
500,11,3.2897024888015775e-05,0.00015508728135038314,15289
500,12,3.604026021748451e-05,0.00016556560164621392,15289
500,13,3.925783454288858e-05,0.00017244948387952602,15289
500,14,4.2542653805461024e-05,0.00017917840058390686,15289
500,15,4.590562806939583e-05,0.000191593874582291,15289
500,16,4.9394512264572085e-05,0.00020197481766187815,15289
500,17,5.29850062753516e-05,0.0002118780049196139,15289
500,18,5.668050729185443e-05,0.00022233236978608088,15289
500,19,6.046314325852605e-05,0.0002248205007718558,15288
500,20,6.43122183553548e-05,0.00024055188778529776,15289
500,21,6.832463739204006e-05,0.00024565980841963935,15289
500,22,7.241485176263003e-05,0.00025427653227115527,15289
500,23,7.66561661147659e-05,0.00025998314987908157,15289
500,24,8.105332085021583e-05,0.0002609091758766463,15289
500,25,8.561177568854313e-05,0.0002779549074373296,15289
500,26,9.036310087011798e-05,0.0002755379367951754,15289
500,27,9.527580514672801e-05,0.0002822146072171736,15289
500,28,0.00010040698154261074,0.0002984243362374106,15289
500,29,0.00010576817755085413,0.00030013919315151344,15289
500,30,0.00011136136558058018,0.00030764108388901096,15289
500,31,0.00011714949435398663,0.0003147978941586818,15289
500,32,0.00012320397306379055,0.00031852012937399235,15289
500,33,0.00012955926729933307,0.00032686855179528575,15289
500,34,0.00013637328775786503,0.00033146942850103547,15289
500,35,0.0001434804054800142,0.0003531754890656009,15289
500,36,0.00015091986073602652,0.00035418189149116644,15289
500,37,0.00015881389207263527,0.00035482232078588074,15289
500,38,0.00016713010436924367,0.00036241653468034536,15289
500,39,0.00017604072106440608,0.0003675041803108601,15288
500,40,0.00018556763705704308,0.0003698002342204695,15289
500,41,0.00019581414960385393,0.00038153515241206036,15289
500,42,0.000206843717291035,0.00039271468214298794,15289
500,43,0.0002186785909808203,0.00039780139194124973,15289
500,44,0.00023165258294699384,0.00040595676985150504,15289
500,45,0.0002456651724070924,0.0004109834646093392,15289
500,46,0.00026135891655510823,0.00042300454207613603,15289
500,47,0.0002788534266421189,0.00042232543996038456,15289
500,48,0.0002982050518348698,0.00043015202423426146,15289
500,49,0.0003201892026562631,0.00044205667400923945,15289
500,50,0.0003452718276785661,0.0004461491119372014,15289
500,51,0.00037436236147428653,0.0004527586728341114,15289
500,52,0.0004087752349884237,0.0004633864132360777,15289
500,53,0.000450326626443646,0.00048461415920229525,15289
500,54,0.0005019147316571165,0.0005041430171363019,15289
500,55,0.0005688756604190533,0.0005087525704289238,15289
500,56,0.0006606832182850818,0.000520409794779727,15289
500,57,0.0008010552190502655,0.0005444129256131193,15289
500,58,0.0010549176800673714,0.0005922121134523222,15289
500,59,0.002148672591180227,0.0007326412710613179,15289
1000,0,2.4456632729195465e-06,1.241670141145892e-06,7645
1000,1,7.333464347539277e-06,1.1945923973072586e-05,7644
1000,2,1.2233290591398036e-05,5.896989879597733e-05,7645
1000,3,1.7052682430894796e-05,8.296236440161947e-05,7644
1000,4,2.1992061230825937e-05,0.0001071721445993539,7645
1000,5,2.6968453900424086e-05,0.00011207252400162512,7644
1000,6,3.203664203272223e-05,0.00013555728181945207,7645
1000,7,3.721096946905238e-05,0.0001456900331805004,7644
1000,8,4.2445180402348724e-05,0.00015514472613343373,7645
1000,9,4.775357693617268e-05,0.00017757839031916367,7644
1000,10,5.3110632431959366e-05,0.0002040326938524379,7644
1000,11,5.8607055581493756e-05,0.00021670604320743418,7645
1000,12,6.420285421061704e-05,0.00022959451122373436,7644
1000,13,6.985156291949123e-05,0.00023950783366030986,7645
1000,14,7.579104553368374e-05,0.00027529717664018775,7644
1000,15,8.174916473331075e-05,0.00027808004758914773,7645
1000,16,8.786689883995672e-05,0.0002897837852983854,7644
1000,17,9.406020432899089e-05,0.00030287245778492,7645
1000,18,0.00010037571050219675,0.0003114492844346259,7644
1000,19,0.00010690474173486093,0.00033441320642564647,7644
1000,20,0.00011366009235306432,0.0003382007259406649,7645
1000,21,0.00012060233245036237,0.00035671048180825274,7644
1000,22,0.00012790110102319839,0.0003755563035377619,7645
1000,23,0.00013528912046655828,0.00038340231046924214,7644
1000,24,0.00014287740386161274,0.0003718804038867176,7645
1000,25,0.0001506936084174017,0.00038799486352631877,7644
1000,26,0.00015881592358101072,0.00040457071674839483,7645
1000,27,0.00016730440981764028,0.000419761215089444,7644
1000,28,0.00017617220797181487,0.0004292686447289259,7645
1000,29,0.0001853862059710482,0.0004363635540294024,7644
1000,30,0.00019502882875809557,0.0004355835875702094,7644
1000,31,0.00020511450434990884,0.0004507825119208066,7645
1000,32,0.00021544911519034702,0.0004609370925360528,7644
1000,33,0.00022646414288772734,0.00048529955184082875,7645
1000,34,0.00023792922695280256,0.0004828875229276523,7644
1000,35,0.00025001966632143795,0.0004917768590090763,7645
1000,36,0.00026261871498348816,0.0005067092311109089,7644
1000,37,0.00027604980864938926,0.0005237979286733303,7645
1000,38,0.0002903571261574736,0.0005135028845273668,7644
1000,39,0.00030531874444313204,0.000532837226125297,7644
1000,40,0.00032126760085884697,0.0005412804548822981,7645
1000,41,0.0003383007323998187,0.0005580221947512876,7644
1000,42,0.00035652747584024767,0.0005656343835589343,7645
1000,43,0.00037634416225015084,0.0005751761858383635,7644
1000,44,0.0003977715744725927,0.0005948997551402613,7645
1000,45,0.0004208770204925393,0.0005981031027832062,7644
1000,46,0.00044680731860156247,0.0006009031376664501,7645
1000,47,0.0004757120680561269,0.0006328773427989183,7644
1000,48,0.0005079501202678641,0.000653074423283969,7645
1000,49,0.0005445805268764057,0.0006410621673791755,7644
1000,50,0.0005859078984800439,0.0006648003453622772,7644
1000,51,0.0006325528595185064,0.000674337642200985,7645
1000,52,0.0006877341782795059,0.0006748605298465338,7644
1000,53,0.0007532865717527083,0.0007059850599389796,7645
1000,54,0.0008341057306102347,0.0007162374655592836,7644
1000,55,0.0009387605970625476,0.0007415697052011201,7645
1000,56,0.001083539328024857,0.0007655175914878408,7644
1000,57,0.0012990425404572137,0.0008079528675270662,7645
1000,58,0.0016893436299169628,0.0008582296813666828,7644
1000,59,0.0032551831290908756,0.0010423601782388135,7645
2000,0,4.250986677367755e-06,4.275019626749497e-05,3823
2000,1,1.2628696593433725e-05,4.29368669568266e-05,3822
2000,2,2.1324623977212914e-05,9.192816530518467e-05,3822
2000,3,2.9962503355976765e-05,9.251978880328601e-05,3822
2000,4,3.8473942237360945e-05,0.00010948212899331086,3822
2000,5,4.7311046211067736e-05,0.00016898778136322838,3823
2000,6,5.606647772581516e-05,0.0001875170587905336,3822
2000,7,6.5030489698462e-05,0.00021120907694523663,3822
2000,8,7.417515520383482e-05,0.00023297932296854256,3822
2000,9,8.333975433445492e-05,0.0002597754999366455,3823
2000,10,9.273946188476794e-05,0.0003154883241774363,3822
2000,11,0.00010235927531219134,0.0003240781893950257,3822
2000,12,0.00011201401435097083,0.0003197264002074407,3822
2000,13,0.00012175263727339662,0.000342306505425935,3822
2000,14,0.0001318916832221117,0.0003496286168847449,3823
2000,15,0.00014232215441298165,0.0004022635424142021,3822
2000,16,0.00015271839537917082,0.00040467169796401205,3822
2000,17,0.00016351887550436494,0.00043726772619993897,3822
2000,18,0.0001745434985588918,0.000454430391371937,3822
2000,19,0.00018579564131739363,0.000433539070779831,3822
2000,20,0.00019758689141695935,0.0004596970157246487,3823
2000,21,0.0002095895403449117,0.0005106690358417551,3822
2000,22,0.00022197267960580175,0.0005070344095243652,3822
2000,23,0.00023453814207799437,0.0005348087827805358,3822
2000,24,0.00024771386793650234,0.0005684887815167678,3823
2000,25,0.0002614477376600928,0.0005620814744207084,3822
2000,26,0.0002755489543717895,0.0005893083326740394,3822
2000,27,0.00028990793309290747,0.0006186386485920547,3822
2000,28,0.0003047680302300731,0.0006321109333501975,3822
2000,29,0.0003202236452139753,0.0006427829676551517,3823
2000,30,0.0003362836597580522,0.0006395240542546174,3822
2000,31,0.00035301748697104895,0.0006699872765545566,3822
2000,32,0.00037050608962295873,0.0007006898083430888,3822
2000,33,0.0003885562401463477,0.0006837346072173126,3822
2000,34,0.0004075597273200473,0.0007087296795912904,3823
2000,35,0.0004278140569619852,0.0006982432615793644,3822
2000,36,0.00044961756676523547,0.0007248636409084377,3822
2000,37,0.0004717446459857441,0.0007664030734223183,3822
2000,38,0.0004951483098037502,0.0007445217151052691,3822
2000,39,0.0005195234640962483,0.0007790487441294318,3822
2000,40,0.0005453203269580915,0.0007813091386402481,3823
2000,41,0.0005736016716370073,0.0008336945035215822,3822
2000,42,0.0006042115594843731,0.000837155890975516,3822
2000,43,0.0006370004787750838,0.0008338290354035417,3822
2000,44,0.0006724719116687074,0.0008347278814858841,3823
2000,45,0.0007114269639258002,0.0008719339929786148,3822
2000,46,0.0007521977282154619,0.0008818841322199916,3822
2000,47,0.0007979822813582493,0.000918976518470214,3822
2000,48,0.0008493868520568486,0.0009279596563366636,3822
2000,49,0.0009068408750315596,0.0009577738058475694,3823
2000,50,0.0009721170971908126,0.0009663442676180519,3822
2000,51,0.0010470292849179051,0.0009895709830646973,3822
2000,52,0.0011350528506411078,0.0010105805380097208,3822
2000,53,0.0012421752447153223,0.001038048572642923,3822
2000,54,0.0013723401616531482,0.0010555036372404628,3822
2000,55,0.0015394261481258735,0.00105644605214,3823
2000,56,0.0017632853474859713,0.0011474022625610027,3822
2000,57,0.0020955240269938833,0.0011773738745743981,3822
2000,58,0.0026814286625082436,0.0012664147798717872,3822
2000,59,0.004980301268391429,0.0015250304515404232,3823
4000,0,7.238047084844908e-06,1.3065042209770131e-05,1912
4000,1,2.1995917307912143e-05,8.031787985669379e-05,1911
4000,2,3.6910404283282576e-05,0.00011322809171227148,1911
4000,3,5.179974464927476e-05,0.00017513773036331596,1911
4000,4,6.653228040355112e-05,0.00021351724899186,1911
4000,5,8.136601608849662e-05,0.00022708941758832032,1911
4000,6,9.67389926196731e-05,0.00022822981083141743,1911
4000,7,0.00011215023336212718,0.00032192958116334237,1911
4000,8,0.00012797334975148158,0.00041337988174011133,1911
4000,9,0.00014435134755329845,0.0003775437151237541,1911
4000,10,0.0001603768446612425,0.00045490675894397693,1911
4000,11,0.0001762905853831812,0.0004958459036920124,1912
4000,12,0.00019287900002386364,0.00047698054138074053,1911
4000,13,0.0002097511632825513,0.0005198096051580645,1911
4000,14,0.00022653911707887851,0.0005457519844911862,1911
4000,15,0.00024445306591033275,0.0005528744497413028,1911
4000,16,0.0002621969018689924,0.0006298269819604498,1911
4000,17,0.0002802386199468421,0.0006437976342330339,1911
4000,18,0.00029851969800218683,0.0006530307317846979,1911
4000,19,0.0003177326011303902,0.0006542088618570927,1911
4000,20,0.00033730397302550447,0.0006480878433353229,1911
4000,21,0.0003568278422779802,0.0007477011904355372,1911
4000,22,0.0003769323338767539,0.0007467172261862364,1911
4000,23,0.00039851947334743705,0.0008071990262085384,1912
4000,24,0.0004207261901639659,0.0008200662272079616,1911
4000,25,0.00044339793441792395,0.0008057099112754095,1911
4000,26,0.00046668411067332975,0.0008650456675563743,1911
4000,27,0.0004905840095417403,0.0009292919187672673,1911
4000,28,0.0005160768615600363,0.0009497314917400148,1911
4000,29,0.0005418333519704899,0.0009078870598355601,1911
4000,30,0.0005685705347422709,0.0009054879535621772,1911
4000,31,0.0005954084781991659,0.0009452170797963281,1911
4000,32,0.0006245680119894348,0.0010484066618693265,1911
4000,33,0.0006553763227100416,0.0010306171330817042,1911
4000,34,0.0006868893926869586,0.0009932000396224413,1911
4000,35,0.0007200323630332632,0.0010169185208015702,1912
4000,36,0.0007560220391281526,0.00110845810059863,1911
4000,37,0.0007932121328025954,0.0010623703189840592,1911
4000,38,0.0008313426449691595,0.0010853317768920695,1911
4000,39,0.0008730399192365036,0.0011617526115005427,1911
4000,40,0.0009154187730723488,0.0011494392707412245,1911
4000,41,0.0009602542314681918,0.0011896651090855825,1911
4000,42,0.0010097364300348578,0.0012550315406918058,1911
4000,43,0.001063581870192604,0.0011941580885193163,1911
4000,44,0.0011205930814321904,0.0012455820380849938,1911
4000,45,0.0011833759355668035,0.0012859545401498714,1911
4000,46,0.0012514537536861552,0.001320208484561739,1911
4000,47,0.0013250975141611886,0.001311102606700874,1912
4000,48,0.0014097497626882685,0.0013408269089825989,1911
4000,49,0.0015039274830711696,0.0013711818978249539,1911
4000,50,0.001607291965762597,0.0013899613456143615,1911
4000,51,0.0017248957483083178,0.0014543421518964563,1911
4000,52,0.0018597561856875788,0.0015060584097441574,1911
4000,53,0.0020234073240185165,0.001474044815497497,1911
4000,54,0.0022259386481228148,0.0015314048765696728,1911
4000,55,0.0024891068908099888,0.001619481912121689,1911
4000,56,0.002834038340720013,0.001654001378792745,1911
4000,57,0.003324320477302785,0.0017202278183528603,1911
4000,58,0.004178205187215362,0.0018810271197617226,1911
4000,59,0.0076228453103294735,0.0022296893190168793,1912
8000,0,1.1747926938929365e-05,-6.982893993003917e-05,956
8000,1,3.5557360235088e-05,8.254017370483115e-05,956
8000,2,5.979459704613383e-05,0.00013571715496243306,955
8000,3,8.449228323798808e-05,0.0001905373140805715,956
8000,4,0.00010964535457160202,0.0002601594092936853,955
8000,5,0.0001350907336124678,0.0003666518296863017,956
8000,6,0.00016086270512832116,0.0004155228610357641,955
8000,7,0.00018654328843726228,0.0004595499737897295,956
8000,8,0.00021253601034678524,0.0005191899957576453,955
8000,9,0.0002378989094083961,0.000531453655484846,956
8000,10,0.00026412818640625954,0.0005277901289056199,955
8000,11,0.00029179068200111644,0.0006495808036263366,956
8000,12,0.00031918944361702847,0.0006372860710663524,955
8000,13,0.00034630306507902106,0.0007519189692133526,956
8000,14,0.00037363620334010826,0.0007701369294196677,956
8000,15,0.00040213714802301496,0.000774471964972574,955
8000,16,0.000430714605981076,0.0007473420417749408,956
8000,17,0.00046132063140958584,0.0009452130213124661,955
8000,18,0.0004922043697746515,0.0008597637349635937,956
8000,19,0.0005240533648904615,0.0009499004969074171,955
8000,20,0.0005565548609364686,0.0010415982235616225,956
8000,21,0.0005897423224235299,0.0009602018308688175,955
8000,22,0.0006236118653424287,0.0011139853105598088,956
8000,23,0.0006571210114061317,0.001179833829833195,955
8000,24,0.0006927357473444718,0.0011101142698994569,956
8000,25,0.0007287772352653996,0.0012253551103243506,955
8000,26,0.0007646414313727219,0.001104335297251515,956
8000,27,0.0008018225634692747,0.0012614373113462632,955
8000,28,0.0008397461683885131,0.001165255465919645,956
8000,29,0.000881863743753648,0.001253848368024716,956
8000,30,0.0009258851388881346,0.0012754607308037035,955
8000,31,0.0009704448367672745,0.0013648317208577992,956
8000,32,0.0010180843091467668,0.0013723610036492347,955
8000,33,0.0010676215922409092,0.0013741782618882509,956
8000,34,0.0011185451873993062,0.0014341721682424667,955
8000,35,0.0011686195995772562,0.0015511175620047438,956
8000,36,0.0012260961239056638,0.0014275362055933827,955
8000,37,0.0012849780155577554,0.001587001841555772,956
8000,38,0.001348874550272959,0.0015574764510174754,955
8000,39,0.001417155492820114,0.0016344065155954016,956
8000,40,0.0014894283188940168,0.0016448456526378227,955
8000,41,0.0015623189704469759,0.001673587595658142,956
8000,42,0.0016367302880604697,0.0016530299035993833,955
8000,43,0.0017169522022699795,0.001745180678895504,956
8000,44,0.0018093315468982892,0.0017908814068080534,956
8000,45,0.0019073345006660742,0.0018116146549980805,955
8000,46,0.002014447123681891,0.0018880189077457705,956
8000,47,0.002129342755986923,0.0019089507927136885,955
8000,48,0.0022598202819493454,0.0019059520346320674,956
8000,49,0.0024047230129004508,0.0019226267864274112,955
8000,50,0.0025701145111546217,0.0020375757767325782,956
8000,51,0.002752639320728408,0.001997748068342844,955
8000,52,0.002967836189769611,0.002256164983230018,956
8000,53,0.0032161951059754266,0.0020933937980590223,955
8000,54,0.0035249827141261955,0.0022953064448632556,956
8000,55,0.003916851722934409,0.0023876312777878377,955
8000,56,0.004428892980539494,0.002536052236215147,956
8000,57,0.005165448965913151,0.002457704040675728,955
8000,58,0.006496048059060603,0.0027210455143370908,956
8000,59,0.01152272409901776,0.003240414469516906,956
16000,0,1.894604648365257e-05,0.00013850321130671678,478
16000,1,5.698688425316954e-05,0.0002419992189494965,478
16000,2,9.601739816248924e-05,7.3540910006617e-05,478
16000,3,0.000138605359832603,0.0002959136287075813,477
16000,4,0.00017859330185394484,0.000331365733981897,478
16000,5,0.0002179650358170469,0.000534724422496944,478
16000,6,0.00025840280667882104,0.0004654257983408377,478
16000,7,0.00030089201714470897,0.0005218497610525984,477
16000,8,0.00034352972903274983,0.0007062345957049254,478
16000,9,0.00038784327575076225,0.0006979111076488146,478
16000,10,0.0004309454602769382,0.0009838128515159959,478
16000,11,0.0004759770481565324,0.0008135976541883644,477
16000,12,0.0005194609991153876,0.0009516284271095031,478
16000,13,0.0005617173094271546,0.0009399176870168947,478
16000,14,0.0006070100316285879,0.0011043527857149196,478
16000,15,0.0006526184416782387,0.0012307194747770455,477
16000,16,0.0006969383583188626,0.0010339403175569598,478
16000,17,0.0007469815456901954,0.0013142386621599637,478
16000,18,0.0007972621578632925,0.0013501523117893303,477
16000,19,0.0008465108959117791,0.0013179305920477183,478
16000,20,0.0008977140614921431,0.0015545688178351415,478
16000,21,0.0009521773768723,0.0015477002507428663,478
16000,22,0.001009088638340806,0.0014848490762094505,477
16000,23,0.00106229253919719,0.001556072577584967,478
16000,24,0.0011188011896837997,0.0015693761669909841,478
16000,25,0.0011785210841608038,0.0017807436925321005,478
16000,26,0.0012362832381664513,0.0019067458760553093,477
16000,27,0.0012977687937675423,0.0015804710167695618,478
16000,28,0.0013596829893546027,0.0016579317030663548,478
16000,29,0.0014301542068365016,0.001837839891421016,478
16000,30,0.0014998998196055146,0.001938771465038597,477
16000,31,0.0015643784244436874,0.0018162533508045294,478
16000,32,0.0016379458474870818,0.001962375071221824,478
16000,33,0.0017185353280937269,0.002131324014333107,477
16000,34,0.0018006732662110855,0.0021038202672666647,478
16000,35,0.00189138487707018,0.0019409570533446018,478
16000,36,0.001978425566109881,0.0022258964228458796,478
16000,37,0.0020718998302543586,0.0022706556823745803,477
16000,38,0.0021676685635943285,0.002310393102392525,478
16000,39,0.0022699863950350623,0.0023545616352867575,478
16000,40,0.002377768120859979,0.002375354525171046,478
16000,41,0.0024910676080268828,0.002357561827704552,477
16000,42,0.0026196593311958566,0.002360686717037896,478
16000,43,0.002751197684806187,0.0024825077451509953,478
16000,44,0.002893760013111102,0.0025190513867953527,478
16000,45,0.0030513843803292432,0.0026513640015598207,477
16000,46,0.003213767617308749,0.002721233701323686,478
16000,47,0.003380072814084361,0.0026106006644901606,478
16000,48,0.0035852401254562083,0.002817916108115805,477
16000,49,0.003812934294408975,0.002777307085737024,478
16000,50,0.004071489964258783,0.00275380406325423,478
16000,51,0.004350638617457679,0.0030031407219924086,478
16000,52,0.004657862198652447,0.0029529213592267953,477
16000,53,0.005033315450571904,0.003124914509439528,478
16000,54,0.005531535365831945,0.0033547880923764026,478
16000,55,0.0061637702157878015,0.0031462129721625603,478
16000,56,0.0069494701603026775,0.003725080681850351,477
16000,57,0.007965946184417995,0.003711338348141544,478
16000,58,0.009809914564754229,0.003869909236716427,478
16000,59,0.017009887632398173,0.004631994452821084,478
