specification,regime,observed_x_med,log_amplitude,log_curvature,free_power_delta,log_weighted_rmse,power_weighted_rmse,bins_used,fitted_min_x,fitted_max_x,observed_min_x,observed_p01_x,observed_median_x,observed_p99_x,observed_max_x,observations,log_x0,initial_marginal_impact,initial_effective_liquidity,log_wrmse_improvement_pct
event_duration,very_short_duration,0.0005403204751948702,0.05001904298136265,1.0377458362755145,0.5886610541454159,0.0021749223282032074,0.0024877325980765573,20,2.3192171817401548e-05,0.005922766125071946,1.2454754089112792e-08,9.639883395579742e-06,0.0006059714388180933,0.006836314989664006,0.032567657803628636,22823,0.000520667446986912,96.067160086196,0.010409384425466026,12.57411146661043
event_duration,short_duration,0.0005403204751948702,0.04877736912137528,1.049997404529452,0.5990069786721717,0.0012366307986980873,0.002849144333120805,20,2.1954884712148173e-05,0.004695013981107248,3.753509437485414e-08,8.593909375396626e-06,0.0005430102220336927,0.005553366283384817,0.030242280788637416,22789,0.0005145922007654967,94.78839564380314,0.010549814597113879,56.59641442792243
event_duration,medium_duration,0.0005403204751948702,0.0541501149512631,0.8630850672809223,0.6335699018978739,0.0014843187828419344,0.003009820494737359,20,2.0049405302298864e-05,0.004213506583560776,4.9253177239772274e-08,7.508078579069917e-06,0.0005252806850419193,0.004973068279789112,0.028835379228603845,22681,0.0006260338588606392,86.49710264843264,0.011561080884575968,50.68414261125369
event_duration,long_duration,0.0005403204751948702,0.058337606183763414,0.7248963892181887,0.6633976261190915,0.0013193480635324461,0.002874981564735455,20,2.024545266374455e-05,0.0037903376712588037,3.719586821600556e-08,8.463677917051876e-06,0.0005085867109218037,0.004414889531355039,0.030552013695792895,22510,0.0007453761437239516,78.26599586660318,0.01277694085314398,54.109338309658085
event_duration,very_long_duration,0.0005403204751948702,0.05746523929268843,0.6431372445866707,0.6853419692730145,0.0008256009460390786,0.0022998806717294223,20,2.3176551990018174e-05,0.0035469018982740206,3.474786425586473e-08,8.817241986732268e-06,0.0005332650353307009,0.004094945324975832,0.0169773033444411,20773,0.0008401324596620455,68.40021312330272,0.014619837487893996,64.10244426210781
event_volume,very_low_volume,0.0005403204751948702,0.052041598743447916,1.000505492978071,0.7129025812036621,0.0011842797150566308,0.0014589508204069736,20,1.1131689411817087e-05,0.0016618664457783894,3.719586821600556e-08,4.501960877003014e-06,0.0002861125747968791,0.0019784839329719368,0.004397305152812885,21753,0.0005400474849833861,96.3648571477912,0.010377227026511721,18.826618519856854
event_volume,low_volume,0.0005403204751948702,0.06335633131094799,0.732518213628742,0.7240430418575237,0.001453104012536343,0.0022808970254258243,20,1.864145691253393e-05,0.002128804631964628,4.9253177239772274e-08,7.451117791919997e-06,0.0004052178457105002,0.0025248410850607686,0.005570309327005521,22329,0.0007376205330352614,85.89285204716406,0.011642412333111219,36.2924324799336
event_volume,medium_volume,0.0005403204751948702,0.06229505543294462,0.713735495649897,0.6976165454926471,0.0013670726235853613,0.00196511407724563,20,2.3115867132174107e-05,0.002612505071185822,1.4376695821121854e-07,1.0174466191318696e-05,0.000520777973329093,0.003040104830487889,0.007012197555399476,22440,0.00075703181148764,82.28855708259984,0.012152357939588335,30.43291280567812
event_volume,high_volume,0.0005403204751948702,0.07426818991815345,0.5066172902992426,0.7111889534620419,0.0015274566903627409,0.002485148301106086,20,3.149430830102542e-05,0.0033584857499898467,1.2454754089112792e-08,1.2149670427539417e-05,0.0006881876105406524,0.0038611917407794564,0.010119337302082164,22544,0.0010665259270478513,69.63561600769346,0.014360467492518748,38.536598009748445
event_volume,very_high_volume,0.0005403204751948702,0.07475738035176901,0.4291395732296448,0.6364286015839583,0.0022550331880951575,0.002554065047207846,20,6.038163855916587e-05,0.007829409942539165,7.943290810298845e-08,2.496610638001989e-05,0.0013174976039127496,0.009219099263145184,0.032567657803628636,22510,0.001259078651564323,59.3746707236183,0.016842198665065033,11.708075306836683
event_relative_flow_rate,very_low_flow_rate,0.0005403204751948702,0.037497559947935036,1.3590463667207846,0.6780637346402584,0.000980371764911594,0.001732272903595417,20,1.248074653681221e-05,0.0015308955607211605,3.474786425586473e-08,4.8964609453712644e-06,0.00030396886098740377,0.0017445719361247245,0.004916790749707427,22316,0.00039757324578895605,94.31610488156409,0.010602643114404838,43.40546672081607
event_relative_flow_rate,low_flow_rate,0.0005403204751948702,0.0494002787437101,0.9602142879548174,0.6757196999346115,0.0017906491156286061,0.002968578745655715,20,1.8802804833569894e-05,0.0022916914235291247,8.667387932700514e-08,7.264074226066949e-06,0.00044589444378177707,0.00266031577988517,0.005352443971175535,22315,0.0005627082225007411,87.79022016804639,0.011390790432986941,39.67991860586207
event_relative_flow_rate,medium_flow_rate,0.0005403204751948702,0.04914129958876601,1.0077746327334374,0.6308172715857229,0.001217244088282237,0.0024066340112430646,20,2.3647717777683582e-05,0.003120896659177061,4.9253177239772274e-08,9.090852661597355e-06,0.0005500894699682474,0.0036106251344305835,0.009484034397407564,22315,0.000536152089608896,91.6555218960591,0.010910417390171415,49.421304502652184
event_relative_flow_rate,high_flow_rate,0.0005403204751948702,0.054352249909966066,0.8404879238264098,0.6220901240738378,0.0011740576942105988,0.0025964799386867794,20,2.905952920975486e-05,0.004134302530328552,1.2454754089112792e-08,1.1413599480177258e-05,0.0006758392647921386,0.0047786283424740015,0.012762785155315431,22315,0.0006428652451483233,84.54687871238987,0.01182775775084238,54.782716526421474
event_relative_flow_rate,very_high_flow_rate,0.0005403204751948702,0.06628480117289917,0.5855870112126819,0.6057155140746668,0.0023512067953605025,0.003010142202079722,20,4.560942995085488e-05,0.007643869885846551,2.950690973632204e-08,1.862092232288256e-05,0.0010767169936045991,0.008989163297550194,0.032567657803628636,22315,0.0009226988728386068,71.83795615678976,0.013920217855550518,21.890507573494624
event_raw_flow_rate,very_low_raw_flow_rate,0.0005403204751948702,0.05461871056505179,0.745185054896896,0.7024204944009894,0.0008775752077201995,0.0015503673861915037,20,1.802812066888264e-05,0.0025444846459159345,3.474786425586473e-08,6.987295854293845e-06,0.00042478795932406245,0.0030048320905404925,0.007012197555399476,20949,0.00072508227539484,75.32760407818469,0.013275345900582092,43.39566121318034
event_raw_flow_rate,low_raw_flow_rate,0.0005403204751948702,0.054371462372710046,0.830783158304394,0.668355738786115,0.0015168767150099413,0.0027935028721984847,20,1.8356842450408633e-05,0.003147474437191939,8.203719626467972e-08,7.249703746344199e-06,0.00047431323170778384,0.0036143309448878475,0.010588403524940697,22450,0.0006503748538880466,83.60019156286349,0.011961695078749265,45.699833348796226
event_raw_flow_rate,medium_raw_flow_rate,0.0005403204751948702,0.052761871404963925,0.8867851666879095,0.6385612906914075,0.0014491682275886814,0.002750711013245735,20,2.0984151828734184e-05,0.003660411909444748,3.753509437485414e-08,7.90942234227328e-06,0.0005262215530900431,0.0043163723775670555,0.0169773033444411,22653,0.0006093025633400425,86.59387729428987,0.01154816057723681,47.316594850917554
event_raw_flow_rate,high_raw_flow_rate,0.0005403204751948702,0.050238423114752274,0.9803483272509488,0.6061573841080488,0.001349734642135221,0.0028507235017288897,20,2.3452636548441428e-05,0.004540754245971839,8.066712151039072e-08,9.677587545557731e-06,0.000579198272339281,0.005375132235546292,0.030552013695792895,22742,0.0005511515245912787,91.15174479832554,0.01097071704126469,52.652909294196995
event_raw_flow_rate,very_high_raw_flow_rate,0.0005403204751948702,0.05516070508742515,0.8259362623728452,0.5917162831327786,0.002649813666071916,0.0026587362176311545,20,3.1035908009058476e-05,0.006980933522585959,1.2454754089112792e-08,1.2575117988331235e-05,0.0008023783810246505,0.008276449228284204,0.032567657803628636,22782,0.0006541914912932567,84.31889717547254,0.011859737656660069,0.33559371178191816
time_activity,very_low_activity,0.0003576622126394334,0.027583124530739318,1.103495943641092,0.660739471842703,0.000595576884833266,0.0014574260737539534,20,9.42312968981449e-06,0.0018706370604346146,3.204218970649035e-21,3.75310970928445e-06,0.00021503282575777873,0.002266863660761838,0.00753627360708049,29684,0.00032411737868223803,85.10226956321766,0.011750567935878097,59.13501922610636
time_activity,low_activity,0.0003576622126394334,0.03184451055341397,0.9945043182682333,0.6422619995363538,0.0006342329779186198,0.0016722231660281411,20,1.119122895508993e-05,0.0023691681130179236,7.521078593666895e-09,4.485128116114772e-06,0.0002675426835297178,0.0028037810536395914,0.027834095937126435,29687,0.0003596386723209445,88.54584616249407,0.011293584547883357,62.07246790958842
time_activity,medium_activity,0.0003576622126394334,0.03459337712471833,0.9791626199418871,0.6192453553955387,0.0009438908066036445,0.002271547433283081,20,1.3991326160209582e-05,0.002830397481602829,4.091533583504333e-20,5.637244065402079e-06,0.00033596800311026716,0.0033495715056503753,0.01845513704493962,29709,0.00036527355656270917,94.70539682710219,0.01055906034400171,58.44723324841897
time_activity,high_activity,0.0003576622126394334,0.04365617929215591,0.7335363954383192,0.6144492276213983,0.0009460400074222183,0.00268606858619198,20,1.774777356268552e-05,0.00398940079492722,2.7674825760342555e-08,6.8043547592634776e-06,0.00044864354094929554,0.004710828928925629,0.02657382114892841,29712,0.0004875861850395508,89.53530807812923,0.011168778233581237,64.77975237544429
time_activity,very_high_activity,0.0003576622126394334,0.09363069357033588,0.27806945616805046,0.6620194010312458,0.0026184438315776225,0.002600383486517883,20,3.097161362245799e-05,0.009376008438665647,1.2924533525960108e-07,1.2640630124717788e-05,0.0008243864007810819,0.011371355816851334,0.07129248364311341,29713,0.0012862333661820137,72.79448351449956,0.013737304692886722,-0.6945262171282274
time_volume,very_low_volume,0.0003576622126394334,0.0381592644641323,0.8462677190657466,0.7404247542728668,0.00047083674086441477,0.0009428372362045097,20,7.636208946281128e-06,0.001208537478039255,3.204218970649035e-21,3.0947564580682406e-06,0.0001725734484071529,0.0014409947102577627,0.004337733249674926,29676,0.00042263482888639715,90.2889725503181,0.01107554966851239,50.0617155555059
time_volume,low_volume,0.0003576622126394334,0.03576237045171188,0.8990584041019827,0.6850897298412608,0.000873715078969563,0.0014779751809152184,20,1.0860259299527582e-05,0.0016577703882786536,4.459447313500695e-09,4.430215140436327e-06,0.00024673663378139336,0.001957666216579133,0.0044205382914459974,29690,0.000397818663401163,89.8961605922668,0.01112394559914079,40.88431996344313
time_volume,medium_volume,0.0003576622126394334,0.03737815210219075,0.8404647481329032,0.6591536268871293,0.0009420957257917328,0.0020708572042999886,20,1.5519702172397536e-05,0.0022162433118000893,2.7674825760342555e-08,6.656203657832656e-06,0.00034807614347731413,0.002668883496383248,0.007996086864100901,29706,0.0004255529020508973,87.83432546706078,0.011385070639325572,54.50696823346692
time_volume,high_volume,0.0003576622126394334,0.04557551396021424,0.6357396905053414,0.6411476962146837,0.0008389395990584015,0.0023753482814900585,20,2.1793688982452355e-05,0.0031705313759126707,4.091533583504333e-20,8.219575305625285e-06,0.0005124634615374959,0.003678400728888003,0.01563421287041173,29714,0.0005625922338671859,81.00985263684512,0.012344177497555122,64.68140669745769
time_volume,very_high_volume,0.0003576622126394334,0.09139532081057068,0.2612289686408376,0.656114785398921,0.00303146407867465,0.0025264948327998965,20,4.3346818811321366e-05,0.009847442357813986,1.1539792404288327e-07,1.7924795195186645e-05,0.001055325992814648,0.011862516127034817,0.07129248364311341,29719,0.0013691521828545035,66.75322287404413,0.01498055010597598,-19.986949481117264
time_relative_flow_rate,very_low_flow_rate,0.0003576622126394334,0.03781118105771643,0.9492670541892564,0.8034992241936115,0.00047843195567966857,0.0006380091337951777,20,5.902630417287361e-06,0.0005139233906662584,4.459447313500695e-09,2.2367775529803663e-06,0.00012969995754039302,0.0005746563243515572,0.0009113863033054577,29701,0.0003767772315082642,100.35420905439474,0.009964704115778268,25.01173880791787
time_relative_flow_rate,low_flow_rate,0.0003576622126394334,0.044793701282306815,0.7045900492726376,0.778337924095792,0.0009252376499499985,0.0013697389223679083,20,1.1861086322896502e-05,0.0008407172243992112,3.204218970649035e-21,4.765323036585412e-06,0.00024761308276281287,0.0009317520862873133,0.0015008307747573283,29701,0.0005076174621095704,88.2430267393717,0.011332340208065715,32.45153256282498
time_relative_flow_rate,medium_flow_rate,0.0003576622126394334,0.04322450310250234,0.6916149678881824,0.7196906801188157,0.0012006790393756504,0.001929229092155366,20,1.9122547183861224e-05,0.0012902747988502146,7.521078593666895e-09,7.817125578966308e-06,0.00038548918362202734,0.001426288181463909,0.002196716924690015,29701,0.0005171406479699827,83.58365035156024,0.011964062299192623,37.76379154461991
time_relative_flow_rate,high_flow_rate,0.0003576622126394334,0.04525343510578269,0.633963855336463,0.6652147154623108,0.0017334425876294934,0.0029634095128697334,20,2.8161291894362336e-05,0.0021193167710510637,1.5406791446195526e-08,1.1041133405995033e-05,0.0006132005861758105,0.0023477474238203675,0.003748130558798387,29701,0.0005641681455950066,80.2126732236107,0.01246685791423853,41.50512846431249
time_relative_flow_rate,very_high_flow_rate,0.0003576622126394334,0.10339450757356933,0.20049934402470398,0.6734028645045148,0.003096367489700582,0.0029498323181036032,20,6.324392401667973e-05,0.009929148380021555,4.091533583504333e-20,2.6041493248714568e-05,0.0013777944634577389,0.01189555602584046,0.07129248364311341,29701,0.0017838572708515448,57.96119973444556,0.01725292099855748,-4.967576316039005
