state_variable,bootstrap_sample,low_state_tail_excess,high_state_tail_excess,high_minus_low_tail_excess
event_speed,0,0.006023392570226641,0.08150168686858748,0.07547829429836084
event_speed,1,-8.813240554530098e-05,0.057933203577910326,0.05802133598345563
event_speed,2,-0.0008454216669384721,0.04935046871524453,0.050195890382183
event_speed,3,0.003869120068107488,0.05845921409961598,0.05459009403150849
event_speed,4,-0.007974982196025385,0.06787447402951181,0.0758494562255372
event_speed,5,-0.001729202936488608,0.06484398951933021,0.06657319245581882
event_speed,6,0.0009262236214728088,0.0735427263942285,0.07261650277275569
event_speed,7,-0.0025931326258785644,0.06464518376724523,0.0672383163931238
event_speed,8,-0.0005400200404353155,0.07464716869708565,0.07518718873752096
event_speed,9,0.004447157128487041,0.052378424969995986,0.047931267841508945
event_speed,10,0.001486537749653199,0.06016744102184409,0.058680903272190894
event_speed,11,-0.0036946895264308574,0.049426659685322956,0.053121349211753814
event_speed,12,0.009966377285646142,0.07005683677078046,0.06009045948513432
event_speed,13,-0.0012547250209885572,0.05569830437724503,0.05695302939823359
event_speed,14,0.00446833930945442,0.0813325365584956,0.07686419724904117
event_speed,15,0.018174907894121517,0.06021763822083473,0.04204273032671321
event_speed,16,0.010245125282243259,0.07260751194284318,0.06236238666059992
event_speed,17,0.010234983946536002,0.07004377923624151,0.05980879528970551
event_speed,18,0.004830377695543177,0.0677548671839554,0.06292448948841223
event_speed,19,0.016207844595532234,0.06728500910844766,0.05107716451291543
event_speed,20,0.011847516323404852,0.06670837791420174,0.05486086159079689
event_speed,21,0.0020881880231500734,0.07686294328041311,0.07477475525726304
event_speed,22,-0.008181675908530476,0.06590924573412302,0.07409092164265349
event_speed,23,-0.005299491055709132,0.053924899922962434,0.05922439097867156
event_speed,24,0.007301051179761359,0.06424889416960422,0.05694784298984286
event_speed,25,0.014241215066795498,0.06820051207926839,0.05395929701247289
event_speed,26,0.019823681062558537,0.08876721890002412,0.06894353783746558
event_speed,27,0.005536584175714614,0.0648617857813011,0.059325201605586485
event_speed,28,0.004913609212008531,0.07284107835012309,0.06792746913811455
event_speed,29,0.010330782842917732,0.05805556381483783,0.047724780971920094
event_speed,30,0.009783324142017841,0.05795784539848493,0.048174521256467095
event_speed,31,-0.005170301357371357,0.05973979505852577,0.06491009641589712
event_speed,32,0.018689489319730315,0.06408876782938434,0.04539927850965403
event_speed,33,-0.00849095830038201,0.07301050181918009,0.08150146011956211
event_speed,34,0.0026976293480845473,0.06506149683883591,0.06236386749075137
event_speed,35,0.016819721081379913,0.06207307887886032,0.04525335779748041
event_speed,36,0.004801080747121887,0.07234604266201387,0.06754496191489198
event_speed,37,0.006305238116747889,0.07544113840196336,0.06913590028521546
event_speed,38,-0.005363685989509311,0.06696132995035328,0.0723250159398626
event_speed,39,0.008875720524001972,0.05791859096059258,0.049042870436590606
event_speed,40,0.0023114346502237843,0.06886843227400438,0.0665569976237806
event_speed,41,0.0019705961642547893,0.06941408313351656,0.06744348696926177
event_speed,42,0.0006737128688147191,0.0682955701410054,0.06762185727219068
event_speed,43,-0.015111296170218773,0.06968205289771698,0.08479334906793576
event_speed,44,0.006682300049618776,0.054184425513542175,0.0475021254639234
event_speed,45,-0.0021704571155602417,0.07632634993629007,0.07849680705185032
event_speed,46,0.01145029852925903,0.0551325916533747,0.04368229312411567
event_speed,47,0.0074763933701572855,0.07463095243836476,0.06715455906820747
event_speed,48,-0.0005781313628303929,0.08112416347572902,0.08170229483855941
event_speed,49,0.011679692329019584,0.07799025548256978,0.0663105631535502
event_speed,50,0.00963674598542609,0.07067820296625295,0.06104145698082686
event_speed,51,0.004461969977318694,0.05598884179167776,0.05152687181435907
event_speed,52,0.0057709425678558616,0.06864705822943869,0.06287611566158283
event_speed,53,0.0048371065405819706,0.06954324937164097,0.064706142831059
event_speed,54,-0.004913933822078121,0.06064402429698825,0.06555795811906637
event_speed,55,0.013674063519684738,0.0702369666782994,0.05656290315861466
event_speed,56,0.00801382433554256,0.06362775476985807,0.05561393043431551
event_speed,57,-0.008273955116846258,0.0671458516829059,0.07541980679975216
event_speed,58,0.010995288604046772,0.06898140064559571,0.057986112041548944
event_speed,59,0.010599089046053646,0.07237268001004925,0.0617735909639956
event_speed,60,0.008257542289525095,0.052658005839687175,0.044400463550162084
event_speed,61,0.013837557258894538,0.07206427540853491,0.05822671814964037
event_speed,62,0.005948931525924988,0.06177182891257516,0.055822897386650173
event_speed,63,0.013992288917987409,0.0769234470325245,0.06293115811453709
event_speed,64,0.01146614050586414,0.07947528143328321,0.06800914092741907
event_speed,65,-4.450140620195021e-05,0.0692549353654778,0.06929943677167975
event_speed,66,0.006931776815667888,0.07239389915553557,0.06546212233986767
event_speed,67,0.003567970933266597,0.07230263506778412,0.06873466413451752
event_speed,68,0.010178542969642703,0.06715975741193826,0.05698121444229556
event_speed,69,0.004977165342906732,0.06442507431351384,0.05944790897060711
event_speed,70,0.0025270512684452207,0.06981381324406645,0.06728676197562122
event_speed,71,0.008437140599347599,0.05586207904970166,0.04742493845035406
event_speed,72,-0.000169157618722479,0.06731068852161409,0.06747984614033657
event_speed,73,-0.0006873690933373678,0.06006344993169459,0.06075081902503195
event_speed,74,0.00435775837844707,0.058266928859545035,0.053909170481097966
event_speed,75,-0.004954179480138211,0.0637828468825367,0.06873702636267491
event_speed,76,-0.010443701077479862,0.06364342112710318,0.07408712220458305
event_speed,77,0.011237915455567613,0.05717068288911915,0.045932767433551534
event_speed,78,0.009135980768564613,0.07794427383667751,0.0688082930681129
event_speed,79,0.008298487379202399,0.06677961864791983,0.05848113126871743
event_speed,80,0.004644876360266598,0.06336603651372932,0.05872116015346272
event_speed,81,0.0076570644316878884,0.0679759713890078,0.06031890695731991
event_speed,82,-0.0017989528447290507,0.06368514479110965,0.0654840976358387
event_speed,83,0.008947699180332442,0.05131648092175468,0.04236878174142224
event_speed,84,0.0014742581288228007,0.06996889637552052,0.06849463824669771
event_speed,85,0.00431411599820788,0.05879994025226257,0.05448582425405469
event_speed,86,-0.00978765583536239,0.05459674203202147,0.06438439786738387
event_speed,87,-0.00010540129100811146,0.06265150634752656,0.06275690763853467
event_speed,88,-0.005131652055314957,0.06240963618260347,0.06754128823791843
event_speed,89,0.011061480092052545,0.06446661380957124,0.05340513371751869
event_speed,90,-0.005336662010409029,0.07084547070969106,0.07618213272010009
event_speed,91,-0.0056111082401262315,0.0771966207866464,0.08280772902677262
event_speed,92,0.009488833432206491,0.09259763679952616,0.08310880336731967
event_speed,93,0.001111400122304789,0.04340927646719954,0.04229787634489475
event_speed,94,-0.006555371538892173,0.06304082608390232,0.0695961976227945
event_speed,95,-0.0007608283667805166,0.040770488576867464,0.04153131694364798
event_speed,96,0.001795323206174807,0.06676175620253767,0.06496643299636287
event_speed,97,0.009367381664143365,0.07830371008705211,0.06893632842290875
event_speed,98,0.005118893902908232,0.06159564090829066,0.056476747005382424
event_speed,99,0.009321593926101858,0.06455731016153152,0.05523571623542966
event_gross_volume,0,0.01441111599153495,0.042533632946906146,0.028122516955371196
event_gross_volume,1,0.015798421452034656,0.04876133431522119,0.03296291286318653
event_gross_volume,2,0.01089685367105111,0.047122314952291654,0.036225461281240545
event_gross_volume,3,0.012077755942370068,0.04972807982252058,0.037650323880150514
event_gross_volume,4,0.008794598827110625,0.05662943747958298,0.04783483865247236
event_gross_volume,5,0.02723320244583986,0.03569746050145527,0.008464258055615414
event_gross_volume,6,0.01572912324728758,0.03552469997291116,0.01979557672562358
event_gross_volume,7,0.012268001071792054,0.040782679209435437,0.028514678137643384
event_gross_volume,8,-0.004517817997617244,0.04126085034359474,0.045778668341211984
event_gross_volume,9,0.017661315255153263,0.05100805953474122,0.033346744279587955
event_gross_volume,10,0.014462710381964453,0.032828292049647115,0.01836558166768266
event_gross_volume,11,0.009517319688283359,0.04123808922146958,0.03172076953318622
event_gross_volume,12,0.014998917054131656,0.04196476285268254,0.02696584579855088
event_gross_volume,13,0.012807197006989693,0.04871436694135433,0.03590716993436464
event_gross_volume,14,0.01833602010717608,0.03435803868030148,0.016022018573125404
event_gross_volume,15,0.01764091601971241,0.04499095776476633,0.027350041745053923
event_gross_volume,16,0.024270372751184644,0.04221151171386653,0.017941138962681884
event_gross_volume,17,0.012176593248206004,0.04182087611132896,0.029644282863122956
event_gross_volume,18,0.012036072043714473,0.04602678881775407,0.0339907167740396
event_gross_volume,19,0.01627754688859507,0.055669205214259485,0.039391658325664415
event_gross_volume,20,0.01579486974739339,0.03839512213441002,0.022600252387016632
event_gross_volume,21,0.004993056664835164,0.04212075558928854,0.037127698924453376
event_gross_volume,22,0.007995925592221807,0.0413720914974169,0.03337616590519509
event_gross_volume,23,0.014504224818263644,0.04684246915586003,0.032338244337596384
event_gross_volume,24,0.013934383056967242,0.03426242192867392,0.020328038871706675
event_gross_volume,25,0.01203620990534197,0.07011281035230395,0.05807660044696197
event_gross_volume,26,0.013113186851782503,0.04017241237041885,0.02705922551863635
event_gross_volume,27,0.01342725994023828,0.049186141443424085,0.035758881503185805
event_gross_volume,28,0.014485135754595382,0.044099838977342536,0.029614703222747153
event_gross_volume,29,0.009677071871460588,0.027381509981505733,0.017704438110045143
event_gross_volume,30,0.010696471749509152,0.046275358817442255,0.03557888706793311
event_gross_volume,31,0.016924775167122937,0.042945382810418785,0.02602060764329585
event_gross_volume,32,0.010949558441000689,0.039882865810602096,0.028933307369601407
event_gross_volume,33,0.013373067803936812,0.04021988915606335,0.02684682135212654
event_gross_volume,34,0.009097570564247199,0.04830352579169826,0.039205955227451066
event_gross_volume,35,0.017051491146122123,0.05091621232511874,0.03386472117899662
event_gross_volume,36,0.012343737992996198,0.05929123908611408,0.04694750109311788
event_gross_volume,37,0.01202212257741184,0.045997209894253425,0.03397508731684158
event_gross_volume,38,0.01774021204944989,0.04823963585585831,0.03049942380640842
event_gross_volume,39,0.012300331083302345,0.047368295357451726,0.03506796427414938
event_gross_volume,40,0.0060492620861334135,0.04418304811339462,0.03813378602726121
event_gross_volume,41,0.0171044935696796,0.03605267930336863,0.018948185733689032
event_gross_volume,42,0.011513179167086196,0.03471995230158163,0.023206773134495436
event_gross_volume,43,0.014294835601856144,0.060756919298156395,0.046462083696300255
event_gross_volume,44,0.021202376870954557,0.06109182158679982,0.03988944471584527
event_gross_volume,45,0.01027297292897052,0.038369950723414155,0.028096977794443635
event_gross_volume,46,0.013675119138775357,0.03754816437585287,0.023873045237077513
event_gross_volume,47,0.014649706658416337,0.030890614929225537,0.0162409082708092
event_gross_volume,48,0.012862921863904985,0.02970543687922768,0.016842515015322693
event_gross_volume,49,0.01591428644275919,0.03731695511288151,0.02140266867012232
event_gross_volume,50,0.017482274449696206,0.03306972228675086,0.015587447837054656
event_gross_volume,51,0.00917472648046101,0.037736003618211576,0.028561277137750564
event_gross_volume,52,0.014528849906953087,0.05554502187064364,0.041016171963690555
event_gross_volume,53,0.016865960923275296,0.03916653654736153,0.022300575624086237
event_gross_volume,54,0.014364329038986866,0.0432332955108023,0.028868966471815437
event_gross_volume,55,0.011137242751639104,0.040256677859106436,0.029119435107467333
event_gross_volume,56,0.01032128466523578,0.041924442383955735,0.03160315771871995
event_gross_volume,57,0.018485680057944962,0.03258564580849158,0.01409996575054662
event_gross_volume,58,0.0050755130899723154,0.035435263215344605,0.03035975012537229
event_gross_volume,59,0.007787552030241945,0.04741308169178578,0.03962552966154383
event_gross_volume,60,0.02216179045559707,0.056209781781258066,0.034047991325661
event_gross_volume,61,0.01045701080296343,0.04469035881630374,0.03423334801334031
event_gross_volume,62,0.018436639346497107,0.06104462019472321,0.042607980848226104
event_gross_volume,63,0.004833559542609763,0.023418416761308816,0.01858485721869905
event_gross_volume,64,0.019177020327534676,0.03164330654996527,0.012466286222430595
event_gross_volume,65,0.015686967827595887,0.04355286692277637,0.027865899095180485
event_gross_volume,66,0.018472303605707212,0.06274762379530899,0.04427532018960177
event_gross_volume,67,0.007630400455703437,0.03811413753153603,0.030483737075832594
event_gross_volume,68,0.015893556227989127,0.03337100286354949,0.017477446635560365
event_gross_volume,69,0.003561119256674591,0.035668916256192555,0.03210779699951796
event_gross_volume,70,0.012285932984443092,0.033275510429889986,0.020989577445446893
event_gross_volume,71,0.010039323061688175,0.03337291332447666,0.023333590262788483
event_gross_volume,72,0.005831858229806562,0.041423237824719704,0.03559137959491314
event_gross_volume,73,0.013247062826567822,0.06999890451487711,0.056751841688309296
event_gross_volume,74,0.0032972863345940165,0.030628395917742558,0.027331109583148543
event_gross_volume,75,0.011492104579674112,0.034196956318576346,0.022704851738902236
event_gross_volume,76,0.0060374687470668075,0.048925395056885444,0.042887926309818636
event_gross_volume,77,0.022052996116690718,0.05941182532305757,0.03735882920636685
event_gross_volume,78,0.01073074172567984,0.05586872800151634,0.045137986275836504
event_gross_volume,79,0.019155762628674824,0.04588124457895556,0.026725481950280735
event_gross_volume,80,0.011167762327786658,0.05487174000658699,0.04370397767880033
event_gross_volume,81,0.011187631940033287,0.047209961604753235,0.03602232966471995
event_gross_volume,82,0.00938383030427341,0.03025573242954808,0.02087190212527467
event_gross_volume,83,0.003513129103104878,0.018397070509177202,0.014883941406072323
event_gross_volume,84,0.009162284038766354,0.0353947415530519,0.02623245751428555
event_gross_volume,85,0.012060051682713437,0.038219358000088764,0.026159306317375328
event_gross_volume,86,0.021188473988150835,0.05297710735976299,0.031788633371612154
event_gross_volume,87,0.01013132999480689,0.019806730648681655,0.009675400653874766
event_gross_volume,88,0.011902209949390086,0.052423651496401276,0.04052144154701119
event_gross_volume,89,0.014380196414102828,0.039019687945366185,0.02463949153126336
event_gross_volume,90,0.01767768855477953,0.04788653597950219,0.03020884742472266
event_gross_volume,91,0.008222286633854839,0.04493211173202606,0.03670982509817122
event_gross_volume,92,0.015956989334527546,0.04398601290930001,0.028029023574772462
event_gross_volume,93,0.008708428532513576,0.040490756402331234,0.03178232786981766
event_gross_volume,94,0.011556914771057324,0.03913153963279599,0.027574624861738666
event_gross_volume,95,0.009274081314615908,0.04165087442735922,0.032376793112743316
event_gross_volume,96,0.009557032041575876,0.03450357284355267,0.024946540801976794
event_gross_volume,97,0.007987964580932396,0.04903715810247011,0.041049193521537714
event_gross_volume,98,0.013249516802861128,0.03877826248611995,0.025528745683258823
event_gross_volume,99,0.011945038492314911,0.04750873213246771,0.0355636936401528
event_raw_btc_per_second,0,0.015000482272042825,0.046682571583511426,0.0316820893114686
event_raw_btc_per_second,1,0.0058977970261621555,0.040665603709380174,0.03476780668321802
event_raw_btc_per_second,2,0.018693001616636555,0.06049840114701271,0.04180539953037615
event_raw_btc_per_second,3,0.024034109068946978,0.05486236425631985,0.030828255187372873
event_raw_btc_per_second,4,0.0002816810776575076,0.03910294870422888,0.03882126762657138
event_raw_btc_per_second,5,0.012329443019114353,0.05625121766328872,0.04392177464417437
event_raw_btc_per_second,6,0.01481186571305648,0.060725323348190786,0.045913457635134304
event_raw_btc_per_second,7,0.014217734399117651,0.07618358353661055,0.061965849137492895
event_raw_btc_per_second,8,0.008238732333140372,0.05727612283881317,0.049037390505672795
event_raw_btc_per_second,9,0.0008657507347538457,0.06158566967190681,0.060719918937152964
event_raw_btc_per_second,10,0.005984986433871245,0.06420248683452418,0.05821750040065293
event_raw_btc_per_second,11,0.019874870117629836,0.05682793026121879,0.036953060143588956
event_raw_btc_per_second,12,0.006031873062459166,0.05756400278947205,0.05153212972701289
event_raw_btc_per_second,13,0.012398716158072498,0.06232179011898725,0.049923073960914756
event_raw_btc_per_second,14,0.0075104645129944764,0.05293969097397113,0.045429226460976656
event_raw_btc_per_second,15,0.015894253679320527,0.04254477387171192,0.02665052019239139
event_raw_btc_per_second,16,0.005619939223901129,0.05341019730181236,0.04779025807791123
event_raw_btc_per_second,17,0.00962527124240667,0.060737241952589734,0.051111970710183065
event_raw_btc_per_second,18,0.017066924871720537,0.0371508950001438,0.02008397012842326
event_raw_btc_per_second,19,0.007064527171194352,0.04272313748079742,0.035658610309603066
event_raw_btc_per_second,20,0.013054874744502412,0.0522261988842564,0.03917132413975399
event_raw_btc_per_second,21,0.016146234710841024,0.05612671416601973,0.0399804794551787
event_raw_btc_per_second,22,0.018297943162056633,0.04820094107055586,0.029902997908499224
event_raw_btc_per_second,23,0.013331201901131563,0.059522053605673,0.046190851704541444
event_raw_btc_per_second,24,0.012002475878995247,0.048611095640766655,0.036608619761771405
event_raw_btc_per_second,25,0.002852387943182513,0.06662133315152885,0.06376894520834633
event_raw_btc_per_second,26,-0.0017272391119795495,0.058783046094670464,0.060510285206650014
event_raw_btc_per_second,27,0.014793326509413257,0.06355288679351895,0.04875956028410569
event_raw_btc_per_second,28,0.006540101163464616,0.0697066756541902,0.06316657449072557
event_raw_btc_per_second,29,0.017705267400517172,0.0553847261145802,0.03767945871406303
event_raw_btc_per_second,30,0.01305934853774535,0.061545363989472385,0.04848601545172704
event_raw_btc_per_second,31,0.021804608396623293,0.06882584678513481,0.04702123838851152
event_raw_btc_per_second,32,0.016217238870998508,0.05301797406194458,0.036800735190946066
event_raw_btc_per_second,33,0.010468697830232439,0.05827234746485644,0.047803649634624
event_raw_btc_per_second,34,0.015301864163184723,0.05932206314506639,0.04402019898188167
event_raw_btc_per_second,35,0.019303513010280833,0.07853617463023689,0.05923266161995606
event_raw_btc_per_second,36,0.010880752591487967,0.062177082862412456,0.05129633027092449
event_raw_btc_per_second,37,0.013285294618334952,0.06939338771075641,0.05610809309242146
event_raw_btc_per_second,38,0.013341999373104053,0.041697865272690926,0.02835586589958687
event_raw_btc_per_second,39,0.014536850958356906,0.05549290757845727,0.040956056620100365
event_raw_btc_per_second,40,0.01231847549313089,0.05912500347710352,0.046806527983972626
event_raw_btc_per_second,41,0.01638287568965897,0.07328596629306432,0.05690309060340534
event_raw_btc_per_second,42,0.0027619543734819043,0.054427942726727054,0.05166598835324515
event_raw_btc_per_second,43,0.006869989683525641,0.056672186730139094,0.049802197046613456
event_raw_btc_per_second,44,0.015052834671298409,0.061921501755596166,0.04686866708429776
event_raw_btc_per_second,45,0.012300955308631338,0.04723164574685245,0.03493069043822111
event_raw_btc_per_second,46,0.0013061600820783704,0.05155807227801241,0.050251912195934036
event_raw_btc_per_second,47,0.011910290718840855,0.05050573911683574,0.03859544839799489
event_raw_btc_per_second,48,0.019655599464732294,0.06555693553358323,0.04590133606885094
event_raw_btc_per_second,49,0.008061996702664824,0.04573396420319029,0.03767196750052547
event_raw_btc_per_second,50,0.013347159499886468,0.04997032072111541,0.03662316122122894
event_raw_btc_per_second,51,0.005431122587169873,0.05886710600200515,0.05343598341483528
event_raw_btc_per_second,52,0.014276646387814444,0.0550197627042381,0.040743116316423654
event_raw_btc_per_second,53,0.004650652915289712,0.03853581170023371,0.033885158784944
event_raw_btc_per_second,54,0.005796879553420554,0.06401432373748182,0.05821744418406127
event_raw_btc_per_second,55,0.012970775037004046,0.06091586654438772,0.04794509150738367
event_raw_btc_per_second,56,0.013666506502306365,0.061240829846329316,0.04757432334402295
event_raw_btc_per_second,57,0.014942301278150948,0.05736752609994285,0.042425224821791896
event_raw_btc_per_second,58,0.008806890358815149,0.05570220171018614,0.04689531135137099
event_raw_btc_per_second,59,0.011294486771463554,0.03693617302318356,0.02564168625172001
event_raw_btc_per_second,60,0.008958935597115294,0.06389197655100985,0.054933040953894556
event_raw_btc_per_second,61,0.01691634478743882,0.060310709227960606,0.04339436444052179
event_raw_btc_per_second,62,0.012584256251471687,0.04725559007839554,0.034671333826923854
event_raw_btc_per_second,63,0.01872718728548859,0.05726311361111145,0.03853592632562286
event_raw_btc_per_second,64,0.004127896779740781,0.0365600107741559,0.03243211399441512
event_raw_btc_per_second,65,0.015527423540650887,0.042240900883370854,0.026713477342719966
event_raw_btc_per_second,66,0.012121323529035218,0.06365568930132694,0.051534365772291715
event_raw_btc_per_second,67,0.007588152625508713,0.054452488878464024,0.04686433625295531
event_raw_btc_per_second,68,0.012753259251967124,0.05646664982185211,0.043713390569884984
event_raw_btc_per_second,69,0.009371706878987779,0.07126595450380277,0.06189424762481499
event_raw_btc_per_second,70,0.014425051797611003,0.0643047365747665,0.0498796847771555
event_raw_btc_per_second,71,0.01153893204599629,0.04641789937569289,0.0348789673296966
event_raw_btc_per_second,72,0.011778553849229373,0.07237265150034708,0.06059409765111771
event_raw_btc_per_second,73,0.014024364839345592,0.06224445927310552,0.04822009443375993
event_raw_btc_per_second,74,0.0008850211069824213,0.06350392264525243,0.06261890153827
event_raw_btc_per_second,75,0.007840232475214697,0.04732421200737404,0.03948397953215935
event_raw_btc_per_second,76,0.008090616842786932,0.04735672413091706,0.039266107288130125
event_raw_btc_per_second,77,0.02024083721349835,0.050803601742099566,0.030562764528601218
event_raw_btc_per_second,78,0.005853192740164532,0.057386016803449916,0.05153282406328538
event_raw_btc_per_second,79,0.012683815701620114,0.05533626375460547,0.04265244805298536
event_raw_btc_per_second,80,0.004856497375537317,0.046779012089229785,0.04192251471369247
event_raw_btc_per_second,81,0.003931960183745811,0.058937985951785,0.055006025768039195
event_raw_btc_per_second,82,0.015646870763255997,0.06886565210960097,0.05321878134634497
event_raw_btc_per_second,83,0.014369391415153464,0.05467930842849882,0.04030991701334536
event_raw_btc_per_second,84,0.022932201113880637,0.06099745991522781,0.038065258801347174
event_raw_btc_per_second,85,0.018198913133375728,0.05031071273549629,0.03211179960212056
event_raw_btc_per_second,86,0.009165312731145193,0.05143086041448933,0.04226554768334413
event_raw_btc_per_second,87,0.00905382501511053,0.06749339934214293,0.0584395743270324
event_raw_btc_per_second,88,0.012839118331547585,0.06156805530755551,0.04872893697600793
event_raw_btc_per_second,89,0.013179521589237768,0.06584021795758303,0.052660696368345264
event_raw_btc_per_second,90,0.017601149280780628,0.06987593509336013,0.052274785812579494
event_raw_btc_per_second,91,0.009872316216099452,0.06528197819310447,0.05540966197700502
event_raw_btc_per_second,92,0.014185304350507954,0.061987160304602,0.04780185595409405
event_raw_btc_per_second,93,0.011045532311411607,0.06947856011567737,0.05843302780426576
event_raw_btc_per_second,94,0.012102765170288429,0.07046746233903403,0.0583646971687456
event_raw_btc_per_second,95,0.013499619165682552,0.06931135643285469,0.05581173726717213
event_raw_btc_per_second,96,0.00423233132575969,0.06670462227694901,0.06247229095118932
event_raw_btc_per_second,97,0.02623324245711279,0.05269647505397308,0.026463232596860294
event_raw_btc_per_second,98,0.01291788714690794,0.043734150976584,0.03081626382967606
event_raw_btc_per_second,99,0.006689982187737492,0.047237414893996646,0.04054743270625916
event_relative_flow_rate,0,-6.984578710776705e-05,0.051527673166114035,0.0515975189532218
event_relative_flow_rate,1,-0.007239834608459745,0.027826327049714734,0.03506616165817448
event_relative_flow_rate,2,-0.006891482345189952,0.044095725481346416,0.05098720782653637
event_relative_flow_rate,3,-0.0010414708869694268,0.03499005495837594,0.036031525845345365
event_relative_flow_rate,4,-0.003619497727605262,0.03518413394442486,0.03880363167203012
event_relative_flow_rate,5,-0.007196262788018171,0.060819087325026604,0.06801535011304477
event_relative_flow_rate,6,-0.0022374392932196755,0.04791667486643714,0.050154114159656815
event_relative_flow_rate,7,0.00030712865566722314,0.03606592283459638,0.03575879417892915
event_relative_flow_rate,8,-0.006121552824698422,0.05334329525043431,0.059464848075132734
event_relative_flow_rate,9,-0.0019519080816461972,0.05890190100125418,0.060853809082900376
event_relative_flow_rate,10,-0.002466126754755998,0.05860339666734756,0.06106952342210356
event_relative_flow_rate,11,-0.004256698140077933,0.06114992224905004,0.06540662038912798
event_relative_flow_rate,12,-0.00840582531485871,0.04826954075994303,0.05667536607480174
event_relative_flow_rate,13,-0.00484382115699659,0.049186701029819,0.05403052218681559
event_relative_flow_rate,14,-0.002369790009153585,0.04431101995757287,0.04668080996672645
event_relative_flow_rate,15,0.00016943752364386965,0.04064069386376247,0.0404712563401186
event_relative_flow_rate,16,-0.006652263961317075,0.036316979899520256,0.04296924386083733
event_relative_flow_rate,17,-0.005073696613752984,0.023331923460685324,0.02840562007443831
event_relative_flow_rate,18,-0.00892151487811417,0.05982794241044659,0.06874945728856076
event_relative_flow_rate,19,-0.002589284756920555,0.04309761844741128,0.04568690320433184
event_relative_flow_rate,20,-0.011675774042448605,0.02306183056039003,0.03473760460283864
event_relative_flow_rate,21,-0.007300854897471827,0.051365172935805364,0.05866602783327719
event_relative_flow_rate,22,-0.0061202539574445325,0.038526161986279436,0.04464641594372397
event_relative_flow_rate,23,-0.005923257901748226,0.03242312867469352,0.038346386576441745
event_relative_flow_rate,24,-0.008201813937037691,0.04735875810863595,0.05556057204567364
event_relative_flow_rate,25,0.0012737189414563535,0.05655056082915221,0.05527684188769586
event_relative_flow_rate,26,-0.0004920501166179884,0.0447686213229378,0.04526067143955579
event_relative_flow_rate,27,-0.004377674048604895,0.0539662222039189,0.05834389625252379
event_relative_flow_rate,28,0.0005126838141099012,0.039068002974688334,0.03855531916057843
event_relative_flow_rate,29,-0.004514055908811195,0.03673900073660915,0.041253056645420345
event_relative_flow_rate,30,-0.004920678396457412,0.058221121331940594,0.06314179972839801
event_relative_flow_rate,31,-0.004065225113860714,0.05244126513513762,0.05650649024899833
event_relative_flow_rate,32,-0.0014970168030958887,0.06099610880597462,0.06249312560907051
event_relative_flow_rate,33,-0.0019082661302019198,0.037351785519558055,0.03926005164975997
event_relative_flow_rate,34,-0.00905515020990616,0.04684472208804465,0.05589987229795081
event_relative_flow_rate,35,-0.0059566017306265095,0.056884894361024674,0.06284149609165118
event_relative_flow_rate,36,-0.0024489720674787763,0.04911258560207025,0.05156155766954902
event_relative_flow_rate,37,-0.0012381149192796698,0.025274538192612578,0.026512653111892246
event_relative_flow_rate,38,-0.0013801801995418411,0.03762292453196459,0.039003104731506436
event_relative_flow_rate,39,-0.0027451783794145983,0.04068475634539341,0.04342993472480801
event_relative_flow_rate,40,-0.003343242883143746,0.03224993537245292,0.03559317825559667
event_relative_flow_rate,41,-0.008829905021021862,0.055101092722096665,0.06393099774311853
event_relative_flow_rate,42,-0.009519946247685627,0.03436919683310311,0.04388914308078874
event_relative_flow_rate,43,0.003405124145128339,0.07050186069367141,0.06709673654854308
event_relative_flow_rate,44,-0.011479988309620631,0.057868157351505314,0.06934814566112595
event_relative_flow_rate,45,-0.0028181819097905323,0.05902514766349958,0.06184332957329011
event_relative_flow_rate,46,-0.0039113803974705885,0.05442616655691876,0.05833754695438935
event_relative_flow_rate,47,-0.0009414237639366467,0.041692605010013664,0.04263402877395031
event_relative_flow_rate,48,-0.004388798548328977,0.050836642608597896,0.055225441156926874
event_relative_flow_rate,49,-0.006793522810540841,0.03714180874162872,0.04393533155216956
event_relative_flow_rate,50,-0.004393478434292435,0.05300650144902121,0.05739997988331364
event_relative_flow_rate,51,-0.00357069771199729,0.05351479092877015,0.05708548864076744
event_relative_flow_rate,52,-0.003867585692151198,0.05122653411287117,0.055094119805022365
event_relative_flow_rate,53,-0.0038459013794100287,0.060847258057966196,0.06469315943737622
event_relative_flow_rate,54,-0.008225716472337248,0.03395402165630017,0.042179738128637415
event_relative_flow_rate,55,-0.001180890582916517,0.03747583942532129,0.038656730008237807
event_relative_flow_rate,56,-0.0020137209495851446,0.05266121922042952,0.05467494017001466
event_relative_flow_rate,57,-0.0017140914236211326,0.04772108122995537,0.049435172653576505
event_relative_flow_rate,58,-0.008527994940734345,0.05554048239812292,0.06406847733885726
event_relative_flow_rate,59,-0.006685637557252101,0.041416430240035794,0.048102067797287894
event_relative_flow_rate,60,-0.006476650034847296,0.031707346098355634,0.03818399613320293
event_relative_flow_rate,61,-0.004232293847495239,0.060553475901401047,0.06478576974889629
event_relative_flow_rate,62,-0.010588861294185707,0.05521689003454662,0.06580575132873233
event_relative_flow_rate,63,0.002576285598528409,0.042600232582692237,0.040023946984163825
event_relative_flow_rate,64,-0.0024666893851837055,0.03598041239819498,0.038447101783378686
event_relative_flow_rate,65,-0.0012514305620693004,0.0398900735425149,0.0411415041045842
event_relative_flow_rate,66,-0.003686495038688853,0.06207805764990719,0.06576455268859605
event_relative_flow_rate,67,0.0027638072530735847,0.043822555018418974,0.04105874776534539
event_relative_flow_rate,68,-0.006623989302169208,0.06832060757866408,0.07494459688083328
event_relative_flow_rate,69,-0.004677676745920354,0.038459172520010076,0.04313684926593043
event_relative_flow_rate,70,-0.007382070356152929,0.05167717744666739,0.05905924780282032
event_relative_flow_rate,71,-0.0026625426930321503,0.046062649845339865,0.048725192538372014
event_relative_flow_rate,72,0.001875810248295143,0.043310281460850024,0.041434471212554884
event_relative_flow_rate,73,-0.012332709337366106,0.041008552636649806,0.05334126197401591
event_relative_flow_rate,74,-0.005383775016867349,0.03904648438247464,0.04443025939934199
event_relative_flow_rate,75,-0.00513419081508032,0.0515793084565972,0.05671349927167752
event_relative_flow_rate,76,-0.006767161410196927,0.040416994977829135,0.04718415638802606
event_relative_flow_rate,77,-0.0049352767584555,0.04072504220890448,0.04566031896735998
event_relative_flow_rate,78,-0.010481716371249325,0.044265187839828586,0.05474690421107791
event_relative_flow_rate,79,-0.003262251102574245,0.06061913183639481,0.06388138293896906
event_relative_flow_rate,80,-0.005106406230727713,0.058772605326000635,0.06387901155672834
event_relative_flow_rate,81,-0.0009919379454900194,0.0444166505881092,0.04540858853359922
event_relative_flow_rate,82,-0.0013035081205897746,0.04545009223751276,0.04675360035810253
event_relative_flow_rate,83,-0.0012268206702315705,0.042722243195331466,0.043949063865563034
event_relative_flow_rate,84,0.0015084006337730434,0.06527456778527022,0.06376616715149717
event_relative_flow_rate,85,-0.0020599778400988123,0.03742654031720834,0.03948651815730715
event_relative_flow_rate,86,-0.005079287103907525,0.03496340986918214,0.04004269697308966
event_relative_flow_rate,87,-0.0016077398702045544,0.030570444719406717,0.03217818458961127
event_relative_flow_rate,88,-0.004408534341725487,0.05707732961150777,0.06148586395323326
event_relative_flow_rate,89,-0.007762931428961539,0.0510275635386426,0.05879049496760414
event_relative_flow_rate,90,0.004417864319042494,0.035821942436561324,0.03140407811751883
event_relative_flow_rate,91,-0.0032298570848584233,0.037417829432297094,0.040647686517155515
event_relative_flow_rate,92,-0.007224335889016918,0.03626791564876387,0.04349225153778079
event_relative_flow_rate,93,-0.012836412680261273,0.05179562178843938,0.06463203446870065
event_relative_flow_rate,94,-0.003663656156235167,0.04005860609422097,0.04372226225045613
event_relative_flow_rate,95,-0.004754874788488584,0.03148682561914054,0.03624170040762913
event_relative_flow_rate,96,-0.006568796403355817,0.03307072990783329,0.039639526311189104
event_relative_flow_rate,97,-0.006153950714332777,0.020192977404975755,0.026346928119308534
event_relative_flow_rate,98,-0.011958448175962514,0.04413419870258322,0.05609264687854573
event_relative_flow_rate,99,-0.004729917198783605,0.03759818426147675,0.04232810146026036
time_event_count,0,8.047139208801578e-05,0.14813849241950663,0.1480580210274186
time_event_count,1,0.004211475475652524,0.13704160877191207,0.13283013329625953
time_event_count,2,0.0015135999770992923,0.1253950533410616,0.12388145336396231
time_event_count,3,0.003606628811044263,0.1257924448222788,0.12218581601123454
time_event_count,4,0.0020832396631592057,0.1145855572145681,0.1125023175514089
time_event_count,5,0.0010156036718173512,0.15264551495335402,0.15162991128153666
time_event_count,6,0.008199007529414624,0.1473055450804346,0.13910653755101998
time_event_count,7,-0.001545092653017358,0.1355823096723719,0.13712740232538925
time_event_count,8,0.00508863306585201,0.12429350387619413,0.11920487081034212
time_event_count,9,0.005931481978835714,0.1458834128611059,0.13995193088227018
time_event_count,10,-0.002382480502510519,0.15343707289283487,0.1558195533953454
time_event_count,11,0.0009084904159993796,0.16737073833939609,0.1664622479233967
time_event_count,12,0.004515056136168091,0.1250779448075864,0.12056288867141832
time_event_count,13,-4.336618282189741e-05,0.13015497136743853,0.13019833755026042
time_event_count,14,0.0065171052797555,0.1294541274948433,0.1229370222150878
time_event_count,15,0.0006781801957423352,0.12978071938126556,0.12910253918552322
time_event_count,16,0.0006095377767057523,0.12120212415640652,0.12059258637970077
time_event_count,17,0.0033898906277938174,0.12300913154617724,0.11961924091838341
time_event_count,18,0.0005707627126226052,0.12914260066874447,0.12857183795612187
time_event_count,19,-0.0006634314161814232,0.14327500547045272,0.14393843688663413
time_event_count,20,-0.006688029808025111,0.15499291802980536,0.16168094783783046
time_event_count,21,0.009282297266092683,0.12436233707652207,0.11508003981042939
time_event_count,22,-0.002439634765457421,0.1554041371470933,0.15784377191255072
time_event_count,23,0.006370583719704759,0.1304573860673208,0.12408680234761604
time_event_count,24,-0.007372462054869642,0.13954195592712496,0.1469144179819946
time_event_count,25,0.0008483553259694298,0.15408517718656609,0.15323682186059664
time_event_count,26,0.006477775140075594,0.15277676176014707,0.1462989866200715
time_event_count,27,-0.0011919752626125518,0.12234638573050607,0.12353836099311863
time_event_count,28,-0.003991875014166236,0.13513393615320335,0.13912581116736958
time_event_count,29,0.0050734949086332975,0.11584498877426337,0.11077149386563008
time_event_count,30,0.0030077038192420228,0.14623485899545574,0.1432271551762137
time_event_count,31,0.0004827220926428774,0.16492577446226944,0.16444305236962656
time_event_count,32,-0.01188364341186372,0.10117189951710644,0.11305554292897016
time_event_count,33,-0.004632538615600459,0.13533062120367254,0.139963159819273
time_event_count,34,0.0034170230981607065,0.1218019416794585,0.1183849185812978
time_event_count,35,-0.0021639574135855592,0.1257541294224267,0.12791808683601225
time_event_count,36,0.0038915335277878616,0.13708346819600914,0.13319193466822127
time_event_count,37,-0.0010727085221948233,0.11480126552795443,0.11587397405014925
time_event_count,38,0.004412752111677403,0.12208128076854456,0.11766852865686715
time_event_count,39,-0.0004259405219949205,0.14813545483041274,0.14856139535240767
time_event_count,40,0.001949898893995377,0.1493642946283444,0.14741439573434903
time_event_count,41,0.009574473600950905,0.1499303301604401,0.1403558565594892
time_event_count,42,-0.0015547491063363568,0.13658404291328693,0.13813879201962329
time_event_count,43,0.001305337869995008,0.12406215801380925,0.12275682014381424
time_event_count,44,-0.0010995277964685475,0.16073700004483657,0.16183652784130512
time_event_count,45,0.0002503003506872173,0.13346107354544368,0.13321077319475647
time_event_count,46,-0.0038428673993224113,0.13619587512401568,0.1400387425233381
time_event_count,47,0.0008557124540711374,0.13499571410245487,0.13414000164838372
time_event_count,48,0.0022906785596432592,0.14650641263995345,0.1442157340803102
time_event_count,49,0.006556251812255367,0.1316494360668675,0.12509318425461213
time_event_count,50,0.004892799475031073,0.11373414804214602,0.10884134856711494
time_event_count,51,0.014443307305146598,0.13784556111630675,0.12340225381116016
time_event_count,52,-0.004893135953451415,0.12690674522744835,0.13179988118089978
time_event_count,53,0.0020983993559673658,0.1463238992825072,0.14422549992653982
time_event_count,54,0.001564505963733939,0.17573388850720972,0.17416938254347578
time_event_count,55,-0.0018337832365776694,0.17546439879552855,0.17729818203210623
time_event_count,56,0.007872531624910091,0.12648848687787137,0.11861595525296129
time_event_count,57,-0.0008073622645022733,0.17090158255838653,0.17170894482288881
time_event_count,58,-0.007523942189906204,0.1282574848096536,0.1357814269995598
time_event_count,59,0.0014620714097187302,0.13161534427106206,0.13015327286134332
time_event_count,60,-0.003310186802977135,0.12104932939622527,0.12435951619920241
time_event_count,61,0.006319272287185982,0.13972904469520556,0.13340977240801957
time_event_count,62,0.006558984481173916,0.15323041614803254,0.14667143166685861
time_event_count,63,0.0034043570900279944,0.11808913472516341,0.11468477763513542
time_event_count,64,0.004988720099703587,0.13256866840753384,0.12757994830783026
time_event_count,65,-0.008218507698767114,0.12670804132864705,0.13492654902741416
time_event_count,66,0.010914262939236455,0.16113157521156724,0.1502173122723308
time_event_count,67,0.00044109034881603253,0.130551484688935,0.13011039434011895
time_event_count,68,-0.004497763507365323,0.128649559751141,0.13314732325850634
time_event_count,69,0.005526733922135208,0.11458292784988758,0.10905619392775237
time_event_count,70,-0.0019426598325651176,0.14291090408510954,0.14485356391767465
time_event_count,71,0.0021721884291903805,0.11664679528042242,0.11447460685123204
time_event_count,72,0.00549096646801876,0.18239364778859526,0.17690268132057652
time_event_count,73,0.005529486138888666,0.12364868721115319,0.11811920107226452
time_event_count,74,-0.006252807498046401,0.12113854093927351,0.12739134843731992
time_event_count,75,-0.0016859153933101256,0.14030582882378348,0.1419917442170936
time_event_count,76,-0.0035351313280453348,0.1179845669655747,0.12151969829362004
time_event_count,77,-0.00427890886609575,0.13599145343587205,0.1402703623019678
time_event_count,78,0.0007422950277237989,0.14709653238575116,0.14635423735802736
time_event_count,79,0.0024165380466381024,0.14480233872959308,0.14238580068295498
time_event_count,80,0.004002941523352338,0.11409641241506177,0.11009347089170943
time_event_count,81,-0.0009304427196446632,0.11236774727336737,0.11329818999301204
time_event_count,82,0.0015039210855682151,0.15317054829025706,0.15166662720468885
time_event_count,83,0.0027628612549068705,0.12670013994661483,0.12393727869170797
time_event_count,84,0.004615277651392337,0.12669555287913759,0.12208027522774526
time_event_count,85,0.003976246029264748,0.1160778298924193,0.11210158386315455
time_event_count,86,0.00027505623237746626,0.13658766002688782,0.13631260379451035
time_event_count,87,0.007499847665805955,0.16519598573468966,0.15769613806888372
time_event_count,88,-0.006059671938697594,0.14187032246476738,0.14792999440346496
time_event_count,89,-0.003939562984149714,0.15648767241375888,0.1604272353979086
time_event_count,90,0.0018984833231052538,0.12474596486573909,0.12284748154263384
time_event_count,91,0.002034353536653575,0.11642543532950023,0.11439108179284666
time_event_count,92,0.0043807421169716485,0.1208636036361928,0.11648286151922116
time_event_count,93,0.004825690658999316,0.16038024512034446,0.15555455446134514
time_event_count,94,0.0026836287699892676,0.1353322997030693,0.13264867093308003
time_event_count,95,0.007012459842386733,0.12628640797917431,0.11927394813678759
time_event_count,96,-0.003016305891027998,0.1280364684042825,0.1310527742953105
time_event_count,97,0.004375893566668414,0.16693030977256348,0.16255441620589506
time_event_count,98,0.006039332993062926,0.15090700140302413,0.1448676684099612
time_event_count,99,0.007291724844987757,0.1401376115124831,0.13284588666749536
time_gross_volume,0,0.006944905028731389,0.14340063456425842,0.13645572953552704
time_gross_volume,1,8.502658483983355e-05,0.15564969105850143,0.1555646644736616
time_gross_volume,2,0.003060430509144995,0.1701112150588295,0.1670507845496845
time_gross_volume,3,0.0025376368065575905,0.16969059795109775,0.16715296114454017
time_gross_volume,4,0.0023266564178520384,0.15961421534504802,0.15728755892719598
time_gross_volume,5,0.009789409255155304,0.16107068011325318,0.15128127085809787
time_gross_volume,6,0.006256897925128824,0.14176548991099747,0.13550859198586865
time_gross_volume,7,0.0005207176760370935,0.12481121900420815,0.12429050132817106
time_gross_volume,8,0.005679997469086178,0.1498711407148372,0.14419114324575102
time_gross_volume,9,0.010836756000476058,0.11903154832568895,0.1081947923252129
time_gross_volume,10,0.0031575673093026603,0.12286010587804315,0.11970253856874048
time_gross_volume,11,0.009951289623999934,0.1405200345901391,0.13056874496613916
time_gross_volume,12,0.0030863178435013585,0.1172067842495528,0.11412046640605145
time_gross_volume,13,0.007563063161791002,0.144783545291119,0.137220482129328
time_gross_volume,14,0.012255686661785009,0.1515160552538251,0.1392603685920401
time_gross_volume,15,0.0088987934378262,0.1535050571877755,0.14460626374994928
time_gross_volume,16,0.008501132926000106,0.12538185746778052,0.11688072454178042
time_gross_volume,17,0.012365728828781106,0.1601348800151493,0.1477691511863682
time_gross_volume,18,-0.0018307355072354123,0.15726537655270156,0.15909611205993698
time_gross_volume,19,0.003932752470432252,0.13227399254281427,0.128341240072382
time_gross_volume,20,-0.0018479118686617927,0.13013493825718683,0.13198285012584862
time_gross_volume,21,0.008660816323000536,0.17671349789985422,0.16805268157685369
time_gross_volume,22,0.005277454632767156,0.18096390461241624,0.17568644997964908
time_gross_volume,23,0.010003345316803818,0.10215842851740983,0.09215508320060602
time_gross_volume,24,0.0071358549940227275,0.13630057041263374,0.12916471541861102
time_gross_volume,25,0.0011651672977651606,0.15381817434046416,0.152653007042699
time_gross_volume,26,0.009252737449064567,0.14567331697593888,0.1364205795268743
time_gross_volume,27,0.010323728691294097,0.1276507727956627,0.1173270441043686
time_gross_volume,28,-0.0013447573362631033,0.14638955303034365,0.14773431036660675
time_gross_volume,29,0.00654676612678204,0.1319559072305781,0.12540914110379606
time_gross_volume,30,0.003610584557727646,0.14115066180794947,0.13754007725022183
time_gross_volume,31,0.010868659170914943,0.11688728530199574,0.1060186261310808
time_gross_volume,32,-0.00168661695944432,0.11951544922475346,0.12120206618419778
time_gross_volume,33,0.005821840048782065,0.1337150398724135,0.12789319982363145
time_gross_volume,34,0.004951181414300501,0.15548248604786288,0.15053130463356237
time_gross_volume,35,0.007123911358066701,0.14632095149714414,0.13919704013907744
time_gross_volume,36,0.007810194650705266,0.14706520119661898,0.13925500654591372
time_gross_volume,37,0.006200378780988669,0.13374962145511043,0.12754924267412177
time_gross_volume,38,0.004712276258095743,0.1522663476810803,0.14755407142298455
time_gross_volume,39,0.005552751196380264,0.1102176992776002,0.10466494808121993
time_gross_volume,40,0.006707567666556974,0.14949067832504948,0.1427831106584925
time_gross_volume,41,0.004919888079087248,0.12434680684374382,0.11942691876465657
time_gross_volume,42,0.00608155946427749,0.1092620959040332,0.10318053643975571
time_gross_volume,43,0.0060778490840247695,0.15700296193900962,0.15092511285498483
time_gross_volume,44,0.0037932237742751684,0.15956073666393997,0.1557675128896648
time_gross_volume,45,0.006144906724097769,0.12520817013432245,0.11906326341022468
time_gross_volume,46,0.004018006391260547,0.17339928725680878,0.16938128086554824
time_gross_volume,47,0.00456514967451437,0.12732759826285514,0.12276244858834078
time_gross_volume,48,0.005548097818911653,0.1312992355442936,0.12575113772538193
time_gross_volume,49,-0.0008453698417781378,0.12975487657557466,0.1306002464173528
time_gross_volume,50,0.0049482939009234984,0.13472781016841331,0.12977951626748982
time_gross_volume,51,0.0011634598831296254,0.14814025182679208,0.14697679194366245
time_gross_volume,52,0.012290489304252222,0.12541748212515155,0.11312699282089933
time_gross_volume,53,0.0046332656871813345,0.10100524744442328,0.09637198175724195
time_gross_volume,54,0.0058837710376012774,0.1330798451062718,0.12719607406867053
time_gross_volume,55,-0.0003277222539064811,0.14510025680902572,0.1454279790629322
time_gross_volume,56,0.006476029005107139,0.13074606132203576,0.12427003231692861
time_gross_volume,57,0.008706091967921029,0.1137829274802909,0.10507683551236986
time_gross_volume,58,0.008475776701758399,0.12761603046570996,0.11914025376395157
time_gross_volume,59,0.01094055108110764,0.1409832297906698,0.13004267870956215
time_gross_volume,60,0.008340707896795595,0.15668071613771228,0.1483400082409167
time_gross_volume,61,0.006388270326694689,0.1512466575062991,0.1448583871796044
time_gross_volume,62,0.0030573347837095006,0.11321312419955823,0.11015578941584873
time_gross_volume,63,0.006345591472482229,0.1420179975535048,0.13567240608102257
time_gross_volume,64,0.007909671095226754,0.103635397558624,0.09572572646339725
time_gross_volume,65,0.0037941552487084362,0.11771338643660391,0.11391923118789547
time_gross_volume,66,0.006923327282155098,0.1446533526291418,0.1377300253469867
time_gross_volume,67,0.004048947082835771,0.15446524416797008,0.15041629708513432
time_gross_volume,68,-0.0005805540953828958,0.12997757465335352,0.13055812874873643
time_gross_volume,69,0.005301370277326559,0.1347947317609409,0.12949336148361434
time_gross_volume,70,0.015488006329652297,0.14453463322186633,0.12904662689221402
time_gross_volume,71,0.001389808830738161,0.1254937226842105,0.12410391385347233
time_gross_volume,72,0.004726757071081322,0.09584961118119355,0.09112285411011223
time_gross_volume,73,0.005580104593779819,0.111558972492539,0.10597886789875918
time_gross_volume,74,0.004083151148778683,0.13210220058359032,0.12801904943481163
time_gross_volume,75,0.0033287773685144162,0.12952334589652784,0.12619456852801342
time_gross_volume,76,0.007454796282153693,0.13558239191949345,0.12812759563733975
time_gross_volume,77,0.004006404886435003,0.18370387473576252,0.17969746984932752
time_gross_volume,78,0.005148410505687875,0.12986038214173562,0.12471197163604775
time_gross_volume,79,0.007767084991613441,0.1143126461290039,0.10654556113739046
time_gross_volume,80,0.0063183370112267516,0.1383078192953027,0.13198948228407595
time_gross_volume,81,-0.0005721555107127739,0.15769621098290285,0.15826836649361561
time_gross_volume,82,0.004823868941146146,0.15269749961767476,0.14787363067652862
time_gross_volume,83,0.010924073981926392,0.14038348717121774,0.12945941318929136
time_gross_volume,84,-0.0005573303483242667,0.11948013911341289,0.12003746946173716
time_gross_volume,85,0.006046468791928944,0.12385081789135877,0.11780434909942983
time_gross_volume,86,0.00032180872326469014,0.14196690260649686,0.14164509388323218
time_gross_volume,87,-0.00019434072621164872,0.14731641779576712,0.14751075852197879
time_gross_volume,88,0.0026867255369571593,0.14985970145684602,0.14717297591988887
time_gross_volume,89,0.0045882444969823424,0.14584771746342545,0.14125947296644312
time_gross_volume,90,0.0013731898793906524,0.13491478036172988,0.13354159048233924
time_gross_volume,91,0.004677411907831811,0.13814874862174864,0.13347133671391684
time_gross_volume,92,0.004474425814398939,0.1012909114003003,0.09681648558590136
time_gross_volume,93,0.0062785104640186,0.11965856134513321,0.11338005088111461
time_gross_volume,94,0.0032762459056754553,0.16622494335163027,0.1629486974459548
time_gross_volume,95,0.0005077569311798556,0.1187238977630474,0.11821614083186754
time_gross_volume,96,0.0015216879620937754,0.11451799414200556,0.11299630617991178
time_gross_volume,97,0.00131653214103459,0.11668491788543578,0.11536838574440118
time_gross_volume,98,0.0055962829123107904,0.12257508182778476,0.11697879891547397
time_gross_volume,99,0.00479428565323037,0.14031728525018125,0.13552299959695088
time_relative_flow_rate,0,0.0017331030293040496,0.13570174661530007,0.13396864358599603
time_relative_flow_rate,1,-0.00014547265631788226,0.1377101653321073,0.13785563798842518
time_relative_flow_rate,2,0.0007241881705568076,0.1443518063414621,0.1436276181709053
time_relative_flow_rate,3,-0.001875930632308183,0.1440576171635093,0.14593354779581746
time_relative_flow_rate,4,-0.00011838238116960954,0.1362557251176066,0.1363741074987762
time_relative_flow_rate,5,-0.001732569129962578,0.11639219596477893,0.1181247650947415
time_relative_flow_rate,6,0.0017647904161251654,0.14626130396401293,0.14449651354788776
time_relative_flow_rate,7,-0.0016125866792555653,0.11764733681344514,0.1192599234927007
time_relative_flow_rate,8,0.0027065870573942984,0.12916363757856109,0.1264570505211668
time_relative_flow_rate,9,-0.0015336486102581366,0.1342193477376559,0.13575299634791405
time_relative_flow_rate,10,-0.0024672336900622652,0.14733727677083044,0.14980451046089271
time_relative_flow_rate,11,-9.579203713768871e-05,0.10813403037861778,0.10822982241575548
time_relative_flow_rate,12,0.0006782367753063813,0.147168766602446,0.14649052982713962
time_relative_flow_rate,13,0.0007755203928982806,0.1158743853851892,0.11509886499229091
time_relative_flow_rate,14,8.309683277315829e-05,0.11914796763094586,0.1190648707981727
time_relative_flow_rate,15,6.952567515046217e-05,0.11934769496692182,0.11927816929177136
time_relative_flow_rate,16,-0.0011912078025694932,0.13943434523653606,0.14062555303910554
time_relative_flow_rate,17,-0.0008722394606649458,0.15222475797105992,0.15309699743172486
time_relative_flow_rate,18,0.0019379729123265813,0.16274495003456033,0.16080697712223374
time_relative_flow_rate,19,-0.0020880551837456334,0.13299781908116046,0.1350858742649061
time_relative_flow_rate,20,-0.0026313960512569083,0.15146453033720386,0.15409592638846076
time_relative_flow_rate,21,-0.0013957028701636262,0.16322615771967897,0.1646218605898426
time_relative_flow_rate,22,0.0008248295337528184,0.09865833486464509,0.09783350533089227
time_relative_flow_rate,23,-0.0011992444354545252,0.12781699438054786,0.12901623881600238
time_relative_flow_rate,24,0.0005782104106362223,0.14748926960363634,0.14691105919300013
time_relative_flow_rate,25,0.0005714803665658464,0.13187072397878635,0.1312992436122205
time_relative_flow_rate,26,-0.00019971125779884522,0.13736431921705342,0.13756403047485227
time_relative_flow_rate,27,-0.000913812297640106,0.14812614040279795,0.14903995270043804
time_relative_flow_rate,28,0.0020882744478874,0.12174309445481256,0.11965482000692516
time_relative_flow_rate,29,0.001023523086777315,0.12417598540592481,0.12315246231914749
time_relative_flow_rate,30,0.003346246453000137,0.15676937311831804,0.1534231266653179
time_relative_flow_rate,31,-0.0013712737483225642,0.10665842728861054,0.1080297010369331
time_relative_flow_rate,32,-0.002306556683677147,0.11680047995463767,0.11910703663831482
time_relative_flow_rate,33,-0.0003817983802693332,0.1453112258354649,0.14569302421573424
time_relative_flow_rate,34,-0.0017177987789509228,0.12967899754605142,0.13139679632500234
time_relative_flow_rate,35,0.00010829328251378814,0.15212406984559596,0.15201577656308216
time_relative_flow_rate,36,0.0025602102551671355,0.13619283290876574,0.1336326226535986
time_relative_flow_rate,37,-0.0014247568385683973,0.16389902473604587,0.16532378157461428
time_relative_flow_rate,38,-0.002949300548341615,0.1365248874268588,0.13947418797520042
time_relative_flow_rate,39,0.0011664528475221064,0.14421457693074666,0.14304812408322454
time_relative_flow_rate,40,-0.0019550820689212705,0.15370927039006682,0.1556643524589881
time_relative_flow_rate,41,-0.0017993321460432463,0.14365914754325293,0.14545847968929618
time_relative_flow_rate,42,-0.000626762502306715,0.12746795363931712,0.12809471614162385
time_relative_flow_rate,43,-0.0038843177658450193,0.14402293517136047,0.1479072529372055
time_relative_flow_rate,44,-0.000519587946841516,0.14680175182114433,0.14732133976798584
time_relative_flow_rate,45,1.5238808176133082e-05,0.14744510428678217,0.14742986547860604
time_relative_flow_rate,46,-0.003062602025686377,0.1474086279835102,0.15047123000919657
time_relative_flow_rate,47,-0.0016716877588912058,0.1190723298076439,0.1207440175665351
time_relative_flow_rate,48,-0.0009469920984575815,0.14995313056471982,0.1509001226631774
time_relative_flow_rate,49,-0.0007088714959609642,0.15513412848330427,0.15584299997926523
time_relative_flow_rate,50,0.00047461242924983036,0.1543315277951378,0.15385691536588797
time_relative_flow_rate,51,-0.0020793244802108273,0.14671610819181316,0.148795432672024
time_relative_flow_rate,52,0.0002851311153464546,0.14822898192427691,0.14794385080893047
time_relative_flow_rate,53,-0.0024004889207817695,0.15562790198977586,0.15802839091055762
time_relative_flow_rate,54,0.0004889295435443145,0.11670395681727776,0.11621502727373344
time_relative_flow_rate,55,-0.0015065598750765305,0.1527417164586181,0.15424827633369462
time_relative_flow_rate,56,0.002310721017226355,0.12700463388149572,0.12469391286426935
time_relative_flow_rate,57,-0.0004473391692984611,0.164160333197976,0.16460767236727444
time_relative_flow_rate,58,0.0001838521160856574,0.13269543613617826,0.1325115840200926
time_relative_flow_rate,59,-0.0005056026964421946,0.10444599990924207,0.10495160260568426
time_relative_flow_rate,60,-0.003156849961291187,0.1312615503770587,0.13441840033834987
time_relative_flow_rate,61,-0.00034869107525097216,0.11773505311040812,0.11808374418565909
time_relative_flow_rate,62,-0.0007470590061569644,0.1206924492802058,0.12143950828636275
time_relative_flow_rate,63,3.283183699374266e-07,0.13314733613028434,0.1331470078119144
time_relative_flow_rate,64,0.0017855432656933594,0.11567639971149385,0.11389085644580049
time_relative_flow_rate,65,-0.003029560602792434,0.12911166881600902,0.13214122941880146
time_relative_flow_rate,66,0.0007236543816922412,0.12081384067196353,0.1200901862902713
time_relative_flow_rate,67,3.6736881685358785e-05,0.14322665341917934,0.143189916537494
time_relative_flow_rate,68,-0.0019030384809734736,0.10597263643834481,0.10787567491931829
time_relative_flow_rate,69,-0.002363571646361041,0.12744567709362103,0.12980924873998206
time_relative_flow_rate,70,-0.0001281040033530491,0.16746321005213716,0.16759131405549021
time_relative_flow_rate,71,0.0020251986828811823,0.10025124211344391,0.09822604343056272
time_relative_flow_rate,72,0.0013176614567493884,0.149726084022952,0.14840842256620262
time_relative_flow_rate,73,-0.00041297197913936696,0.13801511832085514,0.1384280902999945
time_relative_flow_rate,74,-0.0009139399160315811,0.08695049668031155,0.08786443659634313
time_relative_flow_rate,75,-0.0005900251341290648,0.11796376660438754,0.1185537917385166
time_relative_flow_rate,76,-0.00260381995315164,0.11924863909459006,0.1218524590477417
time_relative_flow_rate,77,8.431505281893908e-05,0.1502391718371965,0.15015485678437757
time_relative_flow_rate,78,-0.00012791377405333104,0.12606802043170387,0.1261959342057572
time_relative_flow_rate,79,-0.002463956252809173,0.13871384208643497,0.14117779833924415
time_relative_flow_rate,80,-0.002021613038475279,0.1368492505799253,0.1388708636184006
time_relative_flow_rate,81,-0.0022208669693163994,0.15478098972042,0.1570018566897364
time_relative_flow_rate,82,7.851940855000224e-05,0.14617014141934065,0.14609162201079065
time_relative_flow_rate,83,-0.0002554206662703793,0.1601152128368766,0.16037063350314698
time_relative_flow_rate,84,-0.0015610206545164365,0.14578906084640153,0.14735008150091797
time_relative_flow_rate,85,-0.0009403960849817333,0.11635069048218159,0.11729108656716333
time_relative_flow_rate,86,-0.00043759225542548886,0.12197472411781272,0.12241231637323821
time_relative_flow_rate,87,-0.00033028182802832904,0.17767180646991707,0.1780020882979454
time_relative_flow_rate,88,-0.0019846957596194622,0.1612064328461793,0.16319112860579876
time_relative_flow_rate,89,0.0015359427725928718,0.12774428757587145,0.12620834480327858
time_relative_flow_rate,90,-0.0009547458437481831,0.11883155879409389,0.11978630463784208
time_relative_flow_rate,91,-0.00030284359809953524,0.11575177842158887,0.11605462201968841
time_relative_flow_rate,92,0.0017883046136153884,0.14910274123343245,0.14731443661981705
time_relative_flow_rate,93,-0.0010751572944178028,0.13421397153224102,0.13528912882665883
time_relative_flow_rate,94,0.0008473312165813791,0.15985132589598502,0.15900399467940365
time_relative_flow_rate,95,0.00534897020465149,0.16780619748416725,0.16245722727951575
time_relative_flow_rate,96,0.0003322128195518751,0.11660148983904112,0.11626927701948925
time_relative_flow_rate,97,0.002514316060291601,0.13811882078495377,0.13560450472466218
time_relative_flow_rate,98,0.00036497368644963763,0.1662878674790634,0.16592289379261377
time_relative_flow_rate,99,-0.0019250826926653474,0.17207214900312587,0.1739972316957912
