gap_start,gap_end,gap_seconds,trade_id_jump,data_missing
2023-11-21 02:43:24.004000+00:00,2023-11-21 08:51:39.707000+00:00,22095.703,417955,True
2023-03-14 22:33:51.892000+00:00,2023-03-15 00:00:00.042000+00:00,5168.15,318590,True
2022-10-25 22:52:24.171000+00:00,2022-10-26 00:00:00.140000+00:00,4055.969,100865,True
2021-03-02 01:00:08.614000+00:00,2021-03-02 02:00:00.012000+00:00,3591.398,0,False
2022-05-28 16:39:37.220000+00:00,2022-05-28 17:15:00.492000+00:00,2123.272,0,False
2022-05-01 22:25:37.403000+00:00,2022-05-01 22:55:10.707000+00:00,1773.304,0,False
2023-09-12 08:33:48.281000+00:00,2023-09-12 08:53:39.137000+00:00,1190.856,0,False
2025-08-29 06:18:03.197000+00:00,2025-08-29 06:37:04.431000+00:00,1141.234,0,False
2024-10-28 16:20:43.183000+00:00,2024-10-28 16:35:13.575000+00:00,870.392,0,False
2023-11-21 10:29:53.003000+00:00,2023-11-21 10:38:48.127000+00:00,535.124,7265,True
2020-09-27 11:12:22.567000+00:00,2020-09-27 11:15:29.047000+00:00,186.48,0,False
2024-10-28 16:35:45.126000+00:00,2024-10-28 16:37:07.597000+00:00,82.471,0,False
2019-10-17 06:31:24.737000+00:00,2019-10-17 06:32:46.187000+00:00,81.45,0,False
2020-09-27 11:22:39.243000+00:00,2020-09-27 11:23:55.939000+00:00,76.696,0,False
2019-10-18 07:56:56.735000+00:00,2019-10-18 07:58:11.095000+00:00,74.36,0,False
2019-10-17 06:56:49.568000+00:00,2019-10-17 06:57:57.712000+00:00,68.144,0,False
2020-09-27 11:28:40.885000+00:00,2020-09-27 11:29:48.269000+00:00,67.384,0,False
2020-09-27 11:18:24.742000+00:00,2020-09-27 11:19:29.322000+00:00,64.58,0,False
2020-09-27 11:26:20.644000+00:00,2020-09-27 11:27:22.012000+00:00,61.368,0,False
2020-04-21 17:22:02.371000+00:00,2020-04-21 17:23:02.498000+00:00,60.127,0,False
