horizon,source,target,feature,pair,conditional,n,spearman,direction_mi,direction_excess,direction_p,volatility_mi,volatility_excess,volatility_p,all_mi,all_excess,all_p,bh_pass
8h,BTCUSDT,BTCUSDT,ml_share,own,true,3282,0.013847691680486815,0.000029023243664078023,-0.0007570344686456448,0.9200799200799201,0.005273809963934198,0.004362378017323714,0.022977022977022976,0.00017927919684512607,-0.00002587467770446159,0.36063936063936064,false
8h,BTCUSDT,BTCUSDT,ml_imbalance,own,true,3282,0.0024346793627232906,0.0020162080904309455,0.0011944256321480195,0.08391608391608392,0.000018202907035775772,-0.00020421808204727803,0.7692307692307693,0.0010683517772197863,0.0008636893358021556,0.023976023976023976,false
8h,BTCUSDT,BTCUSDT,sweep_pressure,own,true,3281,0.015374424457653506,0.00017399859480979283,-0.0007329843470448928,0.8341658341658341,0.0005913968532003074,0.0002878110923767539,0.15484515484515485,0.00010605344074595969,-0.00010141471150272368,0.46153846153846156,false
8h,BTCUSDT,BTCUSDT,absorption_imbalance,own,true,3282,-0.0091678719274182,0.00046606353626297447,-0.0003334342377802814,0.6243756243756243,0.0002059041717048907,-2.2732627667572565e-6,0.33966033966033965,0.00031104327139389975,0.00009807725122083899,0.23876123876123875,false
8h,BTCUSDT,BTCUSDT,burst_skew,own,true,3281,-0.005007716661461433,0.001059908765474042,0.0002661356724876951,0.27672327672327673,0.0005184474117525817,0.00031990903942030497,0.1038961038961039,6.647138416215896e-7,-0.00022261081200963294,0.964035964035964,false
8h,BTCUSDT,BTCUSDT,large_imbalance,own,true,3282,0.004262456316742321,0.001919539899492472,0.0010399426308787755,0.09490509490509491,0.0000615792354792606,-0.00012140638505506732,0.5854145854145855,0.00016571053992973982,-0.00004063423486565568,0.3676323676323676,false
8h,BTCUSDT,BTCUSDT,flow_imbalance,own,false,3282,0.01326229173337483,0.0003100704757929205,0.00011543225340702543,0.26973026973026976,0.0007727277375780427,0.0005319112978954509,0.07392607392607392,0.0006224901863415172,0.0004110544901489293,0.08791208791208792,false
8h,BTCUSDT,ETHUSDT,ml_share,cross,true,3280,0.019936471348072714,0.00004947091297444889,-0.000917908409574713,0.932067932067932,0.003148195768824228,0.0022647791667737543,0.06393606393606394,0.00014239720523417528,-0.00004010684403785034,0.37962037962037964,false
8h,BTCUSDT,ETHUSDT,ml_imbalance,cross,true,3280,0.007148920374200478,0.0003842978789105725,-0.0005721151800432495,0.7412587412587412,0.00006064681535819235,-0.00013880403737188726,0.5484515484515484,0.00023944222184640716,0.00001597661602616,0.2947052947052947,false
8h,BTCUSDT,ETHUSDT,sweep_pressure,cross,true,3279,0.02135046904357089,0.000868035991857661,-0.0003525896795232896,0.5624375624375625,0.0004623765859468743,0.00015395315922905238,0.22477522477522477,0.00033667551775635985,0.00011320868867424817,0.2217782217782218,false
8h,BTCUSDT,ETHUSDT,absorption_imbalance,cross,true,3280,0.004817645038167446,0.00014161300064129378,-0.0008380834551039566,0.9240759240759241,0.00004209084139917898,-0.00015857887734723318,0.6403596403596403,4.290817743259822e-6,-0.00022522193592628382,0.8941058941058941,false
8h,BTCUSDT,ETHUSDT,burst_skew,cross,true,3279,-0.010722692429949597,0.0007629285401536305,-0.0002619136941571802,0.5434565434565435,0.000042429623003269324,-0.00016568054598744704,0.6653346653346653,0.00006959853763447015,-0.0001619862436508718,0.5794205794205795,false
8h,BTCUSDT,ETHUSDT,large_imbalance,cross,true,3280,-0.0037898904528951365,0.0011146074603938165,0.00011773274376286722,0.35364635364635366,0.000028115436267773143,-0.00016514055549902022,0.7062937062937062,0.00018797633673832355,-0.000026702379473399727,0.3436563436563437,false
8h,BTCUSDT,ETHUSDT,flow_imbalance,cross,false,3280,0.011306134613251764,0.0001416265880548954,-0.00008391810542595076,0.4485514485514486,0.0007369071858544079,0.0005125905468002932,0.08391608391608392,0.00024806390286727576,0.00004396713804655854,0.2827172827172827,false
8h,BTCUSDT,SOLUSDT,ml_share,cross,true,3273,0.030000845407619603,0.001153189898516632,0.00017113901958948005,0.3386613386613387,0.0065668706483840876,0.005979482066945506,0.000999000999000999,0.00033537337591570604,0.0001370762418753264,0.19480519480519481,false
8h,BTCUSDT,SOLUSDT,ml_imbalance,cross,true,3273,-0.017005832211386334,0.00035249610245659675,-0.0006753135931759472,0.7972027972027972,0.000650043194789712,0.00043690807824949083,0.0899100899100899,9.367828817188821e-9,-0.00020872453138196114,0.997002997002997,false
8h,BTCUSDT,SOLUSDT,sweep_pressure,cross,true,3272,-0.015643810722703853,0.0016606252304230131,0.000537736266252581,0.21178821178821178,0.0002995491802925011,-0.000016063527956255617,0.3196803196803197,7.339689914988171e-6,-0.00020869385070706315,0.8671328671328671,false
8h,BTCUSDT,SOLUSDT,absorption_imbalance,cross,true,3273,-0.005035534242040628,0.00036570460211458097,-0.0006440818027844723,0.7932067932067932,0.0014797915173158707,0.0012696182472738708,0.01098901098901099,0.00007966375370853749,-0.0001295796690085546,0.5384615384615384,false
8h,BTCUSDT,SOLUSDT,burst_skew,cross,true,3272,-0.007402385866290919,0.0016144436681512896,0.0005523846596830187,0.2177822177822178,0.0009549958655107301,0.0007542636238986636,0.03296703296703297,0.00036570299050914804,0.00015609627805997627,0.18081918081918083,false
8h,BTCUSDT,SOLUSDT,large_imbalance,cross,true,3273,-0.016913951815759054,0.0004415498669704404,-0.0006102373997274597,0.7472527472527473,0.0005271912402057548,0.0002731702318472457,0.15684315684315683,0.00004653190135748503,-0.0001584824875399474,0.6273726273726273,false
8h,BTCUSDT,SOLUSDT,flow_imbalance,cross,false,3273,-0.018383852817499963,0.0014558966685024352,0.0012364679906344352,0.02097902097902098,0.000011631135842497167,-0.00023786495804796343,0.8171828171828172,0.00021969441331997112,-9.400638173400773e-6,0.32967032967032966,false
8h,BTCUSDT,ALT,ml_share,cross,true,3285,0.051353813950024675,0.0019133149060062923,0.0008428445714080553,0.13686313686313686,0.005977728227984729,0.005237578303208167,0.005994005994005994,0.001655816932068256,0.0014703211703487452,0.003996003996003996,false
8h,BTCUSDT,ALT,ml_imbalance,cross,true,3285,-0.02579380274159326,0.000196604604662228,-0.0008459477212525899,0.9000999000999002,0.0000168712534131853,-0.00020647090381746295,0.7912087912087912,0.00024099408489733053,0.0000425767157955499,0.27472527472527475,false
8h,BTCUSDT,ALT,sweep_pressure,cross,true,3283,-0.011303123664335385,0.0019539224809991033,0.0007617106323708123,0.1918081918081918,0.00023793871210189393,6.594316217920594e-6,0.3146853146853147,0.00008731736654953183,-0.00013210043216561846,0.5304695304695305,false
8h,BTCUSDT,ALT,absorption_imbalance,cross,true,3285,-0.007649772380402451,0.0002455993277933969,-0.0008165645716894659,0.8751248751248751,0.00026244234600163966,0.00004766241025650213,0.2777222777222777,0.00004457794647854741,-0.00017122739325152635,0.6743256743256744,false
8h,BTCUSDT,ALT,burst_skew,cross,true,3283,-0.02859709977074745,0.0020061709322896438,0.0009008629003508916,0.13186813186813187,0.00026301257982585006,0.00006289186414036786,0.2677322677322677,0.0007694540046462645,0.0005259103059633164,0.07892107892107893,false
8h,BTCUSDT,ALT,large_imbalance,cross,true,3285,-0.02775372040267444,0.002858453909971968,0.0016472436471387365,0.07492507492507493,0.0006539834468515552,0.00045932908733847225,0.07292707292707293,0.0003031289756476803,0.00007573628917160186,0.24975024975024976,false
8h,BTCUSDT,ALT,flow_imbalance,cross,false,3285,-0.026115026390275933,0.00033518855299121027,0.00011856127838141684,0.2907092907092907,0.00014763082466637343,-0.00008715948002494363,0.43756243756243757,0.00016941138735934806,-0.00006645748172678625,0.3946053946053946,false
8h,ETHUSDT,BTCUSDT,ml_share,cross,true,3282,0.006641168654987488,0.000772288990845623,-0.0002745666956414694,0.5564435564435565,0.006252951248937897,0.005574145209620665,0.003996003996003996,1.7890575924433615e-6,-0.00019741982258273782,0.8931068931068931,false
8h,ETHUSDT,BTCUSDT,ml_imbalance,cross,true,3281,0.012569187018733012,0.00032115653411580384,-0.000821544847943338,0.8451548451548452,3.3981200032037356e-8,-0.00021816644487920333,0.991008991008991,1.9928116108193745e-6,-0.00021559032893912327,0.9430569430569431,false
8h,ETHUSDT,BTCUSDT,sweep_pressure,cross,true,3280,0.0033742756388321893,0.00021935024834995287,-0.0009179300759534299,0.9020979020979021,0.00040985099312170826,0.00014426155301760065,0.21678321678321677,5.662847873740842e-7,-0.00023055484108370613,0.9590409590409591,false
8h,ETHUSDT,BTCUSDT,absorption_imbalance,cross,true,3282,-0.0012636177587302293,0.000018632050161741745,-0.0008729371635493882,0.964035964035964,0.00005079460540048822,-0.00016127077524838652,0.6413586413586414,7.81297885038944e-7,-0.00020339067330739063,0.9470529470529471,false
8h,ETHUSDT,BTCUSDT,burst_skew,cross,true,3280,0.004739974582173245,0.0006007998013731817,-0.00041487782629075253,0.6423576423576424,0.00004227570512027231,-0.00018016117200897035,0.6653346653346653,0.000018608443180278705,-0.00021139169830789164,0.7952047952047953,false
8h,ETHUSDT,BTCUSDT,large_imbalance,cross,true,3282,0.01756314997028777,0.0011837319710240595,0.00032245942211364155,0.26173826173826176,0.00006109409687189066,-0.000164614941605974,0.5904095904095904,0.000022700647726856088,-0.00019975617953694953,0.7372627372627373,false
8h,ETHUSDT,BTCUSDT,flow_imbalance,cross,false,3282,0.017995548480099377,0.000023470148246114986,-0.00017377527391745576,0.5684315684315684,0.0005243722988232476,0.0002778601700967516,0.15084915084915085,0.00045592410203153304,0.0002485171191198652,0.13386613386613386,false
8h,ETHUSDT,ETHUSDT,ml_share,own,true,3280,0.01322844337258913,0.00008471272569001314,-0.0006658486627933119,0.8411588411588412,0.006002029154265366,0.005312521991085188,0.001998001998001998,5.93355753851987e-6,-0.00019548964388684144,0.8331668331668332,false
8h,ETHUSDT,ETHUSDT,ml_imbalance,own,true,3279,0.020586460321106323,0.0001628432873868634,-0.0007096342319034472,0.8211788211788211,0.00017784682142212173,-0.000013732313544276097,0.34565434565434566,0.000023508149891844877,-0.0001909900457972389,0.7602397602397603,false
8h,ETHUSDT,ETHUSDT,sweep_pressure,own,true,3278,0.010652103247669483,0.0007278045106162827,-0.00008658441635039514,0.44455544455544455,0.0001619920071710876,-0.00009094156043340889,0.44655344655344653,4.727832655580471e-7,-0.0002223402379500059,0.948051948051948,false
8h,ETHUSDT,ETHUSDT,absorption_imbalance,own,true,3280,0.0015623490437790886,0.0006718533219872573,3.7450189715917525e-7,0.4065934065934066,0.00009105709931569847,-0.0001439422025136244,0.5154845154845155,5.7547563328379027e-8,-0.0002193149766488926,0.986013986013986,false
8h,ETHUSDT,ETHUSDT,burst_skew,own,true,3278,-0.007585226023740021,0.0012004933753417776,0.00046771188345285806,0.2017982017982018,0.0002733051891544172,0.000039204511771515586,0.3066933066933067,0.00003271938839054055,-0.00019655665664039982,0.7022977022977023,false
8h,ETHUSDT,ETHUSDT,large_imbalance,own,true,3280,0.003818426864080572,0.0010142247815560224,0.0003477050367070785,0.24675324675324675,0.00046663758482388875,0.00023449731002031065,0.15284715284715283,0.00003802013516191068,-0.0001736417574636946,0.6833166833166833,false
8h,ETHUSDT,ETHUSDT,flow_imbalance,own,false,3280,0.0252706293394244,-0.00014177642727664503,-0.00037275070058277835,0.8411588411588412,0.0014574026749360597,0.001206207398462163,0.011988011988011988,0.0006791544198803875,0.00047014073767065115,0.07292707292707293,false
8h,ETHUSDT,SOLUSDT,ml_share,cross,true,3273,0.022498946635594045,0.00040061558254141745,-0.0006127838473815005,0.7872127872127872,0.010345149134337117,0.009771432672057087,0.000999000999000999,0.00005763588296826193,-0.0001821458083476493,0.5994005994005994,false
8h,ETHUSDT,SOLUSDT,ml_imbalance,cross,true,3272,-0.01461938000034517,0.0005480634516169845,-0.0005512766359353265,0.7052947052947053,0.0003845037497901818,0.00017455057811796945,0.1838161838161838,5.895786382530357e-6,-0.00021109280505966343,0.8721278721278721,false
8h,ETHUSDT,SOLUSDT,sweep_pressure,cross,true,3271,-0.02651297449651576,0.002932522273042486,0.0018072881347598818,0.04995004995004995,0.00008700371095203015,-0.00018263448642075446,0.5714285714285714,0.0001683627079934791,-0.000052647441040144306,0.37662337662337664,false
8h,ETHUSDT,SOLUSDT,absorption_imbalance,cross,true,3273,-0.010286536328498666,0.0005451259955012825,-0.0003780018039798342,0.6403596403596403,0.0001389431398844737,-0.00008232176031119044,0.43156843156843155,1.1955086996507994e-7,-0.00021404155300152672,0.9790209790209791,false
8h,ETHUSDT,SOLUSDT,burst_skew,cross,true,3271,0.002040485309459564,0.002190146118027,0.0012045444766008162,0.08291708291708291,0.00011117901801064782,-0.00011458637822269031,0.4935064935064935,0.00002924966293020376,-0.00018971608045241598,0.7292707292707292,false
8h,ETHUSDT,SOLUSDT,large_imbalance,cross,true,3273,0.007540414543770721,0.0006827712993815047,-0.00018639820722353645,0.5254745254745254,0.0005269833725341427,0.0002968125819446173,0.12987012987012986,0.00011215196494565957,-0.00010991356313446484,0.4925074925074925,false
8h,ETHUSDT,SOLUSDT,flow_imbalance,cross,false,3273,-0.009457271778856302,0.000807597520042971,0.0005967124599148843,0.08591408591408592,0.0004677739684398769,0.00021831446238844638,0.17282717282717283,0.00005776508731466349,-0.00016756342819077542,0.5894105894105894,false
8h,ETHUSDT,ALT,ml_share,cross,true,3285,0.05015569949505763,0.001908578746447147,0.0008446651849982761,0.14485514485514486,0.007964020764222837,0.0074491582422578,0.000999000999000999,0.0011693630175320091,0.0009739994990498426,0.016983016983016984,false
8h,ETHUSDT,ALT,ml_imbalance,cross,true,3283,-0.006249324190674735,0.0011764920129491469,-0.00005638851676607968,0.4085914085914086,0.00005964052410406002,-0.0001503324305796227,0.6023976023976024,0.00003841399399160454,-0.0001845737532377626,0.6863136863136863,false
8h,ETHUSDT,ALT,sweep_pressure,cross,true,3282,-0.007348244975417129,0.0005701129229414061,-0.0006036807206237104,0.7212787212787213,0.000690197328309664,0.00045773365811841284,0.08191808191808192,0.000021801762062366495,-0.00018322301452618195,0.7512487512487512,false
8h,ETHUSDT,ALT,absorption_imbalance,cross,true,3285,0.003268522373145583,0.0002835507471737187,-0.0006802885602282403,0.8201798201798202,0.000026889372562154565,-0.00020247069683311913,0.7262737262737263,0.00002894708248149204,-0.0001819414060353169,0.7162837162837162,false
8h,ETHUSDT,ALT,burst_skew,cross,true,3282,-0.014084548525888573,0.0012359912972700559,0.0002535443362123779,0.3176823176823177,4.711985906910281e-8,-0.00020702014513300724,0.987012987012987,0.00008028286261198556,-0.00012933868269980728,0.5384615384615384,false
8h,ETHUSDT,ALT,large_imbalance,cross,true,3285,-0.005003924091782791,0.0010783907343573612,0.00014891290529712086,0.33466533466533466,0.0008036647675917894,0.0005975668232255003,0.04495504495504495,0.000051649981504738256,-0.00016715673322355596,0.6203796203796204,false
8h,ETHUSDT,ALT,flow_imbalance,cross,false,3285,-0.004630011255857064,0.0002263027957264414,0.000013339728688065118,0.3546453546453546,0.0005499833190574535,0.00029217409283859296,0.14885114885114886,6.823179926345133e-8,-0.00021814909469960767,0.994005994005994,false
8h,SOLUSDT,BTCUSDT,ml_share,cross,true,3281,-0.017350587099705536,0.00038359721243075545,-0.0006976793062783067,0.7942057942057942,0.0003818196566546815,-0.0016846910764708005,0.7122877122877123,0.00023020437951975028,0.000017210120382836057,0.2997002997002997,false
8h,SOLUSDT,BTCUSDT,ml_imbalance,cross,true,3281,0.007935225230799614,0.00098653137844641,-0.00042773339564726107,0.5354645354645354,0.000024463980884449723,-0.00023029626319408125,0.7652347652347652,1.8173825061417246e-7,-0.0002065651935677978,0.954045954045954,false
8h,SOLUSDT,BTCUSDT,sweep_pressure,cross,true,3280,-0.0019776523598661576,0.002126341889009878,0.0009817651300027307,0.12487512487512488,1.7842947366361186e-7,-0.000262977957123459,0.9790209790209791,0.0002215952185218026,2.510716435025808e-6,0.32167832167832167,false
8h,SOLUSDT,BTCUSDT,absorption_imbalance,cross,true,3281,-0.015668720406797294,-0.00010524144581085734,-0.0010305241557940791,0.997002997002997,0.00013559950022778948,-0.00006725468585209074,0.4325674325674326,0.00009900703622374663,-0.00011623293987778445,0.4985014985014985,false
8h,SOLUSDT,BTCUSDT,burst_skew,cross,true,3280,-0.0007309592458424525,0.00001853147083115891,-0.001095734326759137,0.973026973026973,0.0003895131798870709,0.00015390899934928376,0.19480519480519481,0.00013255973205195283,-0.00008918887189816535,0.4485514485514486,false
8h,SOLUSDT,BTCUSDT,large_imbalance,cross,true,2550,-0.0022500286004595456,0.0010741047935199008,-0.0001488394423771167,0.4855144855144855,0.000544328028614621,-0.00021683127269578036,0.4355644355644356,5.671296786851705e-6,-0.0003287660922435509,0.8881118881118881,false
8h,SOLUSDT,BTCUSDT,flow_imbalance,cross,false,3281,0.01526587558887763,-0.0002193451824503187,-0.00047344671423366096,1.0,0.0009478549621528971,0.0006698182773136553,0.059940059940059943,0.00022212441348100066,-1.1534398731698377e-6,0.3146853146853147,false
8h,SOLUSDT,ETHUSDT,ml_share,cross,true,3279,-0.01822793110008349,0.0004698212122458713,-0.0005487945419187005,0.7382617382617382,0.00015810845009470382,-0.0023650719845142777,0.8441558441558441,0.00017278296606996072,-0.0000666128288277906,0.4175824175824176,false
8h,SOLUSDT,ETHUSDT,ml_imbalance,cross,true,3279,0.015138193346802813,0.0008628016914458618,-0.000540314186950466,0.5904095904095904,0.00005291681868301562,-0.00019185602725176504,0.6483516483516484,8.559664224602904e-6,-0.00021648311448743451,0.8281718281718282,false
8h,SOLUSDT,ETHUSDT,sweep_pressure,cross,true,3278,0.0023867183397999394,0.0016420822133971361,0.0005128073363268105,0.22677322677322678,0.00007534854960295996,-0.00020235230097908323,0.6183816183816184,0.0001279925711493192,-0.00007887005305265974,0.4435564435564436,false
8h,SOLUSDT,ETHUSDT,absorption_imbalance,cross,true,3279,-0.02522286702165369,0.0013066581784152537,0.0004157071020015683,0.22677322677322678,0.00024177729298303097,0.000011999130351465873,0.3076923076923077,0.00018964697943556257,-0.00002238887483168618,0.3646353646353646,false
8h,SOLUSDT,ETHUSDT,burst_skew,cross,true,3278,0.022943715004925216,0.000815291849785073,-0.00027093921835987065,0.5604395604395604,0.0004504820919510475,0.0001988276293233739,0.1938061938061938,1.1451180883037363e-6,-0.0002198906893778909,0.9400599400599401,false
8h,SOLUSDT,ETHUSDT,large_imbalance,cross,true,2548,-0.010956518512962749,0.0001519333624238752,-0.00104412577448137,0.9180819180819181,0.0024981878297792885,0.0016202197256818384,0.1048951048951049,0.0001060432210453088,-0.00017362794616578476,0.5344655344655345,false
8h,SOLUSDT,ETHUSDT,flow_imbalance,cross,false,3279,0.028564097974108582,-0.00010663430610365263,-0.000313505016554438,0.7532467532467533,0.00122051471162637,0.0009448848454598154,0.04895104895104895,0.0006576161545720831,0.00045715772360431864,0.06793206793206794,false
8h,SOLUSDT,SOLUSDT,ml_share,own,true,3272,0.000526641577018571,0.00039771394638775555,-0.000354765702195958,0.6263736263736264,0.01737049741541137,0.015745496933518628,0.000999000999000999,0.000029771444796562758,-0.00022549463204979197,0.7242757242757243,false
8h,SOLUSDT,SOLUSDT,ml_imbalance,own,true,3272,0.008355436923034776,0.0022879307668806728,0.001113427012950104,0.14185814185814186,0.000022545005595699284,-0.0002649910807881095,0.7502497502497503,0.000276996338501797,0.00006513541013792267,0.25374625374625376,false
8h,SOLUSDT,SOLUSDT,sweep_pressure,own,true,3271,0.005144827872962884,0.0019815254468717727,0.0011654659101587295,0.0969030969030969,0.0004806255848775306,0.00020255652692339565,0.1978021978021978,0.00005235477435843784,-0.00015184142482415418,0.6163836163836164,false
8h,SOLUSDT,SOLUSDT,absorption_imbalance,own,true,3272,0.004128545233946282,0.0000780339514109048,-0.0006420924950103605,0.8661338661338661,0.0010550320882673685,0.0008122917664233739,0.03996003996003996,0.0001406894119205389,-0.00009910516951407055,0.4435564435564436,false
8h,SOLUSDT,SOLUSDT,burst_skew,own,true,3271,-0.009586483546026387,0.001060701089417602,0.0003174288967148415,0.27472527472527475,0.0009182348353960426,0.0006750690014525379,0.03696303696303696,0.0005787911456038719,0.0003430362189911172,0.11288711288711288,false
8h,SOLUSDT,SOLUSDT,large_imbalance,own,true,2541,-0.0029429990356400347,0.0009461260967650685,0.00005597412532357495,0.3926073926073926,0.0024335066812683883,0.001589014859926258,0.09490509490509491,0.000028866949851538638,-0.00024237627163200957,0.7412587412587412,false
8h,SOLUSDT,SOLUSDT,flow_imbalance,own,false,3272,0.006668278605521514,0.00003458771220972029,-0.00017324915683421802,0.5434565434565435,0.0032516062419895467,0.0029575439553683617,0.000999000999000999,0.00007914787396522824,-0.00014301290041281086,0.5584415584415584,false
8h,SOLUSDT,ALT,ml_share,cross,true,3284,0.01928043156500221,0.0007660143468687166,-0.0003152949018445803,0.5834165834165834,0.0014887872014082977,-0.00015701208310148185,0.3836163836163836,0.00013984120702608085,-0.0001117613054634325,0.4835164835164835,false
8h,SOLUSDT,ALT,ml_imbalance,cross,true,3284,-0.006356643722085594,0.003305376616892116,0.0016206373945904405,0.12087912087912088,0.00008128079971805123,-0.00017206589243587593,0.5794205794205795,0.00007946683774359708,-0.00011880365333438825,0.5204795204795205,false
8h,SOLUSDT,ALT,sweep_pressure,cross,true,3282,-0.013548077104010924,0.002878168679051946,0.001713198556552255,0.04195804195804196,9.18518723361621e-6,-0.0002477853029229557,0.8501498501498501,0.00003782140617289247,-0.00017587945237265996,0.6723276723276723,false
8h,SOLUSDT,ALT,absorption_imbalance,cross,true,3284,-0.026007393367783044,0.0007718867634755079,-0.0001966856720232265,0.5154845154845155,0.0006895272033476273,0.0004660502567775462,0.08691308691308691,0.00022434289037705986,-1.0010501506828003e-6,0.3306693306693307,false
8h,SOLUSDT,ALT,burst_skew,cross,true,3282,-0.0006553855860565663,0.0007262788536590893,-0.0003627334755617888,0.5854145854145855,0.0011879128409339184,0.0009786556774944053,0.016983016983016984,0.00005493635943599693,-0.00014900378047331167,0.5904095904095904,false
8h,SOLUSDT,ALT,large_imbalance,cross,true,2553,-0.023103775729072837,0.0009726040459104354,-0.00031965896304280914,0.5584415584415584,0.0010635884052047088,0.0003605375570539714,0.24075924075924077,0.0001230353754958483,-0.0001899685153461189,0.5314685314685315,false
8h,SOLUSDT,ALT,flow_imbalance,cross,false,3284,-0.0007755436559961243,-0.00011176848726066315,-0.00033289374983705184,0.7732267732267732,1.5233128934158692e-6,-0.00027494634926332245,0.9310689310689311,1.4591351450756645e-9,-0.00022579303463115397,0.995004995004995,false
8h,MARKET,BTCUSDT,ml_share,market,true,3282,0.001978272800320009,0.0006714924190833241,-0.0003750776896434755,0.6243756243756243,0.004768879059618707,0.0036166615139801048,0.04295704295704296,1.4462186090696323e-6,-0.00023405644499633417,0.949050949050949,false
8h,MARKET,BTCUSDT,ml_imbalance,market,true,3282,0.009579936844106874,0.0007681845564235972,-0.0003795547056761638,0.6133866133866134,0.0000775557201153718,-0.00015237685608377502,0.5274725274725275,0.0004914530026013152,0.00028430216374292466,0.12487512487512488,false
8h,MARKET,BTCUSDT,sweep_pressure,market,true,3281,0.009325054988594034,0.0005607063885862181,-0.0006263722052439128,0.7262737262737263,0.00020853334004919695,-0.00008301601316864447,0.37962037962037964,1.2493542244214153e-7,-0.00022738403024203505,0.981018981018981,false
8h,MARKET,BTCUSDT,absorption_imbalance,market,true,3282,-0.0138789566632385,0.0002254887890603169,-0.0007202723967838243,0.8531468531468531,7.758739716760189e-6,-0.00020950937299447269,0.8631368631368631,0.0002138082807201248,-0.000017020933008074388,0.32967032967032966,false
8h,MARKET,BTCUSDT,burst_skew,market,true,3281,-0.003274198762819998,0.00040007028503834117,-0.0006103141426287725,0.7522477522477522,0.00003347497955183422,-0.0001798826194813029,0.6773226773226774,0.00001624473899748663,-0.0001956042253353155,0.7522477522477522,false
8h,MARKET,BTCUSDT,large_imbalance,market,true,3282,0.004107909400092182,0.0009172749712875474,-0.00007230273593603802,0.46153846153846156,0.000050678224281326175,-0.0001676933326731526,0.6203796203796204,0.00007721878931529008,-0.00013117620968101554,0.5204795204795205,false
8h,MARKET,BTCUSDT,flow_imbalance,market,false,3282,0.019404716754876542,4.4054322710502046e-6,-0.0002074232684212837,0.5804195804195804,0.0010649985716305458,0.0007778567149089738,0.04895104895104895,0.0006307654923022932,0.00041882832949712695,0.07592407592407592,false
8h,MARKET,ETHUSDT,ml_share,market,true,3280,0.007274849892151988,-0.000025506170006353,-0.0010303656853404824,0.978021978021978,0.003309125856705613,0.0019363437678598708,0.12287712287712288,6.026293525971955e-6,-0.0001836082572110378,0.8721278721278721,false
8h,MARKET,ETHUSDT,ml_imbalance,market,true,3280,0.019167466501198216,0.000327491336960707,-0.000844227305488198,0.8491508491508492,0.000048637183050956726,-0.0001684820369614278,0.6283716283716284,0.0001474816309680596,-0.0000630572118460475,0.42157842157842157,false
8h,MARKET,ETHUSDT,sweep_pressure,market,true,3279,0.015081289194891326,0.0026892836997604833,0.001536099473336341,0.06593406593406594,5.1424909427455676e-6,-0.00026310442619919454,0.8921078921078921,1.372717589652851e-7,-0.0001885012735059303,0.986013986013986,false
8h,MARKET,ETHUSDT,absorption_imbalance,market,true,3280,-0.008961918848751364,0.0008609841088995096,-0.000029675683383748735,0.4255744255744256,0.00005593450772603281,-0.00016095093417069009,0.5854145854145855,0.00012620167496817317,-0.00008731442973037071,0.42157842157842157,false
8h,MARKET,ETHUSDT,burst_skew,market,true,3279,0.0015788462521096585,0.0009936531701359335,7.825598085709796e-8,0.4085914085914086,0.000013059924698936855,-0.0002061771807171486,0.8141858141858141,0.000029280173931342342,-0.0002059136347606529,0.7342657342657343,false
8h,MARKET,ETHUSDT,large_imbalance,market,true,3280,-0.012841469709205688,0.0017800795906405672,0.000838198624187127,0.11988011988011989,0.0004361954230989802,0.00020660998927881757,0.16583416583416583,0.0005319889309902613,0.00032756278571921635,0.1068931068931069,false
8h,MARKET,ETHUSDT,flow_imbalance,market,false,3280,0.027202242230443034,-0.0001337096092887383,-0.0003406964165882278,0.8051948051948052,0.0016460627831570848,0.001395261448839676,0.013986013986013986,0.0007865228736488946,0.0005785034645731191,0.059940059940059943,false
8h,MARKET,SOLUSDT,ml_share,market,true,3273,0.024409741427902514,0.0009271127387730475,-0.00010842159006634619,0.4565434565434565,0.016826417160234006,0.015867868914864837,0.000999000999000999,0.00011445485069367784,-0.00011915375034901537,0.47652347652347654,false
8h,MARKET,SOLUSDT,ml_imbalance,market,true,3273,-0.007096240630608764,0.000999873192020624,-0.00011682287212797632,0.44955044955044954,0.00001701273609679178,-0.00023091126338745964,0.7902097902097902,1.554099806319907e-6,-0.00020758305188854677,0.9250749250749251,false
8h,MARKET,SOLUSDT,sweep_pressure,market,true,3272,-0.009079166386339259,0.0033050812018625224,0.0021523158663910844,0.017982017982017984,0.0008402956852828423,0.00055773735956289,0.08591408591408592,6.233648777480509e-6,-0.00021500832519880637,0.8711288711288712,false
8h,MARKET,SOLUSDT,absorption_imbalance,market,true,3273,-0.006625628258526255,0.00024035573332737258,-0.0006669758975363107,0.8441558441558441,0.0002243217224512212,-0.000023486984605047882,0.34865134865134867,0.00004690626206406315,-0.00016346016420758404,0.6393606393606394,false
8h,MARKET,SOLUSDT,burst_skew,market,true,3272,-0.010314599591865389,0.001169899454448994,0.0001629311700057901,0.33966033966033965,0.0000953589637779787,-0.00011247540397613622,0.5234765234765235,0.00031140042031283134,0.00010218730632770146,0.22077922077922077,false
8h,MARKET,SOLUSDT,large_imbalance,market,true,3273,-0.004784312753319421,0.0017719198566057302,0.0007892501884253457,0.15384615384615385,0.0018002863702518204,0.0015803682982656548,0.008991008991008992,2.147958911246875e-6,-0.00020119877142163432,0.9070929070929071,false
8h,MARKET,SOLUSDT,flow_imbalance,market,false,3273,-0.007536123757359414,0.0009263597651776794,0.000701461827485815,0.08891108891108891,0.0009709455883034609,0.0007112489153136654,0.057942057942057944,0.00001803412158459634,-0.00020996608526384846,0.7852147852147852,false
8h,MARKET,ALT,ml_share,market,true,3285,0.05348840153576917,0.0015923071592383146,0.0005217996395798534,0.2137862137862138,0.007244908468740846,0.0063081041379863785,0.000999000999000999,0.0012711234418770231,0.0010137997697663504,0.026973026973026972,false
8h,MARKET,ALT,ml_imbalance,market,true,3285,-0.011965518457807743,0.0005806299997316565,-0.0006210748224598164,0.7232767232767233,7.463662542469109e-6,-0.0002293571656735872,0.8751248751248751,6.929108058524563e-6,-0.00021381536769978402,0.8681318681318682,false
8h,MARKET,ALT,sweep_pressure,market,true,3283,-0.011900025645221813,0.0018213672708931117,0.000733099765268699,0.17282717282717283,0.00006833573510139896,-0.00018390418243357956,0.6103896103896104,0.000021228105802351842,-0.0001949808578489814,0.7412587412587412,false
8h,MARKET,ALT,absorption_imbalance,market,true,3285,-0.012992452717125385,0.0007006577263198689,-0.00026264799464090476,0.5794205794205795,0.00009153742977849863,-0.0001050296363882758,0.4965034965034965,0.000016962564129554568,-0.00017960531154504502,0.7572427572427572,false
8h,MARKET,ALT,burst_skew,market,true,3283,-0.0207985583389145,0.002519050192952157,0.0014938140447703489,0.053946053946053944,0.00025652371443297083,0.00003196694099103897,0.2897102897102897,0.00036986580310167044,0.0001374646471431198,0.1958041958041958,false
8h,MARKET,ALT,large_imbalance,market,true,3285,-0.03059439502534779,-0.000011315075171319465,-0.0010078863484635266,0.9690309690309691,0.0012865536641870074,0.0010754744121890412,0.01898101898101898,0.00045911812768945445,0.00024270955132219113,0.14285714285714285,false
8h,MARKET,ALT,flow_imbalance,market,false,3285,-0.010809573903139564,0.00013483933209880138,-0.00008001917096670148,0.43656343656343655,0.0002005155043861218,-0.00005046487047768262,0.35064935064935066,0.00002697344445080519,-0.00020274835527316564,0.7302697302697303,false
24h,BTCUSDT,BTCUSDT,ml_share,own,true,1095,0.0821009032551955,0.0031676003438345637,0.0009114491587234419,0.2517482517482518,0.0046274492947421435,0.00296126860990131,0.09290709290709291,0.004259827844364037,0.00366034600456166,0.01898101898101898,false
24h,BTCUSDT,BTCUSDT,ml_imbalance,own,true,1095,-0.008930213011605605,0.0002402111572895597,-0.0031863492095465583,0.9370629370629371,0.00012308119416920088,-0.0005661693729099291,0.7012987012987013,0.000016447915031869523,-0.0007201150559106179,0.8641358641358642,false
24h,BTCUSDT,BTCUSDT,sweep_pressure,own,true,1095,-0.013219884592893543,-0.00007123224097808632,-0.0025366009148859447,0.955044955044955,0.00037645375651541234,-0.0003529213613053086,0.48951048951048953,0.00003153139408504447,-0.0005947998132254562,0.8281718281718282,false
24h,BTCUSDT,BTCUSDT,absorption_imbalance,own,true,1095,-0.042799074754316165,0.0070893337980686795,0.004168664585476486,0.07792207792207792,0.0008930998788578647,0.00028141818908045677,0.22677322677322678,0.0016225174363753466,0.0009493690778067073,0.12187812187812187,false
24h,BTCUSDT,BTCUSDT,burst_skew,own,true,1095,0.05218524765439361,0.0034781736377509603,0.0008763702555002152,0.2887112887112887,0.0004820824525399427,-0.00007545198251562055,0.35564435564435565,0.0018260233655113464,0.0010880249595111744,0.1258741258741259,false
24h,BTCUSDT,BTCUSDT,large_imbalance,own,true,1095,-0.012248235871111244,0.001059051701388905,-0.0011252884353626109,0.6573426573426573,0.0002587528685443356,-0.00030343430902206396,0.5084915084915085,0.000328880152992731,-0.0003508244067140591,0.4645354645354645,false
24h,BTCUSDT,BTCUSDT,flow_imbalance,own,false,1095,-0.012272209707731237,-0.00016761389307102183,-0.0008304379395899341,0.6723276723276723,0.000014727495420356592,-0.0006006521766731811,0.8661338661338661,1.2980171189384699e-6,-0.0005844166752441191,0.962037962037962,false
24h,BTCUSDT,ETHUSDT,ml_share,cross,true,1095,0.07054539518625834,0.002801457458465396,-0.00022331353701927036,0.46053946053946054,0.002380671104896362,0.0009580777422539344,0.2017982017982018,0.001937941824339481,0.0014084363100844686,0.04795204795204795,false
24h,BTCUSDT,ETHUSDT,ml_imbalance,cross,true,1095,0.016700057599358893,0.00015841093864944235,-0.003596284784692652,0.961038961038961,0.00035195853181525837,-0.00025204612990125275,0.45454545454545453,0.00015135121999906392,-0.0005099723069318602,0.6193806193806194,false
24h,BTCUSDT,ETHUSDT,sweep_pressure,cross,true,1095,0.02255838401534618,0.004207366801771394,0.0007297121762456669,0.3076923076923077,0.0015683146886123274,0.0006900679571032967,0.1798201798201798,0.0004216586099524167,-0.00015645173122028587,0.4065934065934066,false
24h,BTCUSDT,ETHUSDT,absorption_imbalance,cross,true,1095,0.0027158253096079784,0.003028306361233466,-0.0009099575766440015,0.5194805194805194,0.0009728763541449439,0.000356742880893867,0.2037962037962038,2.860895242872516e-7,-0.000679024406224194,0.995004995004995,false
24h,BTCUSDT,ETHUSDT,burst_skew,cross,true,1095,0.034722597210114454,0.002470608463858163,-0.0008823735018162085,0.5604395604395604,0.000051299756887016066,-0.0005577157250226012,0.7582417582417582,0.0009809761726326893,0.0002971804149311568,0.21678321678321677,false
24h,BTCUSDT,ETHUSDT,large_imbalance,cross,true,1095,0.02664870624454922,0.0025080234404002864,-0.00012477693451146393,0.4175824175824176,0.00004537518765584315,-0.0005307267755231603,0.7872127872127872,0.00012672756429106001,-0.0005318139415888114,0.6393606393606394,false
24h,BTCUSDT,ETHUSDT,flow_imbalance,cross,false,1095,0.006272882766567949,-0.0003705113440893763,-0.0010005859908442797,0.7652347652347652,0.0005308662286578815,-0.00010734869555454154,0.3966033966033966,0.00008470866933518555,-0.0005539141234598987,0.7132867132867133,false
24h,BTCUSDT,SOLUSDT,ml_share,cross,true,1094,0.05510049666415647,0.0036857978806598144,0.0005270571914828023,0.3336663336663337,0.009286497486801774,0.008158351800592385,0.002997002997002997,0.001409571158202241,0.0007138928950706999,0.16083916083916083,false
24h,BTCUSDT,SOLUSDT,ml_imbalance,cross,true,1094,-0.029013282129422568,0.0005952123002996533,-0.0034163707999812646,0.9310689310689311,0.00017562859243667694,-0.0005040228341787081,0.6183816183816184,3.0538958697420926e-6,-0.0006833539274198288,0.936063936063936,false
24h,BTCUSDT,SOLUSDT,sweep_pressure,cross,true,1094,0.005283601861885128,0.0021203818407885817,-0.001504196891087022,0.6693306693306693,0.0005135895495985464,-0.00027025496084837335,0.4075924075924076,0.0009752428402050951,0.00026344786309752,0.25774225774225773,false
24h,BTCUSDT,SOLUSDT,absorption_imbalance,cross,true,1094,-0.013360517157421347,0.00012843447008577323,-0.0035843774608542572,0.951048951048951,0.003002085841284557,0.0023691239516578323,0.03996003996003996,0.00007812408160854745,-0.0006019060117177135,0.6973026973026973,false
24h,BTCUSDT,SOLUSDT,burst_skew,cross,true,1094,0.014101915007413408,0.0020215913732074885,-0.001702317344902705,0.7032967032967034,0.0011333997882639803,0.0004893508163110164,0.18581418581418582,9.235746744985e-6,-0.0007357364396078675,0.9000999000999002,false
24h,BTCUSDT,SOLUSDT,large_imbalance,cross,true,1094,-0.018170525308948422,0.0037493919244553464,0.0011434644927945867,0.25274725274725274,0.0016866713536441535,0.0010354897711403752,0.1048951048951049,0.00024962406581495656,-0.0004147138257286071,0.5274725274725275,false
24h,BTCUSDT,SOLUSDT,flow_imbalance,cross,false,1094,-0.03201622982627649,0.001486437872453623,0.0009283989732040022,0.16483516483516483,0.00007598766981588694,-0.0006015058235846763,0.7152847152847153,0.0004599062394817814,-0.00013946915237777444,0.3706293706293706,false
24h,BTCUSDT,ALT,ml_share,cross,true,1095,0.09218158622894565,0.0056960489424088745,0.0027125905231566837,0.10589410589410589,0.009343618412916603,0.007943966211356443,0.005994005994005994,0.0041342980659398905,0.0035226658380400158,0.006993006993006993,false
24h,BTCUSDT,ALT,ml_imbalance,cross,true,1095,-0.019750959090562608,0.001632221885547914,-0.0023981750291268205,0.7712287712287712,0.0004743321429308984,-0.0001316956084200147,0.3966033966033966,0.0001930403766680756,-0.0004506171243185627,0.5864135864135864,false
24h,BTCUSDT,ALT,sweep_pressure,cross,true,1095,-0.0058390047649714005,0.004900524051332863,0.001334145130647139,0.25074925074925075,0.0025518054532639952,0.0016766302201891674,0.08691308691308691,0.0009691912251456317,0.00029844299441069506,0.21978021978021978,false
24h,BTCUSDT,ALT,absorption_imbalance,cross,true,1095,-0.017138139933721434,0.0035707108896450806,-0.000645757151883006,0.4825174825174825,0.001950990685386085,0.00141862183976735,0.06793206793206794,6.9043487135707885e-6,-0.0006931529232493498,0.9230769230769231,false
24h,BTCUSDT,ALT,burst_skew,cross,true,1095,0.03746651843042387,0.0011139067801605683,-0.002334176797988142,0.8181818181818182,0.00019698684076718435,-0.0003366434616890725,0.5224775224775224,0.0007223516188541068,-8.567092778978742e-6,0.3006993006993007,false
24h,BTCUSDT,ALT,large_imbalance,cross,true,1095,-0.036122859377681976,0.0026431498784385706,-0.00006829539910159412,0.4275724275724276,0.0004132415588340022,-0.00021178502892883446,0.43456543456543456,0.000595243548846418,-0.0001245784733744042,0.3356643356643357,false
24h,BTCUSDT,ALT,flow_imbalance,cross,false,1095,-0.03283562868576031,0.0013489704919399533,0.0006378018714279708,0.2217782217782218,0.0007755043557713769,0.0002321757705632054,0.2177822177822178,0.0005605686267374345,-0.00013238293703862498,0.3906093906093906,false
24h,ETHUSDT,BTCUSDT,ml_share,cross,true,1095,0.06332242461311456,0.004442645640453374,0.0015352557715412954,0.21578421578421578,0.009855052004670987,0.008631124253707573,0.003996003996003996,0.0028663435361255558,0.002294354869485491,0.029970029970029972,false
24h,ETHUSDT,BTCUSDT,ml_imbalance,cross,true,1095,-0.046326811560160254,0.0037824919788518874,0.0006314785716154199,0.3156843156843157,0.00004338228725629205,-0.0005979740029473319,0.8151848151848152,0.00042830581642606935,-0.00021053248837776535,0.42857142857142855,false
24h,ETHUSDT,BTCUSDT,sweep_pressure,cross,true,1095,-0.014828590267115882,0.005996583615897614,0.002815465188317213,0.12887112887112886,0.0003172022270326684,-0.0003404947326924677,0.5054945054945055,0.0008720461256397444,0.00022662674028186137,0.24775224775224775,false
24h,ETHUSDT,BTCUSDT,absorption_imbalance,cross,true,1095,-0.03701606073396317,0.002528079104753214,-0.0003754775656959167,0.48951048951048953,0.000012802058661458004,-0.0006934081158763916,0.8871128871128872,0.0004366047094487618,-0.00020813410181161357,0.4155844155844156,false
24h,ETHUSDT,BTCUSDT,burst_skew,cross,true,1095,0.060610931594226314,-0.00013967780719219747,-0.003088516327777756,0.993006993006993,3.1412531208582763e-9,-0.0006265582901946706,0.998001998001998,0.0010828343200595366,0.0004211572348555734,0.21178821178821178,false
24h,ETHUSDT,BTCUSDT,large_imbalance,cross,true,1095,-0.07576470872108401,0.0020042431503739587,-0.0007895980503996283,0.5714285714285714,0.0006717033645382474,0.000043877107472763,0.3156843156843157,0.0036709669264295168,0.0029778886178316146,0.01898101898101898,false
24h,ETHUSDT,BTCUSDT,flow_imbalance,cross,false,1095,-0.03568332380655902,0.0018798590153138901,0.0011390945471641115,0.16483516483516483,0.0001884994637670381,-0.0005202202510101444,0.5864135864135864,0.000793353597331361,0.00009713543177636264,0.2727272727272727,false
24h,ETHUSDT,ETHUSDT,ml_share,own,true,1095,0.05200446134545595,0.004328448259394609,0.0020950657775552703,0.15084915084915085,0.007481905198651166,0.006326492677608611,0.007992007992007992,0.0014257133458263345,0.000853446559806624,0.11488511488511488,false
24h,ETHUSDT,ETHUSDT,ml_imbalance,own,true,1095,-0.03883266152360998,0.01027729595819596,0.007559485731612666,0.015984015984015984,0.0002619184800244384,-0.0003851079873014801,0.5254745254745254,0.0001366934840280019,-0.000512838078344582,0.6623376623376623,false
24h,ETHUSDT,ETHUSDT,sweep_pressure,own,true,1095,-0.018278117343658685,0.004634134801009876,0.0021960450838350025,0.13286713286713286,0.000014450869582939858,-0.0006874078118042969,0.8751248751248751,0.0007288464684027411,0.00013278709713302644,0.24675324675324675,false
24h,ETHUSDT,ETHUSDT,absorption_imbalance,own,true,1095,-0.0398983227819814,0.002387583890690227,0.000037407921795526346,0.3916083916083916,0.0015853584065165696,0.000913242858509981,0.12287712287712288,0.00041842135848864994,-0.00020640747477362946,0.43356643356643354,false
24h,ETHUSDT,ETHUSDT,burst_skew,own,true,1095,0.04412233365328915,0.0010712896697792848,-0.0011343766679023104,0.6623376623376623,0.0014736201889599047,0.0008255349574843814,0.14885114885114886,0.0004437999044943578,-0.00019592521351369447,0.44255744255744256,false
24h,ETHUSDT,ETHUSDT,large_imbalance,own,true,1095,-0.0729322954359043,0.0022551916319621134,0.00010623148134270314,0.36163836163836166,0.00022140873550577134,-0.00043304757999516067,0.5964035964035964,0.002727282875996269,0.002034713012661885,0.056943056943056944,false
24h,ETHUSDT,ETHUSDT,flow_imbalance,own,false,1095,-0.03480530374750459,0.002180461330001845,0.0015949349027924694,0.1028971028971029,0.0002127242441005858,-0.00041842888974562574,0.5974025974025974,0.0007758867889436037,0.00012794792827076668,0.2787212787212787,false
24h,ETHUSDT,SOLUSDT,ml_share,cross,true,1094,0.06546671324594854,0.007956911470003951,0.004754337357917464,0.052947052947052944,0.017996602128026503,0.01712134582408394,0.000999000999000999,0.001853087200623676,0.001110822494861074,0.10989010989010989,false
24h,ETHUSDT,SOLUSDT,ml_imbalance,cross,true,1094,-0.05715200440796971,0.004871517139527067,0.0014885294027021847,0.24775224775224775,0.0007089099434973059,0.0000916229339834318,0.2867132867132867,0.001948744305188259,0.0013021434192592965,0.07892107892107893,false
24h,ETHUSDT,SOLUSDT,sweep_pressure,cross,true,1094,-0.026495746333514057,0.0012321736421245018,-0.0017193217264671811,0.7402597402597403,0.0005866236254156129,-0.0001397629005774519,0.36363636363636365,0.000401109852233174,-0.00019642300686190995,0.40559440559440557,false
24h,ETHUSDT,SOLUSDT,absorption_imbalance,cross,true,1094,-0.017138479705488308,0.0011486819135040054,-0.0020532579600167863,0.7902097902097902,7.0508959670690865e-6,-0.0006002362021427169,0.935064935064935,7.4414044162716955e-6,-0.000609857786293219,0.916083916083916,false
24h,ETHUSDT,SOLUSDT,burst_skew,cross,true,1094,0.03083837002177338,0.0016510486259639736,-0.0014860808169941755,0.6973026973026973,0.0002642009893735846,-0.00042522047080745837,0.5424575424575424,6.159170272188578e-7,-0.0006289511796879303,0.9820179820179821,false
24h,ETHUSDT,SOLUSDT,large_imbalance,cross,true,1094,-0.0886701426383201,0.006693177490195257,0.0038271606205164347,0.06893106893106893,0.003819456276424027,0.0031379997373316686,0.023976023976023976,0.003593837123480705,0.002955861361183173,0.02197802197802198,false
24h,ETHUSDT,SOLUSDT,flow_imbalance,cross,false,1094,-0.042308631978451944,-0.00016593694740116952,-0.0007540547684134203,0.6793206793206793,0.0001762804782395124,-0.0005522276450779769,0.6553446553446554,0.0007427820055439457,0.00017627338138097022,0.23576423576423577,false
24h,ETHUSDT,ALT,ml_share,cross,true,1095,0.10143787266611547,0.006690307484082901,0.003860560036412995,0.04795204795204795,0.015196072700594485,0.014043581376469147,0.000999000999000999,0.005463705274719624,0.004916794069137553,0.000999000999000999,false
24h,ETHUSDT,ALT,ml_imbalance,cross,true,1095,-0.05254912351543639,0.0022434781218676207,-0.0009470359550360248,0.5714285714285714,0.0008204459501940543,0.00014867394325331887,0.2837162837162837,0.0004199011119399908,-0.00024339257212200216,0.47052947052947053,false
24h,ETHUSDT,ALT,sweep_pressure,cross,true,1095,-0.021023656318097623,0.00457874155961551,0.001294252287527386,0.23576423576423577,0.0007325464903650789,0.00008556994081328087,0.3016983016983017,0.0012143820923493107,0.0005931802815975669,0.16983016983016982,false
24h,ETHUSDT,ALT,absorption_imbalance,cross,true,1095,-0.03073283165284934,0.002052752087304748,-0.0008978307959118781,0.5914085914085914,0.00029312924608377336,-0.00031820629361032894,0.45354645354645357,0.0003613290761578739,-0.0002469511616150755,0.44955044955044954,false
24h,ETHUSDT,ALT,burst_skew,cross,true,1095,0.04285928811140824,-0.0000876671686099911,-0.0028735685809484312,0.9820179820179821,0.0003029325944832624,-0.0003339084743855583,0.4775224775224775,0.0004796384890188653,-0.0001431511587962852,0.3756243756243756,false
24h,ETHUSDT,ALT,large_imbalance,cross,true,1095,-0.09077130678157047,0.004090431281222502,0.0012196888746704533,0.26073926073926074,0.0007507857418249989,0.00009231672451329067,0.27372627372627373,0.004391617763440276,0.003751358783436063,0.011988011988011988,false
24h,ETHUSDT,ALT,flow_imbalance,cross,false,1095,-0.04201440916237443,0.002058628246769119,0.0014872520445095298,0.12687312687312688,0.0010063447258633544,0.0002846245463588241,0.21978021978021978,0.0009252620134662093,0.00032538089169267966,0.21478521478521478,false
24h,SOLUSDT,BTCUSDT,ml_share,cross,true,1095,-0.017691813999587244,0.0016644321173679404,-0.0011171062632174284,0.6463536463536463,0.0004993861782413695,-0.002693136261584475,0.7502497502497503,0.00003234392416375628,-0.0005689827372557105,0.8221778221778222,false
24h,SOLUSDT,BTCUSDT,ml_imbalance,cross,true,1095,-0.03220679760177547,0.0030022714503137394,-0.0008670721430422833,0.5424575424575424,0.00016101756262137164,-0.0004922900356657352,0.6153846153846154,0.000053669669583304476,-0.0005720559179038242,0.7652347652347652,false
24h,SOLUSDT,BTCUSDT,sweep_pressure,cross,true,1095,-0.04503429912950204,0.004490374014104085,0.0010524522276825583,0.27672327672327673,0.0002401107885003397,-0.0005047079100265819,0.5564435564435565,0.00010026407867690268,-0.0004765433108768991,0.6713286713286714,false
24h,SOLUSDT,BTCUSDT,absorption_imbalance,cross,true,1095,-0.005113263810730444,0.002008609029124616,-0.0006499306526614869,0.5464535464535465,8.995621666614086e-6,-0.0007172578834654808,0.9200799200799201,0.00015448017648666713,-0.0005340069508547108,0.6263736263736264,false
24h,SOLUSDT,BTCUSDT,burst_skew,cross,true,1095,-0.025577222899282288,0.001812981003047868,-0.0010378286385361404,0.6513486513486514,1.0522468790934427e-7,-0.0006719046908954757,0.981018981018981,0.00043194018532697736,-0.00016769859031786656,0.3966033966033966,false
24h,SOLUSDT,BTCUSDT,large_imbalance,cross,true,851,0.0006764886353370283,0.010171184522981287,0.006690352049921765,0.026973026973026972,0.0011362698015337526,0.0001871483428018154,0.26873126873126874,0.000026694069418667807,-0.0007586676937550433,0.8561438561438561,false
24h,SOLUSDT,BTCUSDT,flow_imbalance,cross,false,1095,-0.02817073868481525,0.0002745260655261911,-0.000312651256329089,0.45354645354645357,0.0021879583537752845,0.0014799521047255439,0.06993006993006994,0.00012194461670170196,-0.0004973204498523762,0.6583416583416584,false
24h,SOLUSDT,ETHUSDT,ml_share,cross,true,1095,-0.0038296718774192048,0.0009512104833588472,-0.002096965058529629,0.8201798201798202,8.918953618025425e-6,-0.00394255245314649,0.972027972027972,4.827052640957251e-7,-0.000611886420458705,0.9790209790209791,false
24h,SOLUSDT,ETHUSDT,ml_imbalance,cross,true,1095,-0.005212047351023581,0.006348569222425629,0.0023700879621669875,0.1798201798201798,0.00035294629542561564,-0.0003155072255632799,0.42657342657342656,0.000092184585691989,-0.000532530459959617,0.7252747252747253,false
24h,SOLUSDT,ETHUSDT,sweep_pressure,cross,true,1095,-0.02536913584692719,0.005964588488062869,0.002568952756556076,0.15584415584415584,0.0011072962816743406,0.0003695382815989746,0.21978021978021978,0.0002551445400437657,-0.0003640602448701948,0.5624375624375625,false
24h,SOLUSDT,ETHUSDT,absorption_imbalance,cross,true,1095,0.0096691427749364,0.004199348938226015,0.0014526177759630527,0.21178821178821178,0.0009469788968031426,0.00027573694071583927,0.22477522477522477,0.0008563322372322199,0.00012017966307566164,0.26873126873126874,false
24h,SOLUSDT,ETHUSDT,burst_skew,cross,true,1095,-0.013563607076221078,0.0006633182573162094,-0.002266002527329764,0.8941058941058941,0.0004932826881667855,-0.00014950825337911426,0.38961038961038963,0.0004841746022695387,-0.0001792098691834283,0.3956043956043956,false
24h,SOLUSDT,ETHUSDT,large_imbalance,cross,true,851,0.029052395688177957,0.0041755496830874405,0.0006464996506030034,0.36163836163836166,0.00110321313102719,0.00001725826591473037,0.34465534465534464,0.0004526517990888442,-0.0003707335480542243,0.43456543456543456,false
24h,SOLUSDT,ETHUSDT,flow_imbalance,cross,false,1095,0.004283876913953943,0.00015847154064742733,-0.0004664822687519783,0.5304695304695305,0.004378888373213591,0.003625115082878599,0.022977022977022976,0.0001483911773514896,-0.0004916298431378928,0.6573426573426573,false
24h,SOLUSDT,SOLUSDT,ml_share,own,true,1094,0.013281771989893913,0.0006981266297875306,-0.0017454875563041716,0.7722277722277723,0.01176792676392927,0.009624279407665944,0.01998001998001998,0.00037869504568945023,-0.0006456975928953215,0.5844155844155844,false
24h,SOLUSDT,SOLUSDT,ml_imbalance,own,true,1094,0.031083926268696396,0.005755243482493324,0.0024996104406220785,0.18281718281718282,0.0000798113702337685,-0.000631214752414177,0.7272727272727273,0.002994891989812417,0.0023676983811292893,0.02197802197802198,false
24h,SOLUSDT,SOLUSDT,sweep_pressure,own,true,1094,-0.00926565846671052,0.005067670097594864,0.0024036080413507048,0.13986013986013987,0.0006871280922849632,-0.00009560019110593202,0.3356643356643357,0.00004708571650222681,-0.0005926857453005513,0.7862137862137862,false
24h,SOLUSDT,SOLUSDT,absorption_imbalance,own,true,1094,0.05408400396447825,0.006738222457831358,0.004705900114574573,0.02197802197802198,0.000551059581864234,-0.0001672643482702504,0.36863136863136864,0.0017258189269169682,0.001056797625385208,0.10989010989010989,false
24h,SOLUSDT,SOLUSDT,burst_skew,own,true,1094,-0.030306079450913764,0.003560673142429844,0.0014038375922238214,0.1888111888111888,0.0005563854542885346,-0.00007958284424741853,0.3246753246753247,0.0004737337475587718,-0.00012168345039540427,0.3966033966033966,false
24h,SOLUSDT,SOLUSDT,large_imbalance,own,true,850,0.07177381050482351,0.0026035990025533614,0.00003882702141477096,0.4385614385614386,0.0029196175589430435,0.0019431881316772392,0.07492507492507493,0.0027620835851060945,0.001981489706403949,0.04795204795204795,false
24h,SOLUSDT,SOLUSDT,flow_imbalance,own,false,1094,0.011366977661351469,-0.00036886747267217147,-0.0010581393063800492,0.8021978021978022,0.010137539060196182,0.009320369119864478,0.000999000999000999,0.00017360318538456448,-0.0004929640220293534,0.5974025974025974,false
24h,SOLUSDT,ALT,ml_share,cross,true,1095,0.04423766946888492,0.0007100288645194559,-0.0023963511783414715,0.8531468531468531,0.0024684323778845266,-0.000169985444576077,0.34965034965034963,0.0008839720004707966,0.00020292212519057743,0.2517482517482518,false
24h,SOLUSDT,ALT,ml_imbalance,cross,true,1095,0.0019479222096071929,0.005688551946271556,0.0016711536739101853,0.23476523476523475,0.0028704446859997477,0.0021934402773105778,0.03996003996003996,0.0024171673987564515,0.0016820087346586091,0.055944055944055944,false
24h,SOLUSDT,ALT,sweep_pressure,cross,true,1095,-0.021550440933968764,0.006036611270600571,0.002542551335487091,0.15484515484515485,0.00002052595894819152,-0.0006440618656954011,0.8371628371628371,0.00013776375688402892,-0.00047737471064409514,0.6543456543456544,false
24h,SOLUSDT,ALT,absorption_imbalance,cross,true,1095,0.033445951565720944,0.005889900607122176,0.003197572646904387,0.09090909090909091,0.00003283389556926639,-0.0006776814446496699,0.8281718281718282,0.002504289012104138,0.0017266848534130302,0.06793206793206794,false
24h,SOLUSDT,ALT,burst_skew,cross,true,1095,-0.04978317524737471,0.004681564019595474,0.0019553069961647626,0.17582417582417584,0.00014361734205874203,-0.0005396671945296148,0.6813186813186813,0.002333881892670588,0.0017162703679784316,0.04095904095904096,false
24h,SOLUSDT,ALT,large_imbalance,cross,true,851,0.015727275251008522,0.007082518567700196,0.0033602392465197635,0.11588411588411589,0.003647270226160875,0.002675844794119326,0.059940059940059943,0.00010823899667749408,-0.0007511230922248031,0.7352647352647352,false
24h,SOLUSDT,ALT,flow_imbalance,cross,false,1095,-0.009416599473507859,0.000749053767920826,0.00012943448683973822,0.33766233766233766,0.002135559804784596,0.0014617638019210747,0.07792207792207792,2.7282265579259456e-6,-0.0005927773669508196,0.948051948051948,false
24h,MARKET,BTCUSDT,ml_share,market,true,1095,0.046887468474359144,0.004759767454249382,0.0016968407816374109,0.1978021978021978,0.006042968280001471,0.004034477937972588,0.08191808191808192,0.002161310473635663,0.0014562839525916799,0.09090909090909091,false
24h,MARKET,BTCUSDT,ml_imbalance,market,true,1095,-0.03270295456743174,0.0022259843295418824,-0.0014960836689279855,0.6353646353646354,1.1550738189224994e-6,-0.0006797078145047651,0.954045954045954,0.00028034971259127163,-0.0003784475024965411,0.5194805194805194,false
24h,MARKET,BTCUSDT,sweep_pressure,market,true,1095,-0.044269101426237634,0.002192795443062851,-0.0012312415203096427,0.6523476523476524,0.00005934196219372601,-0.0005600889444787987,0.7732267732267732,0.000018190383128379866,-0.000605575064172654,0.8781218781218781,false
24h,MARKET,BTCUSDT,absorption_imbalance,market,true,1095,-0.04230830116257112,0.0015214793221658065,-0.001510924181752763,0.6873126873126874,0.00006461687633771968,-0.0006185406218818853,0.7412587412587412,0.0005064261191074161,-0.0001458869416894452,0.37462537462537465,false
24h,MARKET,BTCUSDT,burst_skew,market,true,1095,0.053362314591209985,0.00008326544097932166,-0.00268163471427168,0.972027972027972,0.000052975679842134784,-0.0005370292769192991,0.7892107892107892,0.0008267042116405586,0.00019581812829217967,0.24475524475524477,false
24h,MARKET,BTCUSDT,large_imbalance,market,true,1095,-0.05624231909532995,0.006732117640030028,0.0038709532704387104,0.052947052947052944,0.002570913897209239,0.0019010980730191748,0.052947052947052944,0.0033418433303889117,0.0026706460158181407,0.01998001998001998,false
24h,MARKET,BTCUSDT,flow_imbalance,market,false,1095,-0.028424652964319657,0.0009919303021183145,0.00036978487341400785,0.2787212787212787,0.0001261720038433174,-0.00052836244974981,0.6813186813186813,0.00023996985129107282,-0.0003945745340698455,0.5224775224775224,false
24h,MARKET,ETHUSDT,ml_share,market,true,1095,0.04523563182987003,0.0024042615718468663,-0.0006730842541833823,0.5404595404595405,0.0027682019611922687,0.00040860322967848587,0.3146853146853147,0.000980688218469435,0.00041245790829794844,0.1958041958041958,false
24h,MARKET,ETHUSDT,ml_imbalance,market,true,1095,-0.008233856687457398,0.007988532154975119,0.004029178334094472,0.0919080919080919,0.000587138161029992,-0.00006972281180508424,0.33966033966033965,3.026194997621749e-6,-0.0006060259561489026,0.9560439560439561,false
24h,MARKET,ETHUSDT,sweep_pressure,market,true,1095,-0.02544366221513132,0.011664139417507458,0.008370420031895608,0.008991008991008992,0.00038751459761477797,-0.0003209506785121989,0.4885114885114885,0.000012118508342681737,-0.000598078722152059,0.8901098901098901,false
24h,MARKET,ETHUSDT,absorption_imbalance,market,true,1095,-0.012887705744964808,0.0007157307912951999,-0.002306956829993015,0.8641358641358642,0.001738019934732306,0.001127330466360315,0.11588411588411589,0.000032794049150298616,-0.0006776345102334939,0.8271728271728271,false
24h,MARKET,ETHUSDT,burst_skew,market,true,1095,0.047132974088331565,0.000010067803059442862,-0.0029796213601411825,0.958041958041958,0.0008051281600150878,0.00017701979687420176,0.2547452547452547,0.0003041888326956927,-0.0003107479119877069,0.4805194805194805,false
24h,MARKET,ETHUSDT,large_imbalance,market,true,1095,-0.020673481097959676,0.0010534790116060024,-0.002032178616168799,0.8011988011988012,0.0006420948181412954,0.00002918080724170313,0.3166833166833167,0.0003363219185684322,-0.0003109016537998658,0.43756243756243757,false
24h,MARKET,ETHUSDT,flow_imbalance,market,false,1095,-0.008538689092699505,0.0006400689129355393,-0.00010310259907596363,0.4015984015984016,0.0016401261579532763,0.0009954815087655482,0.11588411588411589,7.289465645406431e-6,-0.0006250285875363934,0.9050949050949051,false
24h,MARKET,SOLUSDT,ml_share,market,true,1094,0.057115097193161414,0.00523045517769081,0.0016933904689611689,0.2217782217782218,0.0196920436034821,0.0182815090173067,0.000999000999000999,0.001674176081867407,0.0008130291430090789,0.16383616383616384,false
24h,MARKET,SOLUSDT,ml_imbalance,market,true,1094,-0.02343927538498879,0.00019139101998538733,-0.003874693116427727,0.964035964035964,0.000306849051575043,-0.00032692463753394727,0.47652347652347654,0.00011946816713890932,-0.0005301468852978876,0.6653346653346653,false
24h,MARKET,SOLUSDT,sweep_pressure,market,true,1094,-0.020911731474212963,0.004289169788256581,0.0008398457861510168,0.2997002997002997,1.0141743601148986e-7,-0.0007837964074055848,0.99000999000999,0.00046793626801079825,-0.00019056546282150488,0.39760239760239763,false
24h,MARKET,SOLUSDT,absorption_imbalance,market,true,1094,0.0027766973967880506,0.0021892495770025845,-0.0007831219326454946,0.5594405594405595,0.000011839212020014922,-0.0006864856723904116,0.8921078921078921,0.00022706104296589479,-0.0003987187396270924,0.5564435564435565,false
24h,MARKET,SOLUSDT,burst_skew,market,true,1094,0.013147478118876746,0.00019738435718597117,-0.0028020981727977816,0.9530469530469531,0.00039812297942274223,-0.00021014774583689576,0.43156843156843155,0.000018381787929895448,-0.0006552080281116962,0.8751248751248751,false
24h,MARKET,SOLUSDT,large_imbalance,market,true,1094,-0.04913500949247242,0.001549748252562834,-0.001489094726788928,0.6833166833166833,0.008485589582195615,0.007827186644440664,0.001998001998001998,0.001154616975747053,0.0005168892895635839,0.17282717282717283,false
24h,MARKET,SOLUSDT,flow_imbalance,market,false,1094,-0.025820510187942458,0.0010405052463015498,0.00039071349081041986,0.27472527472527475,0.002221602317612418,0.001475225068314902,0.09290709290709291,0.00029147038794373383,-0.00031527562648093707,0.5014985014985015,false
24h,MARKET,ALT,ml_share,market,true,1095,0.10169069930301303,0.006798112516787952,0.0037474588677506963,0.08191808191808192,0.012463379890437564,0.01063618981443556,0.003996003996003996,0.005002618425036739,0.004319739781241035,0.00999000999000999,false
24h,MARKET,ALT,ml_imbalance,market,true,1095,-0.025042952743116912,0.0009158609083125366,-0.0030511871533213768,0.8681318681318682,0.0013596636032917006,0.0007932809417688575,0.12487512487512488,0.0004767296192581089,-0.0002304982773853618,0.41858141858141856,false
24h,MARKET,ALT,sweep_pressure,market,true,1095,-0.03667308771865044,0.006953428329429567,0.0036463833992029368,0.0969030969030969,0.0001388498101906112,-0.0005249350367171667,0.6713286713286714,0.0005049487609733955,-0.00010997526881633703,0.3646353646353646,false
24h,MARKET,ALT,absorption_imbalance,market,true,1095,-0.008346048393332514,0.0050796998882430885,0.0019107652146171205,0.1968031968031968,0.0002934813436104284,-0.0003555996682712376,0.5104895104895105,0.00015268926563510908,-0.0004931916518941219,0.6393606393606394,false
24h,MARKET,ALT,burst_skew,market,true,1095,0.025953931115115177,0.0016509499476652049,-0.0012523808265586494,0.6483516483516484,0.000017437158213951613,-0.000585584080111681,0.8751248751248751,7.035329505404275e-6,-0.0005817637744385276,0.9110889110889111,false
24h,MARKET,ALT,large_imbalance,market,true,1095,-0.06523952723557626,0.004551455199758619,0.0014596151077208562,0.21678321678321677,0.005166042131926953,0.004488889500268437,0.006993006993006993,0.0023788894406341792,0.0017381687256289987,0.04395604395604396,false
24h,MARKET,ALT,flow_imbalance,market,false,1095,-0.03174482368947749,0.0021991830075222545,0.0015426126659949008,0.12387612387612387,0.00001471728142821172,-0.0006521339039832566,0.9000999000999002,0.0005402860423497806,-0.00009567234962326793,0.35764235764235763,false
