sample,fold,n_events,pb_family,pb_source_experiment,train_start,pb_calibration_end,lag_calibration_end,test_start,test_end,model,training_observations,training_months,duration_reference_seconds,scaled_condition_number,bias_buy,bias_sell,lag_impulse,lag_impulse_x_duration,lag_impulse_x_previous_activity
full_history,1,200,pb_activity,pb_surface_scaling_v1,2019-09-01,2023-01-01,2023-01-01,2023-01-01,2024-01-01,bias_only,6089425,40,9.977,1.0000000000000002,0.0008997732096078548,0.0008851769077692297,0.0,0.0,0.0
full_history,1,200,pb_activity,pb_surface_scaling_v1,2019-09-01,2023-01-01,2023-01-01,2023-01-01,2024-01-01,lag_impact,6089425,40,9.977,1.3635948002077747,0.0014413877537069841,0.001453571790522675,-0.27168446895939985,0.0,0.0
full_history,1,200,pb_activity,pb_surface_scaling_v1,2019-09-01,2023-01-01,2023-01-01,2023-01-01,2024-01-01,lag_activity,6089425,40,9.977,104.96335181069847,0.001299801908039773,0.0013698265395501242,-0.7276465294296282,0.0,-0.06895696293173678
full_history,1,200,pb_activity,pb_surface_scaling_v1,2019-09-01,2023-01-01,2023-01-01,2023-01-01,2024-01-01,lag_activity_duration,6089425,40,9.977,228.0506434150261,0.0012551430576244471,0.0013141174120270857,-0.11868504563737364,-0.07966683155077428,0.0049063345975508795
full_history,2,200,pb_activity,pb_surface_scaling_v1,2019-09-01,2024-01-01,2024-01-01,2024-01-01,2025-01-01,bias_only,7843723,52,10.59,1.0000000000000002,0.0008817092583385657,0.0008976424520492809,0.0,0.0,0.0
full_history,2,200,pb_activity,pb_surface_scaling_v1,2019-09-01,2024-01-01,2024-01-01,2024-01-01,2025-01-01,lag_impact,7843723,52,10.59,1.3710521635898592,0.0014098760932474215,0.001433368392233183,-0.26724453291776307,0.0,0.0
full_history,2,200,pb_activity,pb_surface_scaling_v1,2019-09-01,2024-01-01,2024-01-01,2024-01-01,2025-01-01,lag_activity,7843723,52,10.59,106.25034631240449,0.001284553815735313,0.0013540757666248376,-0.6960104251923962,0.0,-0.0635774525328442
full_history,2,200,pb_activity,pb_surface_scaling_v1,2019-09-01,2024-01-01,2024-01-01,2024-01-01,2025-01-01,lag_activity_duration,7843723,52,10.59,200.37953733514368,0.0012498008530996674,0.0013179846915474943,-0.21633511343496378,-0.06751947932233843,-0.004798072266929109
full_history,3,200,pb_activity,pb_surface_scaling_v1,2019-09-01,2025-01-01,2025-01-01,2025-01-01,2026-01-01,bias_only,9767700,64,10.885,1.0000000000000002,0.0009285674554443697,0.0010005800921080497,0.0,0.0,0.0
full_history,3,200,pb_activity,pb_surface_scaling_v1,2019-09-01,2025-01-01,2025-01-01,2025-01-01,2026-01-01,lag_impact,9767700,64,10.885,1.3880050824044337,0.0014285421904395494,0.0014880515708548601,-0.25807187771580115,0.0,0.0
full_history,3,200,pb_activity,pb_surface_scaling_v1,2019-09-01,2025-01-01,2025-01-01,2025-01-01,2026-01-01,lag_activity,9767700,64,10.885,113.21239123954032,0.0013395634042721212,0.0014303955882475792,-0.6052033802913735,0.0,-0.049920291630630075
full_history,3,200,pb_activity,pb_surface_scaling_v1,2019-09-01,2025-01-01,2025-01-01,2025-01-01,2026-01-01,lag_activity_duration,9767700,64,10.885,190.33677834282028,0.0013074842799828093,0.0014001510620995346,-0.20253645620815922,-0.061028072950901895,-0.00041259064682699865
full_history,4,200,pb_activity,pb_surface_scaling_v1,2019-09-01,2026-01-01,2026-01-01,2026-01-01,2026-06-01,bias_only,11445467,76,11.293000000000001,1.0000000000000002,0.000959903093381876,0.0010859444921645783,0.0,0.0,0.0
full_history,4,200,pb_activity,pb_surface_scaling_v1,2019-09-01,2026-01-01,2026-01-01,2026-01-01,2026-06-01,lag_impact,11445467,76,11.293000000000001,1.3990490886407863,0.0014157562780218018,0.001514960872722271,-0.240033509845698,0.0,0.0
full_history,4,200,pb_activity,pb_surface_scaling_v1,2019-09-01,2026-01-01,2026-01-01,2026-01-01,2026-06-01,lag_activity,11445467,76,11.293000000000001,127.04163178474627,0.0013570102497975512,0.0014775912336509312,-0.5178085826866088,0.0,-0.03877716382425821
full_history,4,200,pb_activity,pb_surface_scaling_v1,2019-09-01,2026-01-01,2026-01-01,2026-01-01,2026-06-01,lag_activity_duration,11445467,76,11.293000000000001,186.5562989608802,0.001324687768262561,0.0014487475876313622,-0.19524099067556178,-0.05557867278999357,0.0008015308055366809
post_2021,1,200,pb_activity,pb_surface_scaling_v1,2021-01-01,2023-01-01,2023-01-01,2023-01-01,2024-01-01,bias_only,5306762,24,8.926,1.0000000000000002,0.0004888613942872597,0.0006183642213831178,0.0,0.0,0.0
post_2021,1,200,pb_activity,pb_surface_scaling_v1,2021-01-01,2023-01-01,2023-01-01,2023-01-01,2024-01-01,lag_impact,5306762,24,8.926,1.517565737741314,0.0008825040522971791,0.0009819379882919947,-0.2440324259317096,0.0,0.0
post_2021,1,200,pb_activity,pb_surface_scaling_v1,2021-01-01,2023-01-01,2023-01-01,2023-01-01,2024-01-01,lag_activity,5306762,24,8.926,378.7086806618643,0.0009126807668045858,0.0010045767484775099,0.19462631897131688,0.0,0.053376439355126176
post_2021,1,200,pb_activity,pb_surface_scaling_v1,2021-01-01,2023-01-01,2023-01-01,2023-01-01,2024-01-01,lag_activity_duration,5306762,24,8.926,451.03661369051633,0.0009065430887773347,0.0009983767533981104,0.14737372084301975,-0.011808079056694775,0.04811552204056142
post_2021,2,200,pb_activity,pb_surface_scaling_v1,2021-01-01,2024-01-01,2024-01-01,2024-01-01,2025-01-01,bias_only,7061060,36,9.717,1.0,0.0006231212668296666,0.0007471716900731836,0.0,0.0,0.0
post_2021,2,200,pb_activity,pb_surface_scaling_v1,2021-01-01,2024-01-01,2024-01-01,2024-01-01,2025-01-01,lag_impact,7061060,36,9.717,1.477619414274213,0.00101121463266212,0.001101487043218759,-0.2288327157035586,0.0,0.0
post_2021,2,200,pb_activity,pb_surface_scaling_v1,2021-01-01,2024-01-01,2024-01-01,2024-01-01,2025-01-01,lag_activity,7061060,36,9.717,305.0325470776329,0.0010405020054079185,0.0011258050916557122,0.09352622589225933,0.0,0.04031432899341864
post_2021,2,200,pb_activity,pb_surface_scaling_v1,2021-01-01,2024-01-01,2024-01-01,2024-01-01,2025-01-01,lag_activity_duration,7061060,36,9.717,353.26259304712397,0.0010421061524558742,0.0011272820241343682,0.10309682109456465,0.0025452370251797004,0.041417123677062656
post_2021,3,200,pb_activity,pb_surface_scaling_v1,2021-01-01,2025-01-01,2025-01-01,2025-01-01,2026-01-01,bias_only,8985037,48,10.175,1.0000000000000002,0.0006400523659784699,0.0007808264237172291,0.0,0.0,0.0
post_2021,3,200,pb_activity,pb_surface_scaling_v1,2021-01-01,2025-01-01,2025-01-01,2025-01-01,2026-01-01,lag_impact,8985037,48,10.175,1.4750574096196363,0.001033743553566249,0.0011350820524072458,-0.22783742332374823,0.0,0.0
post_2021,3,200,pb_activity,pb_surface_scaling_v1,2021-01-01,2025-01-01,2025-01-01,2025-01-01,2026-01-01,lag_activity,8985037,48,10.175,318.20031188765313,0.0010646808179904429,0.0011608524823820976,0.12051352586878387,0.0,0.04356983049931059
post_2021,3,200,pb_activity,pb_surface_scaling_v1,2021-01-01,2025-01-01,2025-01-01,2025-01-01,2026-01-01,lag_activity_duration,8985037,48,10.175,368.81167365294573,0.0010678311180725743,0.0011636444094366015,0.13818231374868675,0.004611855238663928,0.04560257379232057
post_2021,4,200,pb_activity,pb_surface_scaling_v1,2021-01-01,2026-01-01,2026-01-01,2026-01-01,2026-06-01,bias_only,10662804,60,10.674,1.0,0.0006405453960398358,0.0008026592321309309,0.0,0.0,0.0
post_2021,4,200,pb_activity,pb_surface_scaling_v1,2021-01-01,2026-01-01,2026-01-01,2026-01-01,2026-06-01,lag_impact,10662804,60,10.674,1.4635175963711327,0.0010087477514290862,0.0011297155343556952,-0.21212924424404617,0.0,0.0
post_2021,4,200,pb_activity,pb_surface_scaling_v1,2021-01-01,2026-01-01,2026-01-01,2026-01-01,2026-06-01,lag_activity,10662804,60,10.674,314.3459378727906,0.0010381937646826791,0.00115341048456239,0.12740380712548283,0.0,0.0425554733460434
post_2021,4,200,pb_activity,pb_surface_scaling_v1,2021-01-01,2026-01-01,2026-01-01,2026-01-01,2026-06-01,lag_activity_duration,10662804,60,10.674,354.56873237076337,0.0010428841237582896,0.0011574578479085875,0.14929790871235177,0.006395344418491362,0.04509087811095616
full_history,1,500,pb_activity,pb_surface_scaling_v1,2019-09-01,2023-01-01,2023-01-01,2023-01-01,2024-01-01,bias_only,2434596,40,25.548000000000002,1.0,0.0016121151668151406,0.001734578442158467,0.0,0.0,0.0
full_history,1,500,pb_activity,pb_surface_scaling_v1,2019-09-01,2023-01-01,2023-01-01,2023-01-01,2024-01-01,lag_impact,2434596,40,25.548000000000002,1.2899529200035007,0.002190397572845936,0.002282939847498013,-0.22230917512583487,0.0,0.0
full_history,1,500,pb_activity,pb_surface_scaling_v1,2019-09-01,2023-01-01,2023-01-01,2023-01-01,2024-01-01,lag_activity,2434596,40,25.548000000000002,140.61362803322422,0.0022698210653202345,0.002349751828838012,-0.017728700809318605,0.0,0.032795880822417696
full_history,1,500,pb_activity,pb_surface_scaling_v1,2019-09-01,2023-01-01,2023-01-01,2023-01-01,2024-01-01,lag_activity_duration,2434596,40,25.548000000000002,192.96235941378183,0.0022191684137825582,0.0022833676688607534,0.1081149755889405,-0.028173025591137504,0.04924700828138477
full_history,2,500,pb_activity,pb_surface_scaling_v1,2019-09-01,2024-01-01,2024-01-01,2024-01-01,2025-01-01,bias_only,3136315,52,27.109,1.0000000000000002,0.0014164270424117996,0.0015450891688129733,0.0,0.0,0.0
full_history,2,500,pb_activity,pb_surface_scaling_v1,2019-09-01,2024-01-01,2024-01-01,2024-01-01,2025-01-01,lag_impact,3136315,52,27.109,1.3160539255060724,0.002045998213572517,0.002133265235805921,-0.22892455913897278,0.0,0.0
full_history,2,500,pb_activity,pb_surface_scaling_v1,2019-09-01,2024-01-01,2024-01-01,2024-01-01,2025-01-01,lag_activity,3136315,52,27.109,146.71004870230342,0.0021267343799442986,0.0022026427963577943,-0.005199170746082819,0.0,0.035230803364672394
full_history,2,500,pb_activity,pb_surface_scaling_v1,2019-09-01,2024-01-01,2024-01-01,2024-01-01,2025-01-01,lag_activity_duration,3136315,52,27.109,177.97344436447514,0.00209058896659496,0.0021602128907480533,0.06441388998031895,-0.019040103973971687,0.04446402447280972
full_history,3,500,pb_activity,pb_surface_scaling_v1,2019-09-01,2025-01-01,2025-01-01,2025-01-01,2026-01-01,bias_only,3905907,64,27.89,1.0000000000000002,0.0013775703346763674,0.0015354853110494363,0.0,0.0,0.0
full_history,3,500,pb_activity,pb_surface_scaling_v1,2019-09-01,2025-01-01,2025-01-01,2025-01-01,2026-01-01,lag_impact,3905907,64,27.89,1.3475402598325046,0.0020533308792297306,0.002156702698905421,-0.23777649856686697,0.0,0.0
full_history,3,500,pb_activity,pb_surface_scaling_v1,2019-09-01,2025-01-01,2025-01-01,2025-01-01,2026-01-01,lag_activity,3905907,64,27.89,157.73736986807415,0.0021330306594266398,0.0022258522077376122,0.010218619146999845,0.0,0.038125320521244434
full_history,3,500,pb_activity,pb_surface_scaling_v1,2019-09-01,2025-01-01,2025-01-01,2025-01-01,2026-01-01,lag_activity_duration,3905907,64,27.89,181.13428085995722,0.0021023898064996735,0.002191914537985218,0.06454402188644408,-0.016453800663135607,0.045453702339970585
full_history,4,500,pb_activity,pb_surface_scaling_v1,2019-09-01,2026-01-01,2026-01-01,2026-01-01,2026-06-01,bias_only,4577014,76,28.958000000000002,1.0000000000000002,0.0013424172770890109,0.0015272667437302673,0.0,0.0,0.0
full_history,4,500,pb_activity,pb_surface_scaling_v1,2019-09-01,2026-01-01,2026-01-01,2026-01-01,2026-06-01,lag_impact,4577014,76,28.958000000000002,1.3704629716066676,0.002039965399749075,0.002161310797067731,-0.24093586300843092,0.0,0.0
full_history,4,500,pb_activity,pb_surface_scaling_v1,2019-09-01,2026-01-01,2026-01-01,2026-01-01,2026-06-01,lag_activity,4577014,76,28.958000000000002,174.46359545244178,0.002109358214327828,0.002220955491685529,0.009684156936303373,0.0,0.03780230310636699
full_history,4,500,pb_activity,pb_surface_scaling_v1,2019-09-01,2026-01-01,2026-01-01,2026-01-01,2026-06-01,lag_activity_duration,4577014,76,28.958000000000002,190.98636888279688,0.0020824631357298277,0.0021924696199550446,0.05034498251398301,-0.01460582896625603,0.04332096389338101
post_2021,1,500,pb_activity,pb_surface_scaling_v1,2021-01-01,2023-01-01,2023-01-01,2023-01-01,2024-01-01,bias_only,2122706,24,22.858,1.0000000000000002,0.00036592511437790506,0.0005285791854674921,0.0,0.0,0.0
post_2021,1,500,pb_activity,pb_surface_scaling_v1,2021-01-01,2023-01-01,2023-01-01,2023-01-01,2024-01-01,lag_impact,2122706,24,22.858,1.4853440376953828,0.0011074530161237946,0.001225898147434042,-0.27645320334141416,0.0,0.0
post_2021,1,500,pb_activity,pb_surface_scaling_v1,2021-01-01,2023-01-01,2023-01-01,2023-01-01,2024-01-01,lag_activity,2122706,24,22.858,409.88272339063286,0.0011379627263962623,0.0012477706404031839,0.027983110111282978,0.0,0.04109011655969391
post_2021,1,500,pb_activity,pb_surface_scaling_v1,2021-01-01,2023-01-01,2023-01-01,2023-01-01,2024-01-01,lag_activity_duration,2122706,24,22.858,475.45749174522257,0.001156047289462496,0.0012664367910265604,0.07766861701418586,0.013953654625080804,0.04719580021927783
post_2021,2,500,pb_activity,pb_surface_scaling_v1,2021-01-01,2024-01-01,2024-01-01,2024-01-01,2025-01-01,bias_only,2824425,36,24.863,1.0000000000000002,0.0005083470111688112,0.0006535641177318083,0.0,0.0,0.0
post_2021,2,500,pb_activity,pb_surface_scaling_v1,2021-01-01,2024-01-01,2024-01-01,2024-01-01,2025-01-01,lag_impact,2824425,36,24.863,1.4592426416342077,0.0012664969793018573,0.00135790275074026,-0.26595725278157567,0.0,0.0
post_2021,2,500,pb_activity,pb_surface_scaling_v1,2021-01-01,2024-01-01,2024-01-01,2024-01-01,2025-01-01,lag_activity,2824425,36,24.863,312.31145623225825,0.0013116568461997442,0.0013957298961613305,0.06861754593688431,0.0,0.04655458322802287
post_2021,2,500,pb_activity,pb_surface_scaling_v1,2021-01-01,2024-01-01,2024-01-01,2024-01-01,2025-01-01,lag_activity_duration,2824425,36,24.863,354.8540498457628,0.0013396671669510894,0.0014224833067912651,0.12781111973405587,0.017618997223730004,0.054092460171202394
post_2021,3,500,pb_activity,pb_surface_scaling_v1,2021-01-01,2025-01-01,2025-01-01,2025-01-01,2026-01-01,bias_only,3594017,48,26.057000000000002,1.0000000000000002,0.0004891823393543721,0.0006516278680727286,0.0,0.0,0.0
post_2021,3,500,pb_activity,pb_surface_scaling_v1,2021-01-01,2025-01-01,2025-01-01,2025-01-01,2026-01-01,lag_impact,3594017,48,26.057000000000002,1.4680414586848693,0.0012737500743368732,0.0013725850366847908,-0.2660916893315734,0.0,0.0
post_2021,3,500,pb_activity,pb_surface_scaling_v1,2021-01-01,2025-01-01,2025-01-01,2025-01-01,2026-01-01,lag_activity,3594017,48,26.057000000000002,332.7630632129372,0.0013167143171285867,0.0014095926406258192,0.06834688379280339,0.0,0.04656110835836526
post_2021,3,500,pb_activity,pb_surface_scaling_v1,2021-01-01,2025-01-01,2025-01-01,2025-01-01,2026-01-01,lag_activity_duration,3594017,48,26.057000000000002,376.2972272687322,0.001343589505292668,0.0014345329102371021,0.12278326328035204,0.016384010674041435,0.05348709806242346
post_2021,4,500,pb_activity,pb_surface_scaling_v1,2021-01-01,2026-01-01,2026-01-01,2026-01-01,2026-06-01,bias_only,4265124,60,27.352,1.0,0.0004577517082602725,0.0006333177483551231,0.0,0.0,0.0
post_2021,4,500,pb_activity,pb_surface_scaling_v1,2021-01-01,2026-01-01,2026-01-01,2026-01-01,2026-06-01,lag_impact,4265124,60,27.352,1.4677082487218167,0.001231409749814254,0.0013407867439194487,-0.2585089525831242,0.0,0.0
post_2021,4,500,pb_activity,pb_surface_scaling_v1,2021-01-01,2026-01-01,2026-01-01,2026-01-01,2026-06-01,lag_activity,4265124,60,27.352,330.5690676374178,0.001272087277847467,0.0013751056616128096,0.060091936010154466,0.0,0.044534218314450584
post_2021,4,500,pb_activity,pb_surface_scaling_v1,2021-01-01,2026-01-01,2026-01-01,2026-01-01,2026-06-01,lag_activity_duration,4265124,60,27.352,363.706599038637,0.0012990485122599544,0.0013993505927825964,0.10592788992292482,0.016058524990916218,0.05039924915086202
full_history,1,1000,pb_activity,pb_surface_scaling_v1,2019-09-01,2023-01-01,2023-01-01,2023-01-01,2024-01-01,bias_only,1214296,40,51.787,1.0,0.0017439956724020363,0.0016163103664847283,0.0,0.0,0.0
full_history,1,1000,pb_activity,pb_surface_scaling_v1,2019-09-01,2023-01-01,2023-01-01,2023-01-01,2024-01-01,lag_impact,1214296,40,51.787,1.242102831175421,0.0023680032337666133,0.0022126594862413277,-0.20442204445601414,0.0,0.0
full_history,1,1000,pb_activity,pb_surface_scaling_v1,2019-09-01,2023-01-01,2023-01-01,2023-01-01,2024-01-01,lag_activity,1214296,40,51.787,153.67096820656818,0.002500737466137081,0.002319080609585929,0.08984939370894328,0.0,0.05057573222911864
full_history,1,1000,pb_activity,pb_surface_scaling_v1,2019-09-01,2023-01-01,2023-01-01,2023-01-01,2024-01-01,lag_activity_duration,1214296,40,51.787,184.1663846136006,0.002466294755098897,0.0022710002646978114,0.12983282268388013,-0.012965319566088727,0.05621537365830031
full_history,2,1000,pb_activity,pb_surface_scaling_v1,2019-09-01,2024-01-01,2024-01-01,2024-01-01,2025-01-01,bias_only,1565155,52,54.965,1.0000000000000002,0.001443121673486138,0.0013607449164105736,0.0,0.0,0.0
full_history,2,1000,pb_activity,pb_surface_scaling_v1,2019-09-01,2024-01-01,2024-01-01,2024-01-01,2025-01-01,lag_impact,1565155,52,54.965,1.2720724218204507,0.0021717343722023655,0.0020475031064431013,-0.2162153395730443,0.0,0.0
full_history,2,1000,pb_activity,pb_surface_scaling_v1,2019-09-01,2024-01-01,2024-01-01,2024-01-01,2025-01-01,lag_activity,1565155,52,54.965,162.00690467212087,0.0022989313596691622,0.0021536469782840787,0.08532953469409457,0.0,0.05106938895405179
full_history,2,1000,pb_activity,pb_surface_scaling_v1,2019-09-01,2024-01-01,2024-01-01,2024-01-01,2025-01-01,lag_activity_duration,1565155,52,54.965,174.41555417544868,0.002290216935034519,0.002143057530146409,0.09160698169550446,-0.00296505312424178,0.051968209307420785
full_history,3,1000,pb_activity,pb_surface_scaling_v1,2019-09-01,2025-01-01,2025-01-01,2025-01-01,2026-01-01,bias_only,1949951,64,56.562000000000005,1.0,0.0013949445827327487,0.0013756380837064547,0.0,0.0,0.0
full_history,3,1000,pb_activity,pb_surface_scaling_v1,2019-09-01,2025-01-01,2025-01-01,2025-01-01,2026-01-01,lag_impact,1949951,64,56.562000000000005,1.3031688598488893,0.0022026992617516145,0.00212528883852434,-0.22626814429571473,0.0,0.0
full_history,3,1000,pb_activity,pb_surface_scaling_v1,2019-09-01,2025-01-01,2025-01-01,2025-01-01,2026-01-01,lag_activity,1949951,64,56.562000000000005,175.74041700310048,0.0023198070948955533,0.002226077358736541,0.08560978424376774,0.0,0.05169613240076189
full_history,3,1000,pb_activity,pb_surface_scaling_v1,2019-09-01,2025-01-01,2025-01-01,2025-01-01,2026-01-01,lag_activity_duration,1949951,64,56.562000000000005,183.7768433852102,0.0023167415120560484,0.002222568849203142,0.08759314262077947,-0.001065599017969158,0.051989824069438785
full_history,4,1000,pb_activity,pb_surface_scaling_v1,2019-09-01,2026-01-01,2026-01-01,2026-01-01,2026-06-01,bias_only,2285505,76,58.728,1.0,0.001343164857890869,0.0013655754840660261,0.0,0.0,0.0
full_history,4,1000,pb_activity,pb_surface_scaling_v1,2019-09-01,2026-01-01,2026-01-01,2026-01-01,2026-06-01,lag_impact,2285505,76,58.728,1.3295794213301115,0.0022127293867848256,0.0021684761512965538,-0.2333170941531409,0.0,0.0
full_history,4,1000,pb_activity,pb_surface_scaling_v1,2019-09-01,2026-01-01,2026-01-01,2026-01-01,2026-06-01,lag_activity,2285505,76,58.728,193.86383864564266,0.002315177712249438,0.00225774965814089,0.07590908621687625,0.0,0.0505074281270186
full_history,4,1000,pb_activity,pb_surface_scaling_v1,2019-09-01,2026-01-01,2026-01-01,2026-01-01,2026-06-01,lag_activity_duration,2285505,76,58.728,198.93873039949375,0.0023131462099545467,0.002255545346827251,0.07700580432414966,-0.0007277148063141233,0.0506724792947474
post_2021,1,1000,pb_activity,pb_surface_scaling_v1,2021-01-01,2023-01-01,2023-01-01,2023-01-01,2024-01-01,bias_only,1061353,24,46.438,1.0000000000000002,0.000150513323764496,0.0003119201745167867,0.0,0.0,0.0
post_2021,1,1000,pb_activity,pb_surface_scaling_v1,2021-01-01,2023-01-01,2023-01-01,2023-01-01,2024-01-01,lag_impact,1061353,24,46.438,1.395681238827751,0.0010314197601489848,0.0011534336657205257,-0.2578815396620699,0.0,0.0
post_2021,1,1000,pb_activity,pb_surface_scaling_v1,2021-01-01,2023-01-01,2023-01-01,2023-01-01,2024-01-01,lag_activity,1061353,24,46.438,400.7995331888975,0.0010566424634774712,0.001171134368418913,-0.07494924829392371,0.0,0.027000733658519925
post_2021,1,1000,pb_activity,pb_surface_scaling_v1,2021-01-01,2023-01-01,2023-01-01,2023-01-01,2024-01-01,lag_activity_duration,1061353,24,46.438,458.17282988242454,0.0011124733662483475,0.0012290001268323806,0.009366735051547405,0.026710080794944795,0.03820205976084255
post_2021,2,1000,pb_activity,pb_surface_scaling_v1,2021-01-01,2024-01-01,2024-01-01,2024-01-01,2025-01-01,bias_only,1412212,36,50.488,1.0000000000000002,0.000246896904353281,0.0003619096685851767,0.0,0.0,0.0
post_2021,2,1000,pb_activity,pb_surface_scaling_v1,2021-01-01,2024-01-01,2024-01-01,2024-01-01,2025-01-01,lag_impact,1412212,36,50.488,1.3890489514722217,0.0012043774665793238,0.0012641973993417046,-0.25685048620733947,0.0,0.0
post_2021,2,1000,pb_activity,pb_surface_scaling_v1,2021-01-01,2024-01-01,2024-01-01,2024-01-01,2025-01-01,lag_activity,1412212,36,50.488,293.3453255375504,0.0012420473587578208,0.00129609626398904,-0.04990791859805096,0.0,0.031593245755197695
post_2021,2,1000,pb_activity,pb_surface_scaling_v1,2021-01-01,2024-01-01,2024-01-01,2024-01-01,2025-01-01,lag_activity_duration,1412212,36,50.488,330.5609569792895,0.0012994316051368698,0.0013511933780507878,0.019287477895534328,0.022872863461257532,0.04112995885251812
post_2021,3,1000,pb_activity,pb_surface_scaling_v1,2021-01-01,2025-01-01,2025-01-01,2025-01-01,2026-01-01,bias_only,1797008,48,52.879,1.0000000000000002,0.00020987916664304593,0.00033297368315923233,0.0,0.0,0.0
post_2021,3,1000,pb_activity,pb_surface_scaling_v1,2021-01-01,2025-01-01,2025-01-01,2025-01-01,2026-01-01,lag_impact,1797008,48,52.879,1.4028228455251799,0.0012128505092114886,0.0012684152739572288,-0.2571834435061967,0.0,0.0
post_2021,3,1000,pb_activity,pb_surface_scaling_v1,2021-01-01,2025-01-01,2025-01-01,2025-01-01,2026-01-01,lag_activity,1797008,48,52.879,317.65373919066644,0.0012495438970450451,0.001301008509966413,-0.04208242665296061,0.0,0.03285626163805235
post_2021,3,1000,pb_activity,pb_surface_scaling_v1,2021-01-01,2025-01-01,2025-01-01,2025-01-01,2026-01-01,lag_activity_duration,1797008,48,52.879,354.41265263535024,0.0013054013166708383,0.0013533404622058111,0.0210291950679999,0.021822447185175446,0.04154894667339143
post_2021,4,1000,pb_activity,pb_surface_scaling_v1,2021-01-01,2026-01-01,2026-01-01,2026-01-01,2026-06-01,bias_only,2132562,60,55.541000000000004,1.0000000000000002,0.000153169659272601,0.000270741542089283,0.0,0.0,0.0
post_2021,4,1000,pb_activity,pb_surface_scaling_v1,2021-01-01,2026-01-01,2026-01-01,2026-01-01,2026-06-01,lag_impact,2132562,60,55.541000000000004,1.4135792136477503,0.0011798679727103418,0.0012301698014507583,-0.25521593699675105,0.0,0.0
post_2021,4,1000,pb_activity,pb_surface_scaling_v1,2021-01-01,2026-01-01,2026-01-01,2026-01-01,2026-06-01,lag_activity,2132562,60,55.541000000000004,318.53067420266694,0.0012163425066881188,0.0012624561037424158,-0.04266436780501183,0.0,0.032629407810405936
post_2021,4,1000,pb_activity,pb_surface_scaling_v1,2021-01-01,2026-01-01,2026-01-01,2026-01-01,2026-06-01,lag_activity_duration,2132562,60,55.541000000000004,345.46240267564144,0.001264853996251665,0.0013059593624109246,0.002704713382316944,0.01900760181479525,0.03889747933720919
full_history,1,2000,pb_activity,pb_surface_scaling_v1,2019-09-01,2023-01-01,2023-01-01,2023-01-01,2024-01-01,bias_only,597760,39,103.529,1.0000000000000002,0.003173137464244629,0.0023529996797080873,0.0,0.0,0.0
full_history,1,2000,pb_activity,pb_surface_scaling_v1,2019-09-01,2023-01-01,2023-01-01,2023-01-01,2024-01-01,lag_impact,597760,39,103.529,1.1967806022205723,0.0037862788224994914,0.003068709277375611,-0.19796150752279787,0.0,0.0
full_history,1,2000,pb_activity,pb_surface_scaling_v1,2019-09-01,2023-01-01,2023-01-01,2023-01-01,2024-01-01,lag_activity,597760,39,103.529,180.70158882499805,0.003873835481211177,0.003121444863937348,-0.014018532269639101,0.0,0.03384687408717066
full_history,1,2000,pb_activity,pb_surface_scaling_v1,2019-09-01,2023-01-01,2023-01-01,2023-01-01,2024-01-01,lag_activity_duration,597760,39,103.529,198.5993906752563,0.0038311052854338367,0.00307305778688728,0.014273614036527925,-0.012911356535135633,0.038270705458026855
full_history,2,2000,pb_activity,pb_surface_scaling_v1,2019-09-01,2024-01-01,2024-01-01,2024-01-01,2025-01-01,bias_only,773190,51,110.214,1.0,0.002428429764558983,0.001760536874530841,0.0,0.0,0.0
full_history,2,2000,pb_activity,pb_surface_scaling_v1,2019-09-01,2024-01-01,2024-01-01,2024-01-01,2025-01-01,lag_impact,773190,51,110.214,1.2220756331768792,0.003181116264185548,0.002574472876912138,-0.20695910096004774,0.0,0.0
full_history,2,2000,pb_activity,pb_surface_scaling_v1,2019-09-01,2024-01-01,2024-01-01,2024-01-01,2025-01-01,lag_activity,773190,51,110.214,187.1433688731684,0.003266981869360155,0.0026330487297068065,-0.015144123405625985,0.0,0.03505709897520297
full_history,2,2000,pb_activity,pb_surface_scaling_v1,2019-09-01,2024-01-01,2024-01-01,2024-01-01,2025-01-01,lag_activity_duration,773190,51,110.214,189.8142369772641,0.003256164374502848,0.002622412489959245,-0.012485357180556688,-0.002845377148666856,0.03547535339134439
full_history,3,2000,pb_activity,pb_surface_scaling_v1,2019-09-01,2025-01-01,2025-01-01,2025-01-01,2026-01-01,bias_only,965588,63,113.646,1.0,0.002184981570317068,0.0016556316740811911,0.0,0.0,0.0
full_history,3,2000,pb_activity,pb_surface_scaling_v1,2019-09-01,2025-01-01,2025-01-01,2025-01-01,2026-01-01,lag_impact,965588,63,113.646,1.2478768341297883,0.0030359057340362053,0.0025336301174368426,-0.21332236839010663,0.0,0.0
full_history,3,2000,pb_activity,pb_surface_scaling_v1,2019-09-01,2025-01-01,2025-01-01,2025-01-01,2026-01-01,lag_activity,965588,63,113.646,203.795810773817,0.0031132454578048554,0.0025908699948273737,-0.02059378265442415,0.0,0.03463970879389748
full_history,3,2000,pb_activity,pb_surface_scaling_v1,2019-09-01,2025-01-01,2025-01-01,2025-01-01,2026-01-01,lag_activity_duration,965588,63,113.646,204.93751957313486,0.003113728215518749,0.0025913302747021306,-0.020684185202398998,0.00012739345280378538,0.0346243195962506
full_history,4,2000,pb_activity,pb_surface_scaling_v1,2019-09-01,2026-01-01,2026-01-01,2026-01-01,2026-06-01,bias_only,1133365,75,118.259,1.0000000000000002,0.0019543461896921644,0.0015005633866922272,0.0,0.0,0.0
full_history,4,2000,pb_activity,pb_surface_scaling_v1,2019-09-01,2026-01-01,2026-01-01,2026-01-01,2026-06-01,lag_impact,1133365,75,118.259,1.2757549586685095,0.002911315066989041,0.0024701688115628373,-0.22083571532796525,0.0,0.0
full_history,4,2000,pb_activity,pb_surface_scaling_v1,2019-09-01,2026-01-01,2026-01-01,2026-01-01,2026-06-01,lag_activity,1133365,75,118.259,221.10444994413064,0.0029811807136431692,0.002524393215851465,-0.028443279848886015,0.0,0.03426835914213035
full_history,4,2000,pb_activity,pb_surface_scaling_v1,2019-09-01,2026-01-01,2026-01-01,2026-01-01,2026-06-01,lag_activity_duration,1133365,75,118.259,221.84418178480698,0.0029796198041642315,0.002522960114181553,-0.02824457316796526,-0.0004250647932883093,0.03430426209938479
post_2021,1,2000,pb_activity,pb_surface_scaling_v1,2021-01-01,2023-01-01,2023-01-01,2023-01-01,2024-01-01,bias_only,530648,24,94.156,1.0000000000000002,-0.0000742054572795611,1.0290075231958716e-6,0.0,0.0,0.0
post_2021,1,2000,pb_activity,pb_surface_scaling_v1,2021-01-01,2023-01-01,2023-01-01,2023-01-01,2024-01-01,lag_impact,530648,24,94.156,1.2734229662742897,0.0007114152512608121,0.0007781837042206603,-0.21535213158254893,0.0,0.0
post_2021,1,2000,pb_activity,pb_surface_scaling_v1,2021-01-01,2023-01-01,2023-01-01,2023-01-01,2024-01-01,lag_activity,530648,24,94.156,368.96960370632695,0.0007315660586811417,0.0007918632593887624,-0.1103835632660702,0.0,0.017130163116152917
post_2021,1,2000,pb_activity,pb_surface_scaling_v1,2021-01-01,2023-01-01,2023-01-01,2023-01-01,2024-01-01,lag_activity_duration,530648,24,94.156,415.16457725914046,0.000818840268719731,0.0008830622323416508,-0.035358489582698285,0.028523351743894018,0.027932089588188443
post_2021,2,2000,pb_activity,pb_surface_scaling_v1,2021-01-01,2024-01-01,2024-01-01,2024-01-01,2025-01-01,bias_only,706078,36,102.462,1.0000000000000002,-0.000030361790345262234,-0.00006483535209704336,0.0,0.0,0.0
post_2021,2,2000,pb_activity,pb_surface_scaling_v1,2021-01-01,2024-01-01,2024-01-01,2024-01-01,2025-01-01,lag_impact,706078,36,102.462,1.2847051789975275,0.0008988613342878662,0.0008344724833782929,-0.22161582366234278,0.0,0.0
post_2021,2,2000,pb_activity,pb_surface_scaling_v1,2021-01-01,2024-01-01,2024-01-01,2024-01-01,2025-01-01,lag_activity,706078,36,102.462,260.6956481887008,0.0009275263201463613,0.0008588153740620258,-0.1008437830220237,0.0,0.02047061818726413
post_2021,2,2000,pb_activity,pb_surface_scaling_v1,2021-01-01,2024-01-01,2024-01-01,2024-01-01,2025-01-01,lag_activity_duration,706078,36,102.462,290.7786233378239,0.000997094262851603,0.0009251569911794869,-0.0485056784643598,0.020288114346458202,0.028306481153413336
post_2021,3,2000,pb_activity,pb_surface_scaling_v1,2021-01-01,2025-01-01,2025-01-01,2025-01-01,2026-01-01,bias_only,898476,48,107.35900000000001,1.0000000000000002,-0.00005415705585772294,-0.00010592270986784467,0.0,0.0,0.0
post_2021,3,2000,pb_activity,pb_surface_scaling_v1,2021-01-01,2025-01-01,2025-01-01,2025-01-01,2026-01-01,lag_impact,898476,48,107.35900000000001,1.303793226425184,0.0009505103421448556,0.0008559655479363776,-0.22317095857959962,0.0,0.0
post_2021,3,2000,pb_activity,pb_surface_scaling_v1,2021-01-01,2025-01-01,2025-01-01,2025-01-01,2026-01-01,lag_activity,898476,48,107.35900000000001,285.6448957083745,0.0009785862531077468,0.0008819071205052053,-0.0963192876345084,0.0,0.021510742036220477
post_2021,3,2000,pb_activity,pb_surface_scaling_v1,2021-01-01,2025-01-01,2025-01-01,2025-01-01,2026-01-01,lag_activity_duration,898476,48,107.35900000000001,314.64801791626917,0.001051655244830426,0.0009501305707463038,-0.04644679376670751,0.020868008164104945,0.028958330255485894
post_2021,4,2000,pb_activity,pb_surface_scaling_v1,2021-01-01,2026-01-01,2026-01-01,2026-01-01,2026-06-01,bias_only,1066253,60,112.682,1.0,-0.0001604953599319433,-0.00025747369643472297,0.0,0.0,0.0
post_2021,4,2000,pb_activity,pb_surface_scaling_v1,2021-01-01,2026-01-01,2026-01-01,2026-01-01,2026-06-01,lag_impact,1066253,60,112.682,1.3266784481420246,0.0009324465243351109,0.0008001840815822078,-0.22734156275612177,0.0,0.0
post_2021,4,2000,pb_activity,pb_surface_scaling_v1,2021-01-01,2026-01-01,2026-01-01,2026-01-01,2026-06-01,lag_activity,1066253,60,112.682,289.4137786147697,0.0009602941251070114,0.0008261810169893782,-0.10037474866663752,0.0,0.02165329651224596
post_2021,4,2000,pb_activity,pb_surface_scaling_v1,2021-01-01,2026-01-01,2026-01-01,2026-01-01,2026-06-01,lag_activity_duration,1066253,60,112.682,309.8091535994786,0.0010144181511621288,0.0008740842121376482,-0.07045427440225493,0.01588291476167678,0.026116803163204052
full_history,1,4000,pb_activity,pb_surface_scaling_v1,2019-09-01,2023-01-01,2023-01-01,2023-01-01,2024-01-01,bias_only,286696,35,202.12800000000001,1.0000000000000002,0.002950180554794079,0.0009217104253387286,0.0,0.0,0.0
full_history,1,4000,pb_activity,pb_surface_scaling_v1,2019-09-01,2023-01-01,2023-01-01,2023-01-01,2024-01-01,lag_impact,286696,35,202.12800000000001,1.1718779644592228,0.0034956130647769775,0.0016530154822455916,-0.16993926397869125,0.0,0.0
full_history,1,4000,pb_activity,pb_surface_scaling_v1,2019-09-01,2023-01-01,2023-01-01,2023-01-01,2024-01-01,lag_activity,286696,35,202.12800000000001,283.611411487882,0.003537678875704948,0.0016740058755162555,-0.020567685540492132,0.0,0.02880204416088935
full_history,1,4000,pb_activity,pb_surface_scaling_v1,2019-09-01,2023-01-01,2023-01-01,2023-01-01,2024-01-01,lag_activity_duration,286696,35,202.12800000000001,283.8994125315105,0.0034586204758320256,0.0015875095257383823,-0.020101573221005746,-0.023843328781876623,0.02900564322788918
full_history,2,4000,pb_activity,pb_surface_scaling_v1,2019-09-01,2024-01-01,2024-01-01,2024-01-01,2025-01-01,bias_only,372624,47,215.8,1.0000000000000002,0.002215488901901721,0.0005224812181731081,0.0,0.0,0.0
full_history,2,4000,pb_activity,pb_surface_scaling_v1,2019-09-01,2024-01-01,2024-01-01,2024-01-01,2025-01-01,lag_impact,372624,47,215.8,1.1769393938996209,0.0028481449486218767,0.0012869625938579637,-0.17309817477940598,0.0,0.0
full_history,2,4000,pb_activity,pb_surface_scaling_v1,2019-09-01,2024-01-01,2024-01-01,2024-01-01,2025-01-01,lag_activity,372624,47,215.8,266.3643888532108,0.0029000980380850996,0.001324277962473342,-0.0018759298877842015,0.0,0.03333187798856047
full_history,2,4000,pb_activity,pb_surface_scaling_v1,2019-09-01,2024-01-01,2024-01-01,2024-01-01,2025-01-01,lag_activity_duration,372624,47,215.8,276.5935996066253,0.0028477628798649146,0.0012752490241121352,-0.021063306558040548,-0.01279522710001337,0.029986140124394402
full_history,3,4000,pb_activity,pb_surface_scaling_v1,2019-09-01,2025-01-01,2025-01-01,2025-01-01,2026-01-01,bias_only,467850,59,223.899,1.0000000000000002,0.00196696727482512,0.0004753460466477952,0.0,0.0,0.0
full_history,3,4000,pb_activity,pb_surface_scaling_v1,2019-09-01,2025-01-01,2025-01-01,2025-01-01,2026-01-01,lag_impact,467850,59,223.899,1.191715981659117,0.002669490039008881,0.0012787390005730675,-0.17418091813630962,0.0,0.0
full_history,3,4000,pb_activity,pb_surface_scaling_v1,2019-09-01,2025-01-01,2025-01-01,2025-01-01,2026-01-01,lag_activity,467850,59,223.899,283.75536533898713,0.0027128683818519244,0.0013150682342819194,-0.018372686476118987,0.0,0.030142134337068416
full_history,3,4000,pb_activity,pb_surface_scaling_v1,2019-09-01,2025-01-01,2025-01-01,2025-01-01,2026-01-01,lag_activity_duration,467850,59,223.899,297.3853565801971,0.0026867483955833435,0.0012908164888009049,-0.027680115156306192,-0.0060266246873064986,0.02856215446427673
full_history,4,4000,pb_activity,pb_surface_scaling_v1,2019-09-01,2026-01-01,2026-01-01,2026-01-01,2026-06-01,bias_only,549903,71,233.185,1.0,0.0016563636676281224,0.0002552100616387664,0.0,0.0,0.0
full_history,4,4000,pb_activity,pb_surface_scaling_v1,2019-09-01,2026-01-01,2026-01-01,2026-01-01,2026-06-01,lag_impact,549903,71,233.185,1.2151333199773766,0.002469699033414177,0.0011769737599106771,-0.18146567134221128,0.0,0.0
full_history,4,4000,pb_activity,pb_surface_scaling_v1,2019-09-01,2026-01-01,2026-01-01,2026-01-01,2026-06-01,lag_activity,549903,71,233.185,292.7125421367918,0.002511491584110472,0.001213506374892026,-0.02340951640850089,0.0,0.030578204912175555
full_history,4,4000,pb_activity,pb_surface_scaling_v1,2019-09-01,2026-01-01,2026-01-01,2026-01-01,2026-06-01,lag_activity_duration,549903,71,233.185,305.9748646695419,0.0024824892201973695,0.001187934038840872,-0.03321976397570542,-0.00675594614376178,0.028916079052587036
post_2021,1,4000,pb_activity,pb_surface_scaling_v1,2021-01-01,2023-01-01,2023-01-01,2023-01-01,2024-01-01,bias_only,264723,24,190.828,1.0000000000000002,0.00008951931654067015,-0.00012682778123065385,0.0,0.0,0.0
post_2021,1,4000,pb_activity,pb_surface_scaling_v1,2021-01-01,2023-01-01,2023-01-01,2023-01-01,2024-01-01,lag_impact,264723,24,190.828,1.1479163032546358,0.0005454387672119896,0.00038322991955338397,-0.16046692005300062,0.0,0.0
post_2021,1,4000,pb_activity,pb_surface_scaling_v1,2021-01-01,2023-01-01,2023-01-01,2023-01-01,2024-01-01,lag_activity,264723,24,190.828,352.81107873583994,0.0005791083471995718,0.0004023651024945099,-0.02192596481251315,0.0,0.02523868700498058
post_2021,1,4000,pb_activity,pb_surface_scaling_v1,2021-01-01,2023-01-01,2023-01-01,2023-01-01,2024-01-01,lag_activity_duration,264723,24,190.828,395.5566410986018,0.0006855984372169786,0.0005141962700225531,0.036453635253300025,0.025155847335499405,0.03445399401736235
post_2021,2,4000,pb_activity,pb_surface_scaling_v1,2021-01-01,2024-01-01,2024-01-01,2024-01-01,2025-01-01,bias_only,350651,36,206.447,1.0000000000000002,0.00014690163510544304,-0.0002625053632478075,0.0,0.0,0.0
post_2021,2,4000,pb_activity,pb_surface_scaling_v1,2021-01-01,2024-01-01,2024-01-01,2024-01-01,2025-01-01,lag_impact,350651,36,206.447,1.1643395677866426,0.0007401700244615889,0.0003611479924954314,-0.16845469279263633,0.0,0.0
post_2021,2,4000,pb_activity,pb_surface_scaling_v1,2021-01-01,2024-01-01,2024-01-01,2024-01-01,2025-01-01,lag_activity,350651,36,206.447,267.83472288311253,0.0007793823880511687,0.00039323766451028084,-0.02745003971621984,0.0,0.026626566860608783
post_2021,2,4000,pb_activity,pb_surface_scaling_v1,2021-01-01,2024-01-01,2024-01-01,2024-01-01,2025-01-01,lag_activity_duration,350651,36,206.447,305.9023185672157,0.0008393619666083109,0.00044990137745780834,0.007289129689786415,0.012768989531513845,0.032400218070898934
post_2021,3,4000,pb_activity,pb_surface_scaling_v1,2021-01-01,2025-01-01,2025-01-01,2025-01-01,2026-01-01,bias_only,445877,48,216.085,1.0000000000000002,0.00015230424572277372,-0.0003582728354158504,0.0,0.0,0.0
post_2021,3,4000,pb_activity,pb_surface_scaling_v1,2021-01-01,2025-01-01,2025-01-01,2025-01-01,2026-01-01,lag_impact,445877,48,216.085,1.186217312518261,0.0008380946195600466,0.00035233608153530305,-0.17043434400108107,0.0,0.0
post_2021,3,4000,pb_activity,pb_surface_scaling_v1,2021-01-01,2025-01-01,2025-01-01,2025-01-01,2026-01-01,lag_activity,445877,48,216.085,289.2396550173882,0.0008697792235754466,0.00038237528145909183,-0.04527134164852028,0.0,0.023677774589501648
post_2021,3,4000,pb_activity,pb_surface_scaling_v1,2021-01-01,2025-01-01,2025-01-01,2025-01-01,2026-01-01,lag_activity_duration,445877,48,216.085,324.15971845490543,0.0009426248389212461,0.00045040717662278194,-0.00800627525324429,0.015196565497040716,0.02985358897079639
post_2021,4,4000,pb_activity,pb_surface_scaling_v1,2021-01-01,2026-01-01,2026-01-01,2026-01-01,2026-06-01,bias_only,527930,60,226.68800000000002,1.0000000000000002,-0.000015890824365526087,-0.0006539257508417856,0.0,0.0,0.0
post_2021,4,4000,pb_activity,pb_surface_scaling_v1,2021-01-01,2026-01-01,2026-01-01,2026-01-01,2026-06-01,lag_impact,527930,60,226.68800000000002,1.215106216441569,0.0007989497382260241,0.0002163871321543569,-0.17923691790786,0.0,0.0
post_2021,4,4000,pb_activity,pb_surface_scaling_v1,2021-01-01,2026-01-01,2026-01-01,2026-01-01,2026-06-01,lag_activity,527930,60,226.68800000000002,293.82381102012164,0.0008286953847018874,0.00024470480126691105,-0.05633997730086334,0.0,0.023394750814442346
post_2021,4,4000,pb_activity,pb_surface_scaling_v1,2021-01-01,2026-01-01,2026-01-01,2026-01-01,2026-06-01,lag_activity_duration,527930,60,226.68800000000002,319.42789668791715,0.0008688679425699977,0.0002795857362309837,-0.03891966433963017,0.008730060035502373,0.026285523631631752
full_history,1,8000,pb_activity,pb_surface_scaling_v1,2019-09-01,2023-01-01,2023-01-01,2023-01-01,2024-01-01,bias_only,128392,30,379.328,1.0000000000000002,0.0034195606716973404,0.0008150980437847977,0.0,0.0,0.0
full_history,1,8000,pb_activity,pb_surface_scaling_v1,2019-09-01,2023-01-01,2023-01-01,2023-01-01,2024-01-01,lag_impact,128392,30,379.328,1.1126060071434907,0.003593852968789839,0.0013685559592097017,-0.13003723534517828,0.0,0.0
full_history,1,8000,pb_activity,pb_surface_scaling_v1,2019-09-01,2023-01-01,2023-01-01,2023-01-01,2024-01-01,lag_activity,128392,30,379.328,467.18483563742143,0.0036094617242291376,0.0013669687184969562,-0.06542821610883165,0.0,0.013224173154589508
full_history,1,8000,pb_activity,pb_surface_scaling_v1,2019-09-01,2023-01-01,2023-01-01,2023-01-01,2024-01-01,lag_activity_duration,128392,30,379.328,518.0612505845517,0.0036169634205105213,0.0013766624168083344,-0.059164430592867086,0.0023602933199282188,0.014391667860825057
full_history,2,8000,pb_activity,pb_surface_scaling_v1,2019-09-01,2024-01-01,2024-01-01,2024-01-01,2025-01-01,bias_only,160702,42,395.74800000000005,1.0000000000000002,0.0028234987963546843,0.0004609577147810387,0.0,0.0,0.0
full_history,2,8000,pb_activity,pb_surface_scaling_v1,2019-09-01,2024-01-01,2024-01-01,2024-01-01,2025-01-01,lag_impact,160702,42,395.74800000000005,1.106741126325597,0.003058428041954932,0.0009924637959058992,-0.13098439534541134,0.0,0.0
full_history,2,8000,pb_activity,pb_surface_scaling_v1,2019-09-01,2024-01-01,2024-01-01,2024-01-01,2025-01-01,lag_activity,160702,42,395.74800000000005,432.3747308508903,0.0030908698678470616,0.0010014624256873335,0.0008286866880858279,0.0,0.02733123024161209
full_history,2,8000,pb_activity,pb_surface_scaling_v1,2019-09-01,2024-01-01,2024-01-01,2024-01-01,2025-01-01,lag_activity_duration,160702,42,395.74800000000005,518.6902169328439,0.0031155015349168267,0.0010264435334274723,0.021252243295380148,0.0052898645278674425,0.03123211000483511
full_history,3,8000,pb_activity,pb_surface_scaling_v1,2019-09-01,2025-01-01,2025-01-01,2025-01-01,2026-01-01,bias_only,199432,54,407.683,1.0,0.0027524609961230594,0.00025015700610774786,0.0,0.0,0.0
full_history,3,8000,pb_activity,pb_surface_scaling_v1,2019-09-01,2025-01-01,2025-01-01,2025-01-01,2026-01-01,lag_impact,199432,54,407.683,1.1142245233850692,0.0030266665787471248,0.0008008064237140247,-0.12904298272977174,0.0,0.0
full_history,3,8000,pb_activity,pb_surface_scaling_v1,2019-09-01,2025-01-01,2025-01-01,2025-01-01,2026-01-01,lag_activity,199432,54,407.683,450.7774705066859,0.0030539988382243493,0.0008137649316334025,-0.0005972736650961526,0.0,0.02665196557477493
full_history,3,8000,pb_activity,pb_surface_scaling_v1,2019-09-01,2025-01-01,2025-01-01,2025-01-01,2026-01-01,lag_activity_duration,199432,54,407.683,539.1655201403098,0.003117925815027929,0.0008780260636074831,0.04769415607972039,0.012707942679243592,0.03586523748256671
full_history,4,8000,pb_activity,pb_surface_scaling_v1,2019-09-01,2026-01-01,2026-01-01,2026-01-01,2026-06-01,bias_only,227983,66,416.826,1.0,0.002321349998656112,-0.0002694390192227016,0.0,0.0,0.0
full_history,4,8000,pb_activity,pb_surface_scaling_v1,2019-09-01,2026-01-01,2026-01-01,2026-01-01,2026-06-01,lag_impact,227983,66,416.826,1.1357560974311443,0.002678730395591709,0.00040506861378623887,-0.13611547315021236,0.0,0.0
full_history,4,8000,pb_activity,pb_surface_scaling_v1,2019-09-01,2026-01-01,2026-01-01,2026-01-01,2026-06-01,lag_activity,227983,66,416.826,465.4026345501879,0.0027074023529492426,0.0004210063226269006,0.005417722101230389,0.0,0.029416509307422893
full_history,4,8000,pb_activity,pb_surface_scaling_v1,2019-09-01,2026-01-01,2026-01-01,2026-01-01,2026-06-01,lag_activity_duration,227983,66,416.826,537.6172765105593,0.002743015880109561,0.0004556300475203393,0.030278780952691625,0.007295211807364394,0.03418928427820134
post_2021,1,8000,pb_activity,pb_surface_scaling_v1,2021-01-01,2023-01-01,2023-01-01,2023-01-01,2024-01-01,bias_only,125760,24,375.0925,1.0000000000000002,0.0012158667840312634,0.0005139212609088753,0.0,0.0,0.0
post_2021,1,8000,pb_activity,pb_surface_scaling_v1,2021-01-01,2023-01-01,2023-01-01,2023-01-01,2024-01-01,lag_impact,125760,24,375.0925,1.0576551002794141,0.0013011605904963096,0.0007651793879972691,-0.11220853333118341,0.0,0.0
post_2021,1,8000,pb_activity,pb_surface_scaling_v1,2021-01-01,2023-01-01,2023-01-01,2023-01-01,2024-01-01,lag_activity,125760,24,375.0925,425.33007864575177,0.0013341836108476351,0.000771281065699669,0.005100326132284149,0.0,0.023783299515796802
post_2021,1,8000,pb_activity,pb_surface_scaling_v1,2021-01-01,2023-01-01,2023-01-01,2023-01-01,2024-01-01,lag_activity_duration,125760,24,375.0925,498.52939081289287,0.0014527819567610417,0.0008982961014613138,0.07119250132155283,0.022283622866202685,0.03567930553446557
post_2021,2,8000,pb_activity,pb_surface_scaling_v1,2021-01-01,2024-01-01,2024-01-01,2024-01-01,2025-01-01,bias_only,158070,36,392.23,1.0,0.0012848901566009754,0.00021450819151040245,0.0,0.0,0.0
post_2021,2,8000,pb_activity,pb_surface_scaling_v1,2021-01-01,2024-01-01,2024-01-01,2024-01-01,2025-01-01,lag_impact,158070,36,392.23,1.0717405165741216,0.0014625928537190039,0.0005365531060779861,-0.12002002050292428,0.0,0.0
post_2021,2,8000,pb_activity,pb_surface_scaling_v1,2021-01-01,2024-01-01,2024-01-01,2024-01-01,2025-01-01,lag_activity,158070,36,392.23,400.4908195170607,0.0015009563627676973,0.0005525564229101552,0.024877850154980105,0.0,0.029908305075367524
post_2021,2,8000,pb_activity,pb_surface_scaling_v1,2021-01-01,2024-01-01,2024-01-01,2024-01-01,2025-01-01,lag_activity_duration,158070,36,392.23,496.0376604227783,0.001594600941054885,0.000641374629356867,0.08452692900753918,0.015122686425895288,0.041093190432682926
post_2021,3,8000,pb_activity,pb_surface_scaling_v1,2021-01-01,2025-01-01,2025-01-01,2025-01-01,2026-01-01,bias_only,196800,48,404.813,1.0000000000000002,0.001504369701743889,-0.00006655995456109129,0.0,0.0,0.0
post_2021,3,8000,pb_activity,pb_surface_scaling_v1,2021-01-01,2025-01-01,2025-01-01,2025-01-01,2026-01-01,lag_impact,196800,48,404.813,1.0897636067568788,0.0017389057040439432,0.0003326094162641824,-0.12085562564705023,0.0,0.0
post_2021,3,8000,pb_activity,pb_surface_scaling_v1,2021-01-01,2025-01-01,2025-01-01,2025-01-01,2026-01-01,lag_activity,196800,48,404.813,425.2901451861718,0.0017692347939839029,0.0003506729403605665,0.0150515425300198,0.0,0.028106820392665037
post_2021,3,8000,pb_activity,pb_surface_scaling_v1,2021-01-01,2025-01-01,2025-01-01,2025-01-01,2026-01-01,lag_activity_duration,196800,48,404.813,519.1477023325054,0.001892735384111053,0.00046787190644280706,0.09173434216282121,0.01997605823196524,0.04254380241148261
post_2021,4,8000,pb_activity,pb_surface_scaling_v1,2021-01-01,2026-01-01,2026-01-01,2026-01-01,2026-06-01,bias_only,225351,60,414.33500000000004,1.0000000000000002,0.0012262135734916538,-0.0006793753572236624,0.0,0.0,0.0
post_2021,4,8000,pb_activity,pb_surface_scaling_v1,2021-01-01,2026-01-01,2026-01-01,2026-01-01,2026-06-01,lag_impact,225351,60,414.33500000000004,1.118602267895139,0.0015541422864189672,-0.00011861191839153587,-0.1302427267498525,0.0,0.0
post_2021,4,8000,pb_activity,pb_surface_scaling_v1,2021-01-01,2026-01-01,2026-01-01,2026-01-01,2026-06-01,lag_activity,225351,60,414.33500000000004,443.4574718475877,0.001583900816447602,-0.00009934799016477828,0.01207370525577233,0.0,0.02950389720458251
post_2021,4,8000,pb_activity,pb_surface_scaling_v1,2021-01-01,2026-01-01,2026-01-01,2026-01-01,2026-06-01,lag_activity_duration,225351,60,414.33500000000004,517.7661820296025,0.001649656605350352,-0.000039482761188269736,0.05099955180975915,0.011444604428058062,0.036898204111579874
