sample,fold,n_events,side,amplitude,imbalance_exponent_p,activity_exponent_q,collapse_exponent_gamma,train_cell_rmse
full_history,1,200,buy,0.7486264140437203,0.8600000000000001,0.43000000000000005,0.5,0.0004882305084158831
full_history,1,200,sell,0.6801425620850207,0.8700000000000001,0.42000000000000004,0.48275862068965514,0.00036765154367911576
full_history,1,500,buy,1.2951059196241415,0.8,0.47,0.5874999999999999,0.00082326442175866
full_history,1,500,sell,1.1959410761705533,0.8200000000000001,0.45999999999999996,0.5609756097560975,0.0007626733597347914
full_history,1,1000,buy,1.9012045142829164,0.78,0.5,0.641025641025641,0.001081836751233188
full_history,1,1000,sell,1.7827814265224284,0.81,0.49,0.6049382716049382,0.0010951367893788217
full_history,1,2000,buy,2.772766720990721,0.79,0.53,0.6708860759493671,0.00121011024215086
full_history,1,2000,sell,2.4663168493717893,0.8200000000000001,0.51,0.6219512195121951,0.001260576680794888
full_history,1,4000,buy,3.934548657158929,0.79,0.56,0.7088607594936709,0.0015697954285496998
full_history,1,4000,sell,3.432564572790732,0.8400000000000001,0.53,0.6309523809523809,0.001737665034695369
full_history,1,8000,buy,6.055992170709457,0.79,0.61,0.7721518987341771,0.002270222062942142
full_history,1,8000,sell,4.3175520026613485,0.8600000000000001,0.53,0.6162790697674418,0.0025731997336140484
full_history,2,200,buy,0.7584578205779435,0.8700000000000001,0.43000000000000005,0.4942528735632184,0.00034188339681757903
full_history,2,200,sell,0.6882704061225995,0.8800000000000001,0.42000000000000004,0.47727272727272724,0.000254587332716065
full_history,2,500,buy,1.2167707855116752,0.81,0.45999999999999996,0.5679012345679012,0.0006065890066485487
full_history,2,500,sell,1.132251902426327,0.8400000000000001,0.45000000000000007,0.5357142857142857,0.0006029548410603341
full_history,2,1000,buy,1.8125040492260631,0.8,0.49,0.6124999999999999,0.0008553332347984555
full_history,2,1000,sell,1.6989518691408205,0.8300000000000001,0.48,0.5783132530120482,0.0009345850289146352
full_history,2,2000,buy,2.6334337889915145,0.8,0.52,0.65,0.001013470480801814
full_history,2,2000,sell,2.5167279506759077,0.8400000000000001,0.51,0.6071428571428571,0.0011332829011100852
full_history,2,4000,buy,3.761014506495096,0.8,0.55,0.6875,0.0013623848108094015
full_history,2,4000,sell,3.5178066313998677,0.8600000000000001,0.53,0.6162790697674418,0.001671015685645869
full_history,2,8000,buy,5.841293595456416,0.8,0.6,0.7499999999999999,0.0017513354648576987
full_history,2,8000,sell,4.932427972868812,0.8800000000000001,0.55,0.625,0.0023416074659180068
full_history,3,200,buy,0.545130936561492,0.89,0.39,0.43820224719101125,0.00032357708906687857
full_history,3,200,sell,0.5333483966137956,0.89,0.39,0.43820224719101125,0.00023782326826402345
full_history,3,500,buy,0.8981666008705742,0.8200000000000001,0.42000000000000004,0.5121951219512195,0.0005840212536499761
full_history,3,500,sell,0.8972113981032264,0.8500000000000001,0.42000000000000004,0.49411764705882355,0.00054239386391246
full_history,3,1000,buy,1.4542026028122483,0.8,0.45999999999999996,0.575,0.0008306575402228215
full_history,3,1000,sell,1.453709389820833,0.8300000000000001,0.45999999999999996,0.5542168674698794,0.000867161562731806
full_history,3,2000,buy,2.15341494279692,0.8,0.49,0.6124999999999999,0.0010453014916752385
full_history,3,2000,sell,2.2039374603211748,0.8500000000000001,0.49,0.5764705882352941,0.0010952474990980057
full_history,3,4000,buy,3.1228820024446855,0.8,0.52,0.65,0.0013255381088125154
full_history,3,4000,sell,3.2514393943396804,0.8600000000000001,0.52,0.6046511627906976,0.0016572395775685525
full_history,3,8000,buy,4.862826580192085,0.79,0.5700000000000001,0.7215189873417722,0.0019148417956941527
full_history,3,8000,sell,4.514332231825913,0.8700000000000001,0.54,0.6206896551724138,0.002330285850553812
full_history,4,200,buy,0.42587093279352717,0.91,0.36,0.3956043956043956,0.0003200632726110278
full_history,4,200,sell,0.4163043565506514,0.91,0.36,0.3956043956043956,0.00022847109303610066
full_history,4,500,buy,0.719730031436135,0.8400000000000001,0.39,0.46428571428571425,0.0005591533341380469
full_history,4,500,sell,0.7058705961440633,0.8500000000000001,0.39,0.4588235294117647,0.0005203075255463082
full_history,4,1000,buy,1.1772163236115714,0.81,0.43000000000000005,0.5308641975308642,0.0008173951029077176
full_history,4,1000,sell,1.1609872221715176,0.8300000000000001,0.43000000000000005,0.5180722891566265,0.0008199499422516551
full_history,4,2000,buy,1.7540655637506324,0.8,0.45999999999999996,0.575,0.0010626648139170898
full_history,4,2000,sell,1.7653015496506355,0.8400000000000001,0.45999999999999996,0.5476190476190476,0.0011043027451178597
full_history,4,4000,buy,2.5817804815577863,0.8,0.49,0.6124999999999999,0.001341612588140471
full_history,4,4000,sell,2.6341491967879054,0.8500000000000001,0.49,0.5764705882352941,0.0016187594632095332
full_history,4,8000,buy,3.8885518473848064,0.79,0.53,0.6708860759493671,0.0019438413182131069
full_history,4,8000,sell,3.911029084319569,0.8600000000000001,0.52,0.6046511627906976,0.0024146767090082767
full_history,full_fit,200,buy,0.3935418414162986,0.92,0.35,0.3804347826086956,0.0003219686589408555
full_history,full_fit,200,sell,0.3853732386184682,0.92,0.35,0.3804347826086956,0.00022862891340597258
full_history,full_fit,500,buy,0.6654304252383987,0.8400000000000001,0.38,0.45238095238095233,0.0005604746427510804
full_history,full_fit,500,sell,0.704111950094032,0.8500000000000001,0.39,0.4588235294117647,0.0005090433576471612
full_history,full_fit,1000,buy,1.0937133000415247,0.81,0.42000000000000004,0.5185185185185185,0.0008332085396458734
full_history,full_fit,1000,sell,1.0816968263573163,0.8300000000000001,0.42000000000000004,0.5060240963855421,0.0008251867380824891
full_history,full_fit,2000,buy,1.6380712070383814,0.8,0.45000000000000007,0.5625,0.0010846859885437657
full_history,full_fit,2000,sell,1.6544526602358698,0.8400000000000001,0.45000000000000007,0.5357142857142857,0.001140113717729324
full_history,full_fit,4000,buy,2.4203293491999482,0.8,0.48,0.6,0.0013678757255081006
full_history,full_fit,4000,sell,2.481442735359224,0.8500000000000001,0.48,0.5647058823529411,0.0016794945903440366
full_history,full_fit,8000,buy,3.661046066857005,0.79,0.52,0.6582278481012658,0.00196182480563785
full_history,full_fit,8000,sell,3.8311013684988704,0.8500000000000001,0.52,0.6117647058823529,0.0023035470267025312
post_2021,1,200,buy,0.3500424424765731,0.9800000000000001,0.33999999999999997,0.346938775510204,0.0001456532688067294
post_2021,1,200,sell,0.30900311781757733,0.9500000000000001,0.32999999999999996,0.3473684210526315,0.00019415878414183173
post_2021,1,500,buy,0.5717103589170279,0.9,0.36,0.39999999999999997,0.00030667983055426005
post_2021,1,500,sell,0.4695084113358305,0.8800000000000001,0.33999999999999997,0.3863636363636363,0.00037155947345386426
post_2021,1,1000,buy,1.03830140671105,0.8500000000000001,0.41000000000000003,0.4823529411764706,0.0005194208966574555
post_2021,1,1000,sell,0.8662038736340129,0.8400000000000001,0.39,0.46428571428571425,0.0005757002646448633
post_2021,1,2000,buy,1.9360802447644387,0.8300000000000001,0.47,0.5662650602409638,0.0008588257830270792
post_2021,1,2000,sell,1.5463944925469633,0.8300000000000001,0.44000000000000006,0.5301204819277109,0.000987665993607293
post_2021,1,4000,buy,3.358319776259455,0.81,0.53,0.654320987654321,0.0014317647006039337
post_2021,1,4000,sell,2.5653472143709823,0.8500000000000001,0.48,0.5647058823529411,0.0015457368944891696
post_2021,1,8000,buy,5.814266057795351,0.8,0.6,0.7499999999999999,0.0021506308436580936
post_2021,1,8000,sell,4.303288047479054,0.8600000000000001,0.53,0.6162790697674418,0.0024141161913491943
post_2021,2,200,buy,0.4604241471329415,0.9500000000000001,0.37,0.3894736842105263,0.0001396555290097892
post_2021,2,200,sell,0.4111870913611243,0.9400000000000001,0.36,0.38297872340425526,0.00018606822283237908
post_2021,2,500,buy,0.730188534099977,0.8800000000000001,0.39,0.4431818181818181,0.0003197338120285518
post_2021,2,500,sell,0.6594133847589758,0.8800000000000001,0.38,0.43181818181818177,0.0003996424171227129
post_2021,2,1000,buy,1.2191135888919975,0.8500000000000001,0.43000000000000005,0.5058823529411764,0.0005159554695998572
post_2021,2,1000,sell,1.0296629017830319,0.8500000000000001,0.41000000000000003,0.4823529411764706,0.0006469444420632382
post_2021,2,2000,buy,2.0834345770532896,0.8300000000000001,0.48,0.5783132530120482,0.000847684629557398
post_2021,2,2000,sell,1.8177662828733194,0.8500000000000001,0.45999999999999996,0.5411764705882351,0.0010527573938867761
post_2021,2,4000,buy,3.4151795763269392,0.8200000000000001,0.53,0.6463414634146342,0.001379045081565212
post_2021,2,4000,sell,2.9317618109272754,0.8600000000000001,0.5,0.5813953488372092,0.0016665076952177866
post_2021,2,8000,buy,5.9076673407020195,0.81,0.6,0.7407407407407407,0.0016928253999197677
post_2021,2,8000,sell,4.845681144939014,0.8700000000000001,0.55,0.632183908045977,0.0023103079937254536
post_2021,3,200,buy,0.35827423745052656,0.9600000000000001,0.33999999999999997,0.35416666666666663,0.00015823434231247783
post_2021,3,200,sell,0.3196168822285346,0.9500000000000001,0.32999999999999996,0.3473684210526315,0.0002026117461081035
post_2021,3,500,buy,0.5813989773499761,0.89,0.36,0.4044943820224719,0.0003069585611102115
post_2021,3,500,sell,0.565672117957955,0.89,0.36,0.4044943820224719,0.0003937498172058039
post_2021,3,1000,buy,0.9887798424772785,0.8600000000000001,0.4,0.46511627906976744,0.0004978009405494224
post_2021,3,1000,sell,0.9666705069086639,0.8700000000000001,0.4,0.45977011494252873,0.000612826747329927
post_2021,3,2000,buy,1.7038591682754503,0.8300000000000001,0.45000000000000007,0.5421686746987953,0.0008546976747401136
post_2021,3,2000,sell,1.5966182317023254,0.8600000000000001,0.44000000000000006,0.5116279069767442,0.001015546587798884
post_2021,3,4000,buy,2.8007715095588734,0.81,0.5,0.6172839506172839,0.0013187326509982672
post_2021,3,4000,sell,2.7534036658967556,0.8700000000000001,0.49,0.5632183908045976,0.0016378781959688687
post_2021,3,8000,buy,4.680631064867134,0.8,0.56,0.7000000000000001,0.0018423893063587388
post_2021,3,8000,sell,4.50377034044575,0.8700000000000001,0.54,0.6206896551724138,0.0022547360971420156
post_2021,4,200,buy,0.2803600449737374,0.9800000000000001,0.31000000000000005,0.3163265306122449,0.00018281937152629367
post_2021,4,200,sell,0.27212770747884346,0.9700000000000001,0.31000000000000005,0.3195876288659794,0.00022513933066071727
post_2021,4,500,buy,0.4995304229501082,0.9,0.33999999999999997,0.3777777777777777,0.00033336721109097857
post_2021,4,500,sell,0.44941380704175055,0.9,0.32999999999999996,0.36666666666666664,0.0004103682522784252
post_2021,4,1000,buy,0.8503856277831271,0.8600000000000001,0.38,0.441860465116279,0.0005341326717724403
post_2021,4,1000,sell,0.7731398796860732,0.8700000000000001,0.37,0.425287356321839,0.0006382265608901744
post_2021,4,2000,buy,1.3885694488996543,0.8300000000000001,0.42000000000000004,0.5060240963855421,0.0009185026722334798
post_2021,4,2000,sell,1.377709130159876,0.8600000000000001,0.42000000000000004,0.4883720930232558,0.0010269294619709055
post_2021,4,4000,buy,2.3163968994358664,0.81,0.47,0.5802469135802468,0.001337004307985758
post_2021,4,4000,sell,2.3594297593465923,0.8600000000000001,0.47,0.5465116279069766,0.0015674589182305377
post_2021,4,8000,buy,3.935683543806027,0.8,0.53,0.6625,0.0019185340449656735
post_2021,4,8000,sell,3.902111077223549,0.8600000000000001,0.52,0.6046511627906976,0.0023314292881641847
post_2021,full_fit,200,buy,0.25935894243899243,0.9900000000000001,0.30000000000000004,0.30303030303030304,0.00018547410211682797
post_2021,full_fit,200,sell,0.2522474561366655,0.9800000000000001,0.30000000000000004,0.30612244897959184,0.000224718272699509
post_2021,full_fit,500,buy,0.462401995413303,0.9,0.32999999999999996,0.36666666666666664,0.0003438001220357465
post_2021,full_fit,500,sell,0.4499595160894297,0.9,0.32999999999999996,0.36666666666666664,0.00041417945782325926
post_2021,full_fit,1000,buy,0.7907849271658703,0.8600000000000001,0.37,0.4302325581395348,0.000557053052980652
post_2021,full_fit,1000,sell,0.7727364822828215,0.8700000000000001,0.37,0.425287356321839,0.0006561915361362517
post_2021,full_fit,2000,buy,1.3116760210062886,0.8400000000000001,0.41000000000000003,0.4880952380952381,0.0009585181431311875
post_2021,full_fit,2000,sell,1.292563925998587,0.8600000000000001,0.41000000000000003,0.4767441860465116,0.001075039896896545
post_2021,full_fit,4000,buy,2.1720618768430127,0.81,0.45999999999999996,0.5679012345679012,0.0013849508932009332
post_2021,full_fit,4000,sell,2.196020318303498,0.8500000000000001,0.45999999999999996,0.5411764705882351,0.001575997048891891
post_2021,full_fit,8000,buy,3.5249977563173527,0.8,0.51,0.6375,0.0018980282484250047
post_2021,full_fit,8000,sell,3.6367671297770117,0.8500000000000001,0.51,0.6,0.002237670667151743
