sample,fold,training_cells,family,reference_events,q_reference,q_exponent_xi,r_buy_reference,r_sell_reference,r_exponent_psi,shape_alpha,shape_beta,central_exponent_p,activity_exponent_gamma,cell_rmse,converged,nfev,activity_vertical_exponent_delta,activity_reference,activity_scale_exponent_eta,tail_exponent
full_history,1,864,pb_classic,1000,0.000060124331807996995,1.1024823273990172,0.009459759463317955,0.009109754969640761,0.8442744395523688,1.5201320919180483,0.41534577387127614,1.0,1.0,0.0035358041273089212,true,24,0.0,0.0006343801672765598,1.0053133383409294,0.5846542261287239
full_history,1,864,pb_activity,1000,0.0011137874420768326,0.5871506254402918,0.012189742373156088,0.011773951035665756,0.7223011078228718,1.1890626395048656,0.27535413645055734,1.0,0.6647997587587375,0.00156047747763993,true,44,0.0,0.0006343801672765598,1.0053133383409294,0.7246458635494426
full_history,1,864,pb_activity_vertical,1000,0.12131540665156655,-0.07227871353576634,0.020923099021293568,0.020204895146459935,0.6369576201003446,1.8266349863095455,0.3799721156726983,1.0,0.11788003139502858,0.0014854621265936291,true,37,0.442000461180839,0.0006343801672765598,1.0053133383409294,0.6200278843273017
full_history,1,864,pb_activity_generalised,1000,0.00011230802373002261,0.5910721138736242,0.0035914750748012483,0.0034692181394449357,0.7252575834625291,0.5092287541901241,0.8417279797393598,1.4999999534189816,0.6648284410637366,0.001556849945519634,true,138,0.0,0.0006343801672765598,1.0053133383409294,0.6582719736796219
full_history,2,864,pb_classic,1000,0.0000632319528643021,1.0830909566512315,0.009486268700280048,0.009128469563915937,0.8321516799632612,1.637548366403648,0.40542399818284885,1.0,1.0,0.003710377690179304,true,21,0.0,0.0006772468707454222,1.0039623345877327,0.5945760018171511
full_history,2,864,pb_activity,1000,0.0009837434613611269,0.6042526433064754,0.0095655888783114,0.009218000363594386,0.7514334611978654,1.3329783632442518,0.23642347879989792,1.0,0.6511980785127971,0.0014887153020531508,true,56,0.0,0.0006772468707454222,1.0039623345877327,0.7635765212001021
full_history,2,864,pb_activity_vertical,1000,0.18534026252289534,-0.18308074063956928,0.017152895625742296,0.016533760419015626,0.6188499651963667,2.215700910643168,0.29931669865561306,1.0,0.0316252204616076,0.001432362445433654,true,49,0.5054057245187568,0.0006772468707454222,1.0039623345877327,0.7006833013443869
full_history,2,864,pb_activity_generalised,1000,0.00009268160206491872,0.6145182591779677,0.0020482672950163836,0.001973957222833849,0.759622561778905,0.5957979275941271,0.7777353426575119,1.4999888781387416,0.6511894546747682,0.0014850941323905457,true,226,0.0,0.0006772468707454222,1.0039623345877327,0.7222535354812297
full_history,3,864,pb_classic,1000,0.00007541986364004284,1.0409094994030492,0.010736612467534046,0.010291557784757217,0.7968206734253285,1.7554623278596782,0.4225701485636778,1.0,1.0,0.0039035230163341804,true,14,0.0,0.0007003570711882446,1.0079742905781723,0.5774298514363222
full_history,3,864,pb_activity,1000,0.001497379522910466,0.52250380681382,0.01138195504907869,0.010923624899194921,0.7003922267796138,1.7398097636310308,0.23783314407954084,1.0,0.6266543325794978,0.0014760923535969666,true,44,0.0,0.0007003570711882446,1.0079742905781723,0.7621668559204592
full_history,3,864,pb_activity_vertical,1000,0.18215932944118052,-0.21061547031423672,0.01732621105983792,0.016628145744116203,0.5896406106746153,2.959214423288378,0.28330013847724106,1.0,0.03800370092375911,0.0014072830243800633,true,45,0.47854394326880073,0.0007003570711882446,1.0079742905781723,0.7166998615227589
full_history,3,864,pb_activity_generalised,1000,0.0005244797366505023,0.5385044928870671,0.006143578559313246,0.005896850465940405,0.7130327638614811,0.7953023158169241,0.5066128911282773,1.2247912940505306,0.6266957632512139,0.0014745748719679427,true,271,0.0,0.0007003570711882446,1.0079742905781723,0.7181784029222532
full_history,4,864,pb_classic,1000,0.00008906060913564888,1.000251042014667,0.012192001861362793,0.011647214448504806,0.7610760538103637,1.7945610568017882,0.4500466928123915,1.0,1.0,0.004111342969951472,true,14,0.0,0.0007259362671789939,1.0071986358641443,0.5499533071876085
full_history,4,864,pb_activity,1000,0.0023770711209364645,0.4423703224891413,0.014295455078591564,0.013663111381025252,0.6507947881720335,1.7601918902308356,0.26174973216022124,1.0,0.5988456947469607,0.0014063411167083016,true,44,0.0,0.0007259362671789939,1.0071986358641443,0.7382502678397788
full_history,4,864,pb_activity_vertical,1000,0.17854782719569218,-0.20648517798669963,0.020124529677841847,0.01923169799146548,0.5681675073206938,2.666057630556832,0.3204035140253075,1.0,0.06054023122401406,0.001335952259120343,true,45,0.4342407537103436,0.0007259362671789939,1.0071986358641443,0.6795964859746926
full_history,4,864,pb_activity_generalised,1000,0.0016655296315105368,0.4510412983327608,0.01218299427393434,0.011644847870566181,0.6574987544875287,1.061565009663555,0.3915484478953848,1.0955052661634872,0.5989466853011993,0.0014055283214528239,true,153,0.0,0.0007259362671789939,1.0071986358641443,0.7039568182681024
full_history,full_fit,864,pb_classic,1000,0.00009357039110184122,0.9881687353793597,0.012681489467415954,0.012172168465678623,0.7501754677725472,1.7682415478632205,0.46040587381642134,1.0,1.0,0.004183235083917894,true,14,0.0,0.0007352166192481432,1.007259982024173,0.5395941261835786
full_history,full_fit,864,pb_activity,1000,0.0028560330785960286,0.4132189087200743,0.01590583620058465,0.015270605099229567,0.6324506882613277,1.6230688253957943,0.2772251878048449,1.0,0.588703689557386,0.00136712155129868,true,39,0.0,0.0007352166192481432,1.007259982024173,0.7227748121951552
full_history,full_fit,864,pb_activity_vertical,1000,0.24554451135881386,-0.2294978826014992,0.024777116609025856,0.023780629113877003,0.5605658282270735,2.15490887785569,0.38841834217945365,1.0,0.043886743926342404,0.0012913231319408073,true,47,0.4384076963655674,0.0007352166192481432,1.007259982024173,0.6115816578205464
full_history,full_fit,864,pb_activity_generalised,1000,0.0019339111439724,0.420847845068965,0.014367657851049296,0.013794875114508087,0.6383096054009548,0.8836076015382618,0.4556099872596091,1.1230421657743457,0.5888094283413029,0.0013660911724276434,true,126,0.0,0.0007352166192481432,1.007259982024173,0.6674321785147366
post_2021,1,864,pb_classic,1000,0.00006698964128970327,1.1068948541759538,0.011076092853595837,0.010674949223287157,0.8350771167043293,1.2878278099180904,0.4483146237634086,1.0,1.0,0.0035452432949958463,true,17,0.0,0.0005785802928101117,1.0343756998393114,0.5516853762365914
post_2021,1,864,pb_activity,1000,0.0013475661613687009,0.6039886676876747,0.010177294861692845,0.009841698101415117,0.7826163056626873,1.359613610477969,0.2544597434236803,1.0,0.618346056863052,0.0015991296237502332,true,42,0.0,0.0005785802928101117,1.0343756998393114,0.7455402565763197
post_2021,1,864,pb_activity_vertical,1000,0.253666875555677,-0.30113383992769865,0.016234321477593464,0.015704183367597765,0.5699462606602499,2.7316677295227803,0.2781416366026802,1.0,1.016821697798548e-12,0.0015564096011642869,true,52,0.5032674373231297,0.0005785802928101117,1.0343756998393114,0.7218583633973198
post_2021,1,864,pb_activity_generalised,1000,0.00014258485554456652,0.6123253402699581,0.002888382440748106,0.002793264942176404,0.7891846336115202,0.5414653798815773,0.8208855657181097,1.4998665169015866,0.6184253213029668,0.0015958945414071195,true,207,0.0,0.0005785802928101117,1.0343756998393114,0.6789809511834769
post_2021,2,864,pb_classic,1000,0.00006709048361430409,1.0843898033109123,0.010343969101721032,0.009953045719470836,0.8237356999007441,1.5127555403457726,0.42364790174858485,1.0,1.0,0.00379276109935006,true,18,0.0,0.0006310618724764778,1.0265447172392808,0.5763520982514152
post_2021,2,864,pb_activity,1000,0.0011594705718030866,0.5943976352803768,0.008515269052812406,0.008207337555296429,0.7779178620220008,1.5717460721119638,0.21784932769368015,1.0,0.6174464718781857,0.0015817980614515209,true,47,0.0,0.0006310618724764778,1.0265447172392808,0.7821506723063198
post_2021,2,864,pb_activity_vertical,1000,0.24775585772869538,-0.2990209407889626,0.01656811083435721,0.015974970159819423,0.5666122346703948,2.814599231134074,0.2620873497286758,1.0,2.3667995529741608e-17,0.001534889674158945,true,43,0.5085699347556918,0.0006310618724764778,1.0265447172392808,0.7379126502713242
post_2021,2,864,pb_activity_generalised,1000,0.00011480780232743005,0.612665064358582,0.0017777764203693053,0.0017135398727986758,0.7926929812711292,0.6426342449606663,0.758297211809847,1.49965974874905,0.6175282428724729,0.0015785742799699894,true,327,0.0,0.0006310618724764778,1.0265447172392808,0.741362536939203
post_2021,3,864,pb_classic,1000,0.00007856579170524131,1.047085201777108,0.011424156529360754,0.010935886206311578,0.7942741960619729,1.661175525616553,0.4387014800256635,1.0,1.0,0.004051748090553559,true,21,0.0,0.0006629562755558503,1.0253560628411047,0.5612985199743366
post_2021,3,864,pb_activity,1000,0.0017897188596128605,0.5020468978302093,0.010226832562865563,0.009809332914516192,0.7193761311681642,2.139538818548583,0.21448242299500503,1.0,0.5922923846338254,0.0015802477436262625,true,44,0.0,0.0006629562755558503,1.0253560628411047,0.7855175770049949
post_2021,3,864,pb_activity_vertical,1000,0.2676462340534655,-0.32967088306142084,0.017783394307250684,0.0170544533015585,0.5375464483082535,3.837284804820878,0.2557451964411342,1.0,6.310379901243335e-26,0.0015090792064752312,true,58,0.48725169828837034,0.0006629562755558503,1.0253560628411047,0.7442548035588659
post_2021,3,864,pb_activity_generalised,1000,0.0026375531491756596,0.4632999577489815,0.013494418853357124,0.012942531767964593,0.6887651865387534,7.809422271267909,0.1356291021761653,0.9365731045355946,0.5913654673712677,0.0015797631478089939,true,140,0.0,0.0006629562755558503,1.0253560628411047,0.8009440023594293
post_2021,4,864,pb_classic,1000,0.00009182180121370853,1.0145359441660575,0.012842297652249073,0.012251797557847287,0.7661100092499742,1.696360432315603,0.4681635144065292,1.0,1.0,0.004317841260360146,true,16,0.0,0.0006930152653105961,1.0219144512574176,0.5318364855934707
post_2021,4,864,pb_activity,1000,0.002760919291650852,0.4177865744336662,0.012417879563987846,0.01186408934128443,0.6672489995673673,2.1683122553901337,0.2307786561609665,1.0,0.563597331091339,0.0015616115849666913,true,37,0.0,0.0006930152653105961,1.0219144512574176,0.7692213438390335
post_2021,4,864,pb_activity_vertical,1000,0.29613263337561235,-0.3463529660340261,0.019912919508673226,0.019017655026777627,0.5167467418061498,3.490597464902825,0.2813867332846347,1.0,5.033920086684763e-16,0.001478585107286269,true,43,0.45995556475633,0.0006930152653105961,1.0219144512574176,0.7186132667153653
post_2021,4,864,pb_activity_generalised,1000,0.0030371705014564194,0.41036594033993945,0.013191311007570568,0.012602771306087942,0.6614630418626257,2.714531378767878,0.20359807624275508,0.9794668324089353,0.563389303930114,0.0015616986066940993,true,154,0.0,0.0006930152653105961,1.0219144512574176,0.7758687561661802
post_2021,full_fit,864,pb_classic,1000,0.00009670307828645285,1.0029598672203641,0.013364472797950748,0.012810359062136864,0.7560178638142943,1.6815678366096074,0.4792847609734093,1.0,1.0,0.0044033247380181615,true,19,0.0,0.0007038793398850481,1.0211276935395992,0.5207152390265908
post_2021,full_fit,864,pb_activity,1000,0.003267853468488876,0.39212160383517936,0.013663666426769852,0.013116241005457349,0.6515886842212325,1.8930390096103076,0.24479655641303033,1.0,0.553489906660592,0.0015275457552205174,true,37,0.0,0.0007038793398850481,1.0211276935395992,0.7552034435869697
post_2021,full_fit,864,pb_activity_vertical,1000,0.31698069951415525,-0.34927000631604543,0.021456551862766345,0.020585225586739312,0.5114492485002441,3.1106624863949124,0.3035627269660722,1.0,1.3870729777793543e-15,0.0014355227970015445,true,46,0.4508587695691064,0.0007038793398850481,1.0211276935395992,0.6964372730339278
post_2021,full_fit,864,pb_activity_generalised,1000,0.003242307236654971,0.3926088841330068,0.013610440700551051,0.013065173344024681,0.6519651750759468,1.856921613459868,0.24780017496738324,1.0020685716343694,0.5535051862205779,0.00152752886244812,true,174,0.0,0.0007038793398850481,1.0211276935395992,0.7542683966669861
