strategy,fees,return_pct_per_year,sharpe
"H-010 BTC (primary, log-return P&L)",gross,20.43439359893718,0.9834004140900533
"H-010 BTC (primary, log-return P&L)",2 bp,18.018622414761825,0.8671419906940968
"H-010 BTC (primary, log-return P&L)",1 bp,19.226508006849503,0.925271202392075
H-020 bybit C,gross,20.520280062304405,0.5496738616482483
H-020 bybit C,2 bp,5.707729751090869,0.1528578192106532
H-020 bybit C,1 bp,13.114004906697637,0.35124525863264494
H-020 bybit funding_level,gross,18.751716702988748,0.48778841603663353
H-020 bybit funding_level,2 bp,13.146707308770825,0.3419798257065607
H-020 bybit funding_level,1 bp,15.949212005879785,0.4148846037076314
H-020 binance funding_level,gross,41.56767791984145,1.118874717479549
H-020 binance funding_level,2 bp,36.628012636182916,0.9859325306705274
H-020 binance funding_level,1 bp,39.09784527801218,1.052406414834345
