construction,fold,specification,p_buy,p_sell,q_buy,q_sell,amplitude_buy,amplitude_sell,gamma_buy,gamma_sell,buy_test_cell_rmse,sell_test_cell_rmse,combined_test_cell_rmse
event_1000,1,common_shape_and_level,0.79,0.79,0.52,0.52,2.28004862089501,2.28004862089501,0.6582278481012658,0.6582278481012658,0.003080560337052045,0.0031220154299798097,0.003101357149317878
event_1000,1,common_shape_separate_level,0.79,0.79,0.53,0.53,2.4777567959241678,2.3851123476420857,0.6708860759493671,0.6708860759493671,0.0034467886491756985,0.002749119871884268,0.00311753204170185
event_1000,1,separate_shape_and_level,0.76,0.8200000000000001,0.52,0.53,2.2537142981016878,2.4583854237239233,0.6842105263157895,0.6463414634146342,0.003544984483737386,0.002744142686516661,0.0031699553682900407
event_1000,2,common_shape_and_level,0.8,0.8,0.5,0.5,1.9126191580024314,1.9126191580024314,0.625,0.625,0.0012399267267826342,0.0013089330277965096,0.0012748968505425127
event_1000,2,common_shape_separate_level,0.8,0.8,0.5,0.5,1.9391708549413256,1.8866509059656635,0.625,0.625,0.0011261007164914138,0.0013411584584468988,0.001238307077090763
event_1000,2,separate_shape_and_level,0.78,0.81,0.5,0.49,1.9012045142829164,1.7827814265224284,0.641025641025641,0.6049382716049382,0.0012129963086618205,0.0012301030375826195,0.0012215796183420034
event_1000,3,common_shape_and_level,0.81,0.81,0.49,0.49,1.8052615877932905,1.8052615877932905,0.6049382716049382,0.6049382716049382,0.0026213225283837557,0.0027240095383293016,0.0026731591575064532
event_1000,3,common_shape_separate_level,0.81,0.81,0.49,0.49,1.8302398624650622,1.780706440414513,0.6049382716049382,0.6049382716049382,0.00275098135369418,0.002528885124792144,0.002642267812199214
event_1000,3,separate_shape_and_level,0.8,0.8300000000000001,0.49,0.48,1.8125040492260631,1.6989518691408205,0.6124999999999999,0.5783132530120482,0.002769599082500695,0.0024180425156817686,0.002599770055738902
event_1000,4,common_shape_and_level,0.8200000000000001,0.8200000000000001,0.45999999999999996,0.45999999999999996,1.460962760571867,1.460962760571867,0.5609756097560975,0.5609756097560975,0.002790684363689985,0.0032318661343434334,0.00301934412812284
event_1000,4,common_shape_separate_level,0.8200000000000001,0.8200000000000001,0.45999999999999996,0.45999999999999996,1.4823744537269459,1.4399190068138017,0.5609756097560975,0.5609756097560975,0.002955298031553745,0.003004426102402992,0.002979963310185704
event_1000,4,separate_shape_and_level,0.8,0.8300000000000001,0.45999999999999996,0.45999999999999996,1.4542026028122483,1.453709389820833,0.575,0.5542168674698794,0.002990803816918714,0.0029963887930385207,0.002993597607423415
event_1000,5,common_shape_and_level,0.8200000000000001,0.8200000000000001,0.43000000000000005,0.43000000000000005,1.1690758795653737,1.1690758795653737,0.524390243902439,0.524390243902439,0.002772616204231574,0.002462521191468764,0.0026221566728935404
event_1000,5,common_shape_separate_level,0.8200000000000001,0.8200000000000001,0.43000000000000005,0.43000000000000005,1.1884199076921045,1.1501252917454468,0.524390243902439,0.524390243902439,0.0029217589528227764,0.0023690412567346363,0.002659796219121953
event_1000,5,separate_shape_and_level,0.81,0.8300000000000001,0.43000000000000005,0.43000000000000005,1.1772163236115714,1.1609872221715176,0.5308641975308642,0.5180722891566265,0.002945659904623254,0.0023598682796549053,0.002668884651968541
event_200,1,common_shape_and_level,0.8200000000000001,0.8200000000000001,0.45000000000000007,0.45000000000000007,0.8998582935858261,0.8998582935858261,0.5487804878048781,0.5487804878048781,0.0014348444035257302,0.0014631075864188065,0.0014490449047157533
event_200,1,common_shape_separate_level,0.8200000000000001,0.8200000000000001,0.45000000000000007,0.45000000000000007,0.9121640111624942,0.8879864912914776,0.5487804878048781,0.5487804878048781,0.0015403738690497359,0.0013582875774551244,0.0014521874533819942
event_200,1,separate_shape_and_level,0.81,0.8400000000000001,0.45000000000000007,0.45000000000000007,0.906097256791754,0.8997532801812053,0.5555555555555556,0.5357142857142857,0.0015543464515756318,0.001337362076398602,0.0014499190003091445
event_200,2,common_shape_and_level,0.8600000000000001,0.8600000000000001,0.43000000000000005,0.43000000000000005,0.7410490639676295,0.7410490639676295,0.5,0.5,0.0005940368516101492,0.0004944533149424633,0.0005465180059835582
event_200,2,common_shape_separate_level,0.8600000000000001,0.8600000000000001,0.43000000000000005,0.43000000000000005,0.7486264140437203,0.7336074509995482,0.5,0.5,0.0005354252016701277,0.0005382434185488174,0.0005368361594539876
event_200,2,separate_shape_and_level,0.8600000000000001,0.8700000000000001,0.43000000000000005,0.42000000000000004,0.7486264140437203,0.6801425620850207,0.5,0.48275862068965514,0.0005354252016701277,0.0005178543754931768,0.0005267130626825791
event_200,3,common_shape_and_level,0.8800000000000001,0.8800000000000001,0.42000000000000004,0.42000000000000004,0.695537188938773,0.695537188938773,0.47727272727272724,0.47727272727272724,0.0012441761946658668,0.0011963055011176723,0.0012204755743925484
event_200,3,common_shape_separate_level,0.8800000000000001,0.8800000000000001,0.42000000000000004,0.42000000000000004,0.7029071115861604,0.6882704061225995,0.47727272727272724,0.47727272727272724,0.0012622841155218618,0.0011656565583314025,0.0012149313561431814
event_200,3,separate_shape_and_level,0.8700000000000001,0.8800000000000001,0.43000000000000005,0.42000000000000004,0.7584578205779435,0.6882704061225995,0.4942528735632184,0.47727272727272724,0.0013259639019958455,0.0011656565583314025,0.0012483860543471836
event_200,4,common_shape_and_level,0.89,0.89,0.39,0.39,0.5391995240763515,0.5391995240763515,0.43820224719101125,0.43820224719101125,0.0013815535933587415,0.0013074393287219146,0.0013450070500951401
event_200,4,common_shape_separate_level,0.89,0.89,0.39,0.39,0.545130936561492,0.5333483966137956,0.43820224719101125,0.43820224719101125,0.0013933118510629722,0.0012825050476132714,0.0013390550980945566
event_200,4,separate_shape_and_level,0.89,0.89,0.39,0.39,0.545130936561492,0.5333483966137956,0.43820224719101125,0.43820224719101125,0.0013933118510629722,0.0012825050476132714,0.0013390550980945566
event_200,5,common_shape_and_level,0.91,0.91,0.36,0.36,0.4210512812328584,0.4210512812328584,0.3956043956043956,0.3956043956043956,0.0015778650731495974,0.0015452047196979415,0.0015616202827259543
event_200,5,common_shape_separate_level,0.91,0.91,0.36,0.36,0.42587093279352717,0.4163043565506514,0.3956043956043956,0.3956043956043956,0.001561521652189671,0.0015719439641820444,0.0015667414746513733
event_200,5,separate_shape_and_level,0.91,0.91,0.36,0.36,0.42587093279352717,0.4163043565506514,0.3956043956043956,0.3956043956043956,0.001561521652189671,0.0015719439641820444,0.0015667414746513733
event_500,1,common_shape_and_level,0.79,0.79,0.49,0.49,1.5509550656288078,1.5509550656288078,0.620253164556962,0.620253164556962,0.002353062435132285,0.0024368061982578794,0.0023953003226629744
event_500,1,common_shape_separate_level,0.79,0.79,0.49,0.49,1.5746386905666605,1.52810406063379,0.620253164556962,0.620253164556962,0.0025529969125967955,0.0022377853786007054,0.002400570415173014
event_500,1,separate_shape_and_level,0.77,0.81,0.49,0.49,1.5476037369210942,1.5544853309915436,0.6363636363636364,0.6049382716049382,0.00259749087401436,0.002215042280250527,0.002413852848030026
event_500,2,common_shape_and_level,0.81,0.81,0.45999999999999996,0.45999999999999996,1.199683647397381,1.199683647397381,0.5679012345679012,0.5679012345679012,0.0009265267245368728,0.0008760177582439481,0.000901625998970687
event_500,2,common_shape_separate_level,0.81,0.81,0.45999999999999996,0.45999999999999996,1.2135617725607313,1.186065853629786,0.5679012345679012,0.5679012345679012,0.0008364883882967252,0.0009272424428252622,0.0008830320978117989
event_500,2,separate_shape_and_level,0.8,0.8200000000000001,0.47,0.45999999999999996,1.2951059196241415,1.1959410761705533,0.5874999999999999,0.5609756097560975,0.0009096320956706583,0.000891541720297397,0.0009006323302283335
event_500,3,common_shape_and_level,0.8300000000000001,0.8300000000000001,0.45000000000000007,0.45000000000000007,1.1361561210372373,1.1361561210372373,0.5421686746987953,0.5421686746987953,0.0019209161922316895,0.001917511830174681,0.0019192147660485716
event_500,3,common_shape_separate_level,0.8300000000000001,0.8300000000000001,0.45000000000000007,0.45000000000000007,1.1493788182635958,1.12312842653989,0.5421686746987953,0.5421686746987953,0.001979825496795937,0.001824893034961522,0.001903935869037394
event_500,3,separate_shape_and_level,0.81,0.8400000000000001,0.45999999999999996,0.45000000000000007,1.2167707855116752,1.132251902426327,0.5679012345679012,0.5357142857142857,0.0020828133238896458,0.0018093463884134564,0.0019508774558435306
event_500,4,common_shape_and_level,0.8400000000000001,0.8400000000000001,0.42000000000000004,0.42000000000000004,0.9013000891452746,0.9013000891452746,0.5,0.5,0.0019852729759961708,0.0020624576006131024,0.002024233205876666
event_500,4,common_shape_separate_level,0.8400000000000001,0.8400000000000001,0.42000000000000004,0.42000000000000004,0.9126274203486862,0.8901466283393565,0.5,0.5,0.0020489199250485054,0.001962792126724617,0.00200631824394747
event_500,4,separate_shape_and_level,0.8200000000000001,0.8500000000000001,0.42000000000000004,0.42000000000000004,0.8981666008705742,0.8972113981032264,0.5121951219512195,0.49411764705882355,0.002082166175815779,0.0019509101820924257,0.0020176058240279748
event_500,5,common_shape_and_level,0.8400000000000001,0.8400000000000001,0.39,0.39,0.7099750688588709,0.7099750688588709,0.46428571428571425,0.46428571428571425,0.001929847791923605,0.00182893982624839,0.001880070927921325
event_500,5,common_shape_separate_level,0.8400000000000001,0.8400000000000001,0.39,0.39,0.719730031436135,0.7003899345841833,0.46428571428571425,0.46428571428571425,0.001960562588099964,0.0018290131389204578,0.0018959291553484923
event_500,5,separate_shape_and_level,0.8400000000000001,0.8500000000000001,0.39,0.39,0.719730031436135,0.7058705961440633,0.46428571428571425,0.4588235294117647,0.001960562588099964,0.0018133938624853825,0.0018884124234865758
time_1m,1,common_shape_and_level,0.51,0.51,0.65,0.65,3.260839938382379,3.260839938382379,1.2745098039215685,1.2745098039215685,0.003636979872478642,0.003516029046625821,0.0035770157149173417
time_1m,1,common_shape_separate_level,0.51,0.51,0.66,0.66,3.609412705714798,3.3704834921931113,1.2941176470588236,1.2941176470588236,0.003205232551035576,0.003997289132789139,0.003622970888465168
time_1m,1,separate_shape_and_level,0.51,0.51,0.68,0.64,4.126965371661048,2.9507060050626084,1.3333333333333335,1.2549019607843137,0.003232754321940583,0.0039815473509803795,0.0036265286303932853
time_1m,2,common_shape_and_level,0.55,0.55,0.65,0.65,3.5041429736897136,3.5041429736897136,1.1818181818181817,1.1818181818181817,0.0028298310713648785,0.002537761048304913,0.002687766268740248
time_1m,2,common_shape_separate_level,0.55,0.55,0.65,0.65,3.5898958653744493,3.422103206165363,1.1818181818181817,1.1818181818181817,0.0025072412572628945,0.0028103653313591138,0.0026631196009404496
time_1m,2,separate_shape_and_level,0.55,0.54,0.66,0.63,3.8378240274130673,2.9685166446186435,1.2,1.1666666666666665,0.0024957049183709956,0.0028825289228166665,0.0026960634293777094
time_1m,3,common_shape_and_level,0.5700000000000001,0.5700000000000001,0.64,0.64,3.38055923967869,3.38055923967869,1.1228070175438596,1.1228070175438596,0.0023377292907678,0.002210645653900964,0.0022750749926128745
time_1m,3,common_shape_separate_level,0.5700000000000001,0.5700000000000001,0.64,0.64,3.4564253247246675,3.3070281850267675,1.1228070175438596,1.1228070175438596,0.0022054103125275703,0.0023164823658063756,0.002261628306961033
time_1m,3,separate_shape_and_level,0.5700000000000001,0.5700000000000001,0.65,0.63,3.6941497372322925,3.0948495996250136,1.1403508771929824,1.1052631578947367,0.0022884864000790577,0.0022708427671463013,0.002279681652824301
time_1m,4,common_shape_and_level,0.5900000000000001,0.5900000000000001,0.62,0.62,3.0177980807473044,3.0177980807473044,1.0508474576271185,1.0508474576271185,0.0021597751960313327,0.0023644152752769695,0.0022644081446765783
time_1m,4,common_shape_separate_level,0.5900000000000001,0.5900000000000001,0.62,0.62,3.079234960935136,2.957813057646965,1.0508474576271185,1.0508474576271185,0.002297517250417655,0.0021880761462294385,0.0022434641447619543
time_1m,4,separate_shape_and_level,0.5900000000000001,0.5900000000000001,0.63,0.62,3.291091372685615,2.957813057646965,1.0677966101694913,1.0508474576271185,0.002383774362555085,0.0021880761462294385,0.0022880185131761033
time_1m,5,common_shape_and_level,0.5900000000000001,0.5900000000000001,0.6,0.6,2.597462980625062,2.597462980625062,1.0169491525423726,1.0169491525423726,0.0024277100549553294,0.002344402842321201,0.0023864199963559364
time_1m,5,common_shape_separate_level,0.5900000000000001,0.5900000000000001,0.6,0.6,2.6490427209874943,2.547024989673598,1.0169491525423726,1.0169491525423726,0.0025859818534579725,0.002272702955253157,0.0024343870757575063
time_1m,5,separate_shape_and_level,0.5900000000000001,0.5900000000000001,0.6,0.6,2.6490427209874943,2.547024989673598,1.0169491525423726,1.0169491525423726,0.0025859818534579725,0.002272702955253157,0.0024343870757575063
time_2m,1,common_shape_and_level,0.52,0.52,0.7000000000000001,0.7000000000000001,4.656648675406982,4.656648675406982,1.3461538461538463,1.3461538461538463,0.005188657940095835,0.005318784746326063,0.005254124208518026
time_2m,1,common_shape_separate_level,0.53,0.53,0.71,0.71,5.185587447669361,4.824769821575407,1.3396226415094339,1.3396226415094339,0.004489375472765948,0.005995094870986709,0.005296019951227696
time_2m,1,separate_shape_and_level,0.51,0.54,0.72,0.6900000000000001,5.38646625834794,4.328885337167398,1.4117647058823528,1.277777777777778,0.0046935314125973624,0.0059459318874677735,0.005356460731277896
time_2m,2,common_shape_and_level,0.5700000000000001,0.5700000000000001,0.6900000000000001,0.6900000000000001,4.811919978133287,4.811919978133287,1.2105263157894737,1.2105263157894737,0.0036445763328839843,0.0033117043406697263,0.003482120208021887
time_2m,2,common_shape_separate_level,0.5700000000000001,0.5700000000000001,0.7000000000000001,0.7000000000000001,5.2311179913344805,4.990988204114449,1.2280701754385965,1.2280701754385965,0.0032258528401331193,0.003627781108116773,0.0034327046417223163
time_2m,2,separate_shape_and_level,0.56,0.5700000000000001,0.7000000000000001,0.6900000000000001,5.172786520819753,4.702882418218158,1.25,1.2105263157894737,0.0033001212453964927,0.003619406496339355,0.003463445078246573
time_2m,3,common_shape_and_level,0.5900000000000001,0.5900000000000001,0.68,0.68,4.671952316758927,4.671952316758927,1.152542372881356,1.152542372881356,0.003124103282053539,0.003145907272262108,0.0031350242329692855
time_2m,3,common_shape_separate_level,0.5900000000000001,0.5900000000000001,0.68,0.68,4.775151211819232,4.572213773478881,1.152542372881356,1.152542372881356,0.0030011272926841227,0.0032117682584263227,0.0031082326467567053
time_2m,3,separate_shape_and_level,0.5800000000000001,0.6000000000000001,0.6900000000000001,0.68,5.012596358267114,4.622580893996204,1.1896551724137931,1.1333333333333333,0.003175261011567341,0.003130582222470749,0.0031530007566784334
time_2m,4,common_shape_and_level,0.6100000000000001,0.6100000000000001,0.66,0.66,4.233376260839329,4.233376260839329,1.081967213114754,1.081967213114754,0.0031258795937376496,0.003890194180192362,0.0035287911523741366
time_2m,4,common_shape_separate_level,0.6100000000000001,0.6100000000000001,0.66,0.66,4.319268764111056,4.1496796082424865,1.081967213114754,1.081967213114754,0.003419848538236721,0.003534354738447921,0.003477572964128079
time_2m,4,separate_shape_and_level,0.6000000000000001,0.6200000000000001,0.67,0.66,4.534905991276965,4.194764653625303,1.1166666666666665,1.064516129032258,0.0035607119051005013,0.0035097456217667495,0.0035353206078540676
time_2m,5,common_shape_and_level,0.6000000000000001,0.6000000000000001,0.64,0.64,3.6366949660563823,3.6366949660563823,1.0666666666666664,1.0666666666666664,0.0036109507403994045,0.0037353136862885404,0.0036736585024036658
time_2m,5,common_shape_separate_level,0.6000000000000001,0.6000000000000001,0.64,0.64,3.7143507730648953,3.5609235643013952,1.0666666666666664,1.0666666666666664,0.003958234179711947,0.003532028885704133,0.0037511895360597476
time_2m,5,separate_shape_and_level,0.6000000000000001,0.6100000000000001,0.64,0.64,3.7143507730648953,3.5992429917546342,1.0666666666666664,1.0491803278688523,0.003958234179711947,0.0035455881135290747,0.0037575798655676354
time_5m,1,common_shape_and_level,0.53,0.53,0.78,0.78,7.380435814267817,7.380435814267817,1.471698113207547,1.471698113207547,0.007756437378043515,0.008565998321022433,0.008171249844279322
time_5m,1,common_shape_separate_level,0.53,0.53,0.78,0.78,7.658387660554306,7.127309779402927,1.471698113207547,1.471698113207547,0.006811856416832477,0.00978100800443008,0.008428211715016036
time_5m,1,separate_shape_and_level,0.5,0.5700000000000001,0.79,0.78,7.7217735655363535,7.535734845906663,1.58,1.3684210526315788,0.007344141741301407,0.009536633763875329,0.008511280792648443
time_5m,2,common_shape_and_level,0.5700000000000001,0.5700000000000001,0.77,0.77,7.709400308910175,7.709400308910175,1.3508771929824561,1.3508771929824561,0.005257913214844173,0.005350591873970584,0.005304454956761959
time_5m,2,common_shape_separate_level,0.5700000000000001,0.5700000000000001,0.77,0.77,7.87088514126855,7.55886889868207,1.3508771929824561,1.3508771929824561,0.0048054646588016215,0.0055220586296658505,0.005176177262056356
time_5m,2,separate_shape_and_level,0.55,0.6000000000000001,0.77,0.77,7.649485599039094,7.883537056907346,1.4,1.2833333333333332,0.005064478777408227,0.005095171494481568,0.005079848316878953
time_5m,3,common_shape_and_level,0.5900000000000001,0.5900000000000001,0.75,0.75,7.180319230829256,7.180319230829256,1.2711864406779658,1.2711864406779658,0.004405283074719113,0.004730931110709368,0.004571007992920405
time_5m,3,common_shape_separate_level,0.5900000000000001,0.5900000000000001,0.75,0.75,7.328290197151512,7.03903487723255,1.2711864406779658,1.2711864406779658,0.004241871699596621,0.0047257207537081325,0.004490318037615291
time_5m,3,separate_shape_and_level,0.5700000000000001,0.6100000000000001,0.75,0.75,7.125869547034396,7.2368857845374945,1.3157894736842104,1.2295081967213113,0.0044055297502938965,0.004484989012829452,0.00444543692036708
time_5m,4,common_shape_and_level,0.6000000000000001,0.6000000000000001,0.74,0.74,6.906499701101239,6.906499701101239,1.2333333333333332,1.2333333333333332,0.005946583319659163,0.007835827599708549,0.006955646891195772
time_5m,4,common_shape_separate_level,0.6000000000000001,0.6000000000000001,0.74,0.74,7.043901553650962,6.774256311545,1.2333333333333332,1.2333333333333332,0.006566822329110309,0.007142549152991961,0.0068607275089821165
time_5m,4,separate_shape_and_level,0.5800000000000001,0.6200000000000001,0.73,0.74,6.5150716641076745,6.962958744719865,1.2586206896551722,1.193548387096774,0.006482666132348505,0.007103423318914022,0.0068001317278119635
time_5m,5,common_shape_and_level,0.5900000000000001,0.5900000000000001,0.72,0.72,5.980767376175107,5.980767376175107,1.2203389830508473,1.2203389830508473,0.007382823688993067,0.0066396447653177025,0.007021074285049545
time_5m,5,common_shape_separate_level,0.5900000000000001,0.5900000000000001,0.72,0.72,6.115853886466923,5.850295874487891,1.2203389830508473,1.2203389830508473,0.008112634983053169,0.006023388883592142,0.0071447904101953705
time_5m,5,separate_shape_and_level,0.5700000000000001,0.6100000000000001,0.71,0.72,5.658434230790878,6.010939856259737,1.2456140350877192,1.1803278688524588,0.008105873982526131,0.006112263650069775,0.007178612677549831
