window_minutes,kind,horizon_minutes,decile,mean_future_bps,se_bps,observations,mean_feature
15,raw,5,1,0.408771154866583,0.11059409193433706,35914,-1.7051238057352194
15,raw,5,2,0.08594519756658747,0.08167049388489246,35913,-0.5479339491797428
15,raw,5,3,0.11674938186085972,0.07424386597594322,35914,-0.295438307668526
15,raw,5,4,0.14852344835954132,0.06805057044403011,35913,-0.1487037203662187
15,raw,5,5,0.024350163750548933,0.07249246926708168,35914,-0.040862307989158665
15,raw,5,6,-0.06704613490585787,0.07521428784900254,35914,0.05477340260576961
15,raw,5,7,-0.051653131872059506,0.07356616884568296,35913,0.1592181958783595
15,raw,5,8,0.00897341374382146,0.07639275078201042,35913,0.3013492592553081
15,raw,5,9,-0.15104227055931593,0.07540526128038239,35914,0.5478119217782672
15,raw,5,10,-0.10764701684212202,0.10202025255268761,35914,1.6735901994238553
15,raw,15,1,0.8232427225471973,0.23156135676370593,35914,-1.7051238057352194
15,raw,15,2,0.5079208267648577,0.17110886962589475,35913,-0.5479339491797428
15,raw,15,3,0.3289219038771527,0.14741746336037034,35914,-0.295438307668526
15,raw,15,4,0.23534188343287754,0.14376265319575826,35913,-0.1487037203662187
15,raw,15,5,0.075317412456126,0.14010019611623148,35914,-0.040862307989158665
15,raw,15,6,-0.1194870839431362,0.15954598900172973,35913,0.05477340260576961
15,raw,15,7,-0.17608896430303483,0.14062206580718617,35913,0.1592181958783595
15,raw,15,8,-0.1421253454208553,0.1541613432313903,35913,0.3013492592553081
15,raw,15,9,-0.3880116013803606,0.15596082398966754,35913,0.5478119217782672
15,raw,15,10,0.10306679042708075,0.22954045018086636,35914,1.6735901994238553
15,raw,30,1,1.0749209268664446,0.36562873210762215,35914,-1.7051238057352194
15,raw,30,2,0.8653713319122315,0.275224295534555,35910,-0.5479339491797428
15,raw,30,3,0.6163544568833706,0.24028336222204894,35914,-0.295438307668526
15,raw,30,4,0.4309382183462579,0.2365139020698243,35913,-0.1487037203662187
15,raw,30,5,0.1983521838813027,0.22857490168426303,35914,-0.040862307989158665
15,raw,30,6,-0.07445153337508312,0.24524854422139147,35913,0.05477340260576961
15,raw,30,7,-0.1015620289368544,0.21524838846854807,35913,0.1592181958783595
15,raw,30,8,-0.0065684824233133736,0.2334225733257087,35913,0.3013492592553081
15,raw,30,9,-0.5635174073314543,0.24735374253687464,35913,0.5478119217782672
15,raw,30,10,0.0558673226898242,0.36037914799341936,35914,1.6735901994238553
15,residual,5,1,0.35374200907989223,0.11682687763816874,35914,-1.1350785029912234
15,residual,5,2,0.03580663270344998,0.08252057025371051,35913,-0.43746019422430094
15,residual,5,3,0.04130962975643686,0.07095833369737262,35914,-0.25775915805404687
15,residual,5,4,0.03138190417600778,0.08155857501680906,35913,-0.13888502947281103
15,residual,5,5,0.04941528030473417,0.075238532255334,35914,-0.04139208568134918
15,residual,5,6,-0.06755259839436005,0.07110937924397565,35914,0.049277633991475236
15,residual,5,7,0.012486469488497883,0.07059596714316224,35913,0.14525558787110374
15,residual,5,8,-0.04608271693758373,0.07369244410937761,35913,0.26247629904656944
15,residual,5,9,-0.040717710832912576,0.08149715663590605,35914,0.4405463786494826
15,residual,5,10,0.04613090175060404,0.10587141708160733,35914,1.1130143759456648
15,residual,15,1,0.6005761747524412,0.24091601577202998,35914,-1.1350785029912234
15,residual,15,2,0.19694935667064806,0.17556345489084124,35913,-0.43746019422430094
15,residual,15,3,-0.09714078107700627,0.14669383185557858,35913,-0.25775915805404687
15,residual,15,4,0.019803494070251837,0.13241933097831535,35913,-0.13888502947281103
15,residual,15,5,0.07509362285988574,0.13860157374911894,35914,-0.04139208568134918
15,residual,15,6,0.08372463893326945,0.1387231270664113,35914,0.049277633991475236
15,residual,15,7,0.06541175101539581,0.13465054074562802,35913,0.14525558787110374
15,residual,15,8,0.08556113052908172,0.14323459925053547,35913,0.26247629904656944
15,residual,15,9,0.026912655577250196,0.166646355450497,35913,0.4405463786494826
15,residual,15,10,0.19121708050775427,0.22634239661919725,35914,1.1130143759456648
15,residual,30,1,0.5813449086093783,0.3800994800506836,35914,-1.1350785029912234
15,residual,30,2,0.5877404359536699,0.27314136383896886,35913,-0.43746019422430094
15,residual,30,3,0.14563865552538752,0.23905646282873805,35913,-0.25775915805404687
15,residual,30,4,0.18005850177839083,0.2246361644094214,35913,-0.13888502947281103
15,residual,30,5,0.14379663215745364,0.2188538009949486,35914,-0.04139208568134918
15,residual,30,6,0.3841713864110602,0.21441723073053798,35914,0.049277633991475236
15,residual,30,7,0.061379724310333054,0.23370363579737866,35913,0.14525558787110374
15,residual,30,8,0.09632166403858454,0.23236916214369713,35913,0.26247629904656944
15,residual,30,9,0.13622328903843753,0.2591311540036632,35913,0.4405463786494826
15,residual,30,10,0.17899075327945446,0.363753362856234,35911,1.1130143759456648
60,raw,5,1,0.22812790226950636,0.16087854533499046,35914,-1.806240541506768
60,raw,5,2,0.14940852290380663,0.09301850265598477,35913,-0.6190518124540284
60,raw,5,3,-0.025808245326388486,0.0759564342288626,35914,-0.34047080027948134
60,raw,5,4,0.1143664957808125,0.07624245544479413,35913,-0.17245819001109372
60,raw,5,5,0.10905582891656858,0.08175254473593996,35914,-0.04479949624366334
60,raw,5,6,-0.020467075370359595,0.07842993681349016,35914,0.0706336599810389
60,raw,5,7,-0.10619863243110576,0.07759221060010632,35913,0.1948873585219749
60,raw,5,8,0.05102583483285985,0.07838958908480957,35913,0.3539616046618139
60,raw,5,9,-0.04247199848820343,0.08391480936045359,35914,0.6158665541045891
60,raw,5,10,-0.041113958964616754,0.13977266154605436,35914,1.7459383677746956
60,raw,15,1,0.4089020565395913,0.35715849177705933,35914,-1.806240541506768
60,raw,15,2,0.38593446757203653,0.20330722249044927,35913,-0.6190518124540284
60,raw,15,3,0.07536624070765786,0.1733194404985376,35914,-0.34047080027948134
60,raw,15,4,0.30618947287603493,0.1599247901125728,35913,-0.17245819001109372
60,raw,15,5,0.043499332066574116,0.16450995596205148,35914,-0.04479949624366334
60,raw,15,6,0.09455268398202538,0.15729832729048823,35914,0.0706336599810389
60,raw,15,7,-0.10022973713734165,0.1705635234904397,35913,0.1948873585219749
60,raw,15,8,0.02592245319940525,0.17291540136275185,35912,0.3539616046618139
60,raw,15,9,-0.1570101101847618,0.18045860944499653,35913,0.6158665541045891
60,raw,15,10,0.16498753323241666,0.32447472722660503,35914,1.7459383677746956
60,raw,30,1,0.9981481824664048,0.5926911853873326,35914,-1.806240541506768
60,raw,30,2,0.2939110370788015,0.33391039034689,35913,-0.6190518124540284
60,raw,30,3,0.44842964526246426,0.28722784920179956,35914,-0.34047080027948134
60,raw,30,4,0.40064279592304636,0.2752677425422701,35913,-0.17245819001109372
60,raw,30,5,0.06412643704998822,0.2702743020535234,35914,-0.04479949624366334
60,raw,30,6,0.30023527106798154,0.24863539633402323,35914,0.0706336599810389
60,raw,30,7,-0.05609435196665468,0.2782514759789299,35912,0.1948873585219749
60,raw,30,8,0.1467978361985931,0.26719136319473397,35910,0.3539616046618139
60,raw,30,9,-0.2669762861765914,0.3077852143465102,35913,0.6158665541045891
60,raw,30,10,0.16642194614212716,0.5423123384545223,35914,1.7459383677746956
60,residual,5,1,0.1294050121470849,0.14650129069816223,35914,-1.1768847722026086
60,residual,5,2,-0.049699537919193605,0.09314238526167189,35913,-0.4605634497000953
60,residual,5,3,0.084526482965944,0.08579677569374225,35914,-0.26918686620214893
60,residual,5,4,0.168145914390342,0.08060559814627247,35913,-0.14194420021285892
60,residual,5,5,-0.04666848568865996,0.08054170579939951,35914,-0.03872153928028617
60,residual,5,6,-0.06359348942103009,0.07860818606605681,35914,0.05746747490169142
60,residual,5,7,-0.029083763303911568,0.07440051280301267,35913,0.1581205542935999
60,residual,5,8,0.11000187859966035,0.07303588474866968,35913,0.28007678274123415
60,residual,5,9,-0.02964902423041086,0.09478100168035407,35914,0.46308149937627985
60,residual,5,10,0.14253942936499703,0.1431196953889603,35914,1.1285499411804263
60,residual,15,1,0.24090395188026795,0.3288635363648024,35914,-1.1768847722026086
60,residual,15,2,-0.05366843890025332,0.19963545974371746,35913,-0.4605634497000953
60,residual,15,3,0.21273852208425803,0.1730999981257352,35914,-0.26918686620214893
60,residual,15,4,0.11641512245541152,0.17122987148558863,35913,-0.14194420021285892
60,residual,15,5,0.10837781834598101,0.17313452201159757,35914,-0.03872153928028617
60,residual,15,6,-0.049136450684655435,0.15434143002189937,35914,0.05746747490169142
60,residual,15,7,0.034218252984585945,0.15530908470294963,35913,0.1581205542935999
60,residual,15,8,0.18372526225610653,0.15742290225870673,35913,0.28007678274123415
60,residual,15,9,-0.007920577278510702,0.19439276827248977,35914,0.46308149937627985
60,residual,15,10,0.46248094761696024,0.3113880167088218,35912,1.1285499411804263
60,residual,30,1,0.5990095706293013,0.5590555215200949,35914,-1.1768847722026086
60,residual,30,2,0.2446456841741093,0.32880094479441685,35913,-0.4605634497000953
60,residual,30,3,0.46825694837555526,0.28388344666082777,35914,-0.26918686620214893
60,residual,30,4,0.26021698055862036,0.2908240198161674,35913,-0.14194420021285892
60,residual,30,5,0.15424627647027492,0.2700510177568075,35914,-0.03872153928028617
60,residual,30,6,-0.13990386504803878,0.25766201747331907,35914,0.05746747490169142
60,residual,30,7,-0.029407686989386915,0.2521194526594933,35913,0.1581205542935999
60,residual,30,8,0.10439636386641354,0.2741872768019024,35913,0.28007678274123415
60,residual,30,9,0.21902933547619105,0.32159309132439207,35914,0.46308149937627985
60,residual,30,10,0.6152295725436635,0.49520952281755726,35909,1.1285499411804263
240,raw,5,1,0.14408997232198908,0.18919429700509222,35914,-1.9291066877581848
240,raw,5,2,0.1601036153707675,0.1450391515313805,35913,-0.6828706950529726
240,raw,5,3,-0.07687267162094218,0.11917066282245568,35914,-0.37688175375860317
240,raw,5,4,0.06803037150951759,0.12431753693293081,35913,-0.19255104448741173
240,raw,5,5,0.044968611036027145,0.09819592412647052,35914,-0.04869297541532576
240,raw,5,6,-0.03549911097574513,0.09504684978322198,35913,0.08413652061718993
240,raw,5,7,0.012858151669444085,0.10580148376431847,35914,0.22514342250726385
240,raw,5,8,-0.09109342580422754,0.1273943316833548,35913,0.39887037815496856
240,raw,5,9,-0.02358077703836649,0.14607615437383922,35914,0.687222392894231
240,raw,5,10,0.21291695662275723,0.27436802011652134,35914,1.8410101241461476
240,raw,15,1,0.27786807653277495,0.43536445512569355,35914,-1.9291066877581848
240,raw,15,2,0.3519763391812538,0.3384350263999327,35913,-0.6828706950529726
240,raw,15,3,-0.07629053196735135,0.28789884107598823,35914,-0.37688175375860317
240,raw,15,4,0.036637486580590996,0.25413624543869895,35913,-0.19255104448741173
240,raw,15,5,0.11672622707621916,0.22978817675748892,35914,-0.04869297541532576
240,raw,15,6,0.02183255603273879,0.20649961040421694,35913,0.08413652061718993
240,raw,15,7,0.12307142479799983,0.2572202323083433,35914,0.22514342250726385
240,raw,15,8,-0.30066878518416484,0.2821212209775607,35913,0.39887037815496856
240,raw,15,9,0.037909631923783736,0.30168061795540757,35912,0.687222392894231
240,raw,15,10,0.6590435830677684,0.5283913447561082,35914,1.8410101241461476
240,raw,30,1,0.48120638455697085,0.6758559924244155,35914,-1.9291066877581848
240,raw,30,2,0.38973209953733295,0.5787231621925168,35913,-0.6828706950529726
240,raw,30,3,-0.3225996761604958,0.4929234244171278,35914,-0.37688175375860317
240,raw,30,4,0.11723498688984128,0.4226773815973493,35913,-0.19255104448741173
240,raw,30,5,0.19909073123098514,0.3939230040998268,35914,-0.04869297541532576
240,raw,30,6,0.2477675101144929,0.3584223094302871,35913,0.08413652061718993
240,raw,30,7,0.2651971463117291,0.43770493671633565,35914,0.22514342250726385
240,raw,30,8,-0.39628165240676394,0.4306552050886233,35913,0.39887037815496856
240,raw,30,9,0.1482735320930025,0.5209108177039987,35909,0.687222392894231
240,raw,30,10,1.3660269428993617,0.8171042836074661,35914,1.8410101241461476
240,residual,5,1,0.07233894268218592,0.19175868787528666,35914,-1.7885802812433964
240,residual,5,2,0.14238572371590394,0.14482077799166077,35913,-0.6520588487614388
240,residual,5,3,-0.14421966909816866,0.11453845142640216,35914,-0.3674615199928738
240,residual,5,4,0.010191843867113906,0.1086478728326477,35913,-0.19326791053188744
240,residual,5,5,0.0875119034828886,0.11426731941418485,35914,-0.05111149168877682
240,residual,5,6,0.012801860859368701,0.09630216092941771,35914,0.08124704238500727
240,residual,5,7,0.08446217769235666,0.09886021171589202,35913,0.21946937059764776
240,residual,5,8,-0.058412643138372,0.09939721205539907,35913,0.3883985009707624
240,residual,5,9,-0.05146325714971098,0.12106891962944012,35914,0.656773024698919
240,residual,5,10,0.260326956573268,0.16894936284874792,35914,1.706585501690802
240,residual,15,1,0.2234445373866565,0.42550190827007045,35914,-1.7885802812433964
240,residual,15,2,0.23192081733153935,0.330993468471253,35913,-0.6520588487614388
240,residual,15,3,-0.31119382198557255,0.26938968561501037,35914,-0.3674615199928738
240,residual,15,4,0.1126526335357284,0.24055236981916744,35913,-0.19326791053188744
240,residual,15,5,0.24060776300832243,0.2379042960613818,35914,-0.05111149168877682
240,residual,15,6,0.03379005759188983,0.20672077732647134,35914,0.08124704238500727
240,residual,15,7,0.08087355436359657,0.20508815243821685,35913,0.21946937059764776
240,residual,15,8,-0.04777138345026164,0.30751507381657883,35913,0.3883985009707624
240,residual,15,9,-0.07610951910863935,0.24856765102382872,35914,0.656773024698919
240,residual,15,10,0.7599390375990308,0.3850991894059866,35912,1.706585501690802
240,residual,30,1,0.4491431418831002,0.6721065613212076,35914,-1.7885802812433964
240,residual,30,2,0.2022046624429251,0.53228075523856,35913,-0.6520588487614388
240,residual,30,3,-0.49857987208939986,0.46212539476307857,35914,-0.3674615199928738
240,residual,30,4,0.05579145573456233,0.4366757025543705,35913,-0.19326791053188744
240,residual,30,5,0.3186702549215914,0.38883701548761246,35914,-0.05111149168877682
240,residual,30,6,0.15667755453801882,0.34789833331196934,35914,0.08124704238500727
240,residual,30,7,0.23308627607296434,0.34736404883078864,35913,0.21946937059764776
240,residual,30,8,-0.023990081519933332,0.3861679095527127,35913,0.3883985009707624
240,residual,30,9,0.04150596745937203,0.44892873834714714,35914,0.656773024698919
240,residual,30,10,1.561338399582883,0.6384176104152219,35909,1.706585501690802
