side,fill_delay,horizon_minutes,share,mean_signed_future_bps,se_bps
buy,1s,5,0.5152337833021474,-0.6050567025675005,0.03399683231672881
buy,2-5s,5,0.14418493272743474,-0.8776913739544927,0.06232812184085057
buy,6-15s,5,0.08769658291009534,-0.9825814202047651,0.07965533893273335
buy,16-60s,5,0.09788492381716118,-1.4201264003020033,0.09243892315615232
buy,unfilled,5,0.15499977724316136,4.548818621102522,0.10983793705211804
buy,1s,15,0.5152337833021474,-0.5741469241388835,0.08338881964694743
buy,2-5s,15,0.14418493272743474,-0.777109897818275,0.12927333731691928
buy,6-15s,15,0.08769658291009534,-0.7681509893800134,0.14068490095210423
buy,16-60s,15,0.09788492381716118,-1.248198995131793,0.1576668689586273
buy,unfilled,15,0.15499977724316136,4.659571107282821,0.15245923078865029
buy,1s,30,0.5152337833021474,-0.47367161533503177,0.16083752855949837
buy,2-5s,30,0.14418493272743474,-0.6526972836706468,0.21218824987867183
buy,6-15s,30,0.08769658291009534,-0.6996506212944698,0.22622216544345217
buy,16-60s,30,0.09788492381716118,-1.2420882006074334,0.23675602275146954
buy,unfilled,30,0.15499977724316136,4.97207074821652,0.2273949661206762
sell,1s,5,0.503305154593246,-0.7464482102823693,0.0342951612876965
sell,2-5s,5,0.151048627817874,-0.7779494548645121,0.061305367238422434
sell,6-15s,5,0.0926000178205471,-1.0540235730372332,0.07738698482104463
sell,16-60s,5,0.09789884611957587,-1.4417149536762535,0.07754036925331625
sell,unfilled,5,0.155147353648757,4.4496531557390915,0.1114910272623007
sell,1s,15,0.503305154593246,-0.8976144526514769,0.08509649406812597
sell,2-5s,15,0.151048627817874,-0.9415909209735668,0.11965680000051356
sell,6-15s,15,0.0926000178205471,-0.9702755664422791,0.1453910181509792
sell,16-60s,15,0.09789884611957587,-1.2854809251217285,0.1502908493871823
sell,unfilled,15,0.155147353648757,4.4143721595538095,0.1652615088713543
sell,1s,30,0.503305154593246,-1.0794696089659872,0.16019662535127316
sell,2-5s,30,0.151048627817874,-1.252862664797657,0.1907151876651579
sell,6-15s,30,0.0926000178205471,-1.0089023924428393,0.2246993353832703
sell,16-60s,30,0.09789884611957587,-1.2117971941866545,0.22842152182379252
sell,unfilled,30,0.155147353648757,4.479869265135893,0.2576208748644588
