split,value,window_minutes,kind,horizon_minutes,months,mean_ic,ic_t
vol_tercile,1,15,raw,5,41,-0.04086523519340238,-12.600673010065735
vol_tercile,1,15,raw,15,41,-0.047408968346354635,-14.103720525370706
vol_tercile,1,15,raw,30,41,-0.04316027996505724,-13.251539781611385
vol_tercile,1,15,residual,5,41,0.010255587820453766,3.165819098493804
vol_tercile,1,15,residual,15,41,0.018534052001455026,4.560502688564945
vol_tercile,1,15,residual,30,41,0.01976397445736166,5.622494452648774
vol_tercile,1,60,raw,5,41,-0.0338607875619998,-15.175571759084441
vol_tercile,1,60,raw,15,41,-0.04063932547011091,-12.887383141939555
vol_tercile,1,60,raw,30,41,-0.042359844386059026,-9.795124119939548
vol_tercile,1,60,residual,5,41,0.013696869599210772,5.642765132393936
vol_tercile,1,60,residual,15,41,0.020880594946030874,6.151452229656831
vol_tercile,1,60,residual,30,41,0.01887405032863309,4.65486993549255
vol_tercile,1,240,raw,5,41,-0.020852647650208927,-12.864433604714913
vol_tercile,1,240,raw,15,41,-0.02698895439800758,-9.85246433906254
vol_tercile,1,240,raw,30,41,-0.02917740808928699,-7.970585089200726
vol_tercile,1,240,residual,5,41,0.0018408641356062224,1.0769687753326387
vol_tercile,1,240,residual,15,41,0.00010881691520135311,0.03488040029920617
vol_tercile,1,240,residual,30,41,-0.002881098677235665,-0.689322814731892
vol_tercile,2,15,raw,5,33,-0.03663864542868748,-5.8796728844488815
vol_tercile,2,15,raw,15,33,-0.030849992667186348,-3.663604697714015
vol_tercile,2,15,raw,30,33,-0.033937141929807964,-3.9944242420919553
vol_tercile,2,15,residual,5,33,-0.005843748565603338,-1.1080153945977318
vol_tercile,2,15,residual,15,33,-0.004379799536953411,-0.5515609433983076
vol_tercile,2,15,residual,30,33,-0.004634764615575872,-0.5383995201868508
vol_tercile,2,60,raw,5,33,-0.03475926189772909,-5.782723921196154
vol_tercile,2,60,raw,15,33,-0.044181152707133915,-4.636400068435919
vol_tercile,2,60,raw,30,33,-0.05455943269740373,-4.449638485155431
vol_tercile,2,60,residual,5,33,-0.003240928357423166,-0.473498915126031
vol_tercile,2,60,residual,15,33,-0.007130005417624584,-0.6890606016733674
vol_tercile,2,60,residual,30,33,-0.016198011992318972,-1.202566835309507
vol_tercile,2,240,raw,5,33,-0.02777288895565922,-5.401386546727066
vol_tercile,2,240,raw,15,33,-0.0414558539958849,-4.572807970750399
vol_tercile,2,240,raw,30,33,-0.05100584426474557,-4.286145504096037
vol_tercile,2,240,residual,5,33,-0.009102600611517454,-1.831013881608357
vol_tercile,2,240,residual,15,33,-0.018715693449049466,-2.2621679954326486
vol_tercile,2,240,residual,30,33,-0.023351086734808117,-2.231213140848073
vol_tercile,3,15,raw,5,26,-0.03912900026033102,-4.375743591075481
vol_tercile,3,15,raw,15,26,-0.045303374042770454,-3.6043808651716245
vol_tercile,3,15,raw,30,26,-0.055063580400240994,-4.035576223026471
vol_tercile,3,15,residual,5,26,-0.018930477740094098,-2.2378871884746796
vol_tercile,3,15,residual,15,26,-0.018005217365550285,-1.4461765144955896
vol_tercile,3,15,residual,30,26,-0.03126122055432528,-2.1667663461546223
vol_tercile,3,60,raw,5,26,-0.047815967098483673,-4.9045551891179535
vol_tercile,3,60,raw,15,26,-0.06577415248169938,-4.099353136193205
vol_tercile,3,60,raw,30,26,-0.07698610828542034,-3.652285306476937
vol_tercile,3,60,residual,5,26,-0.028405491397590684,-2.6437867755835187
vol_tercile,3,60,residual,15,26,-0.04130374561495171,-2.238589250543002
vol_tercile,3,60,residual,30,26,-0.04945852956767183,-2.4292224391737247
vol_tercile,3,240,raw,5,26,-0.01876185986721748,-2.3282945318328916
vol_tercile,3,240,raw,15,26,-0.03075309290988734,-2.5777120820319244
vol_tercile,3,240,raw,30,26,-0.04346092512158766,-2.699043384373408
vol_tercile,3,240,residual,5,26,-0.0030550971504074687,-0.3780660115827944
vol_tercile,3,240,residual,15,26,-0.009902680740203448,-0.8013428991710018
vol_tercile,3,240,residual,30,26,-0.020418159106886553,-1.312781942513824
year,2023,15,raw,5,12,-0.05669296672838841,-8.479676371219847
year,2023,15,raw,15,12,-0.06297501086246808,-13.136392628574649
year,2023,15,raw,30,12,-0.06416827156798417,-21.26658683702433
year,2023,15,residual,5,12,0.00393135601388085,0.6528184374033864
year,2023,15,residual,15,12,0.010971931919235062,1.9426003273333923
year,2023,15,residual,30,12,0.011455643057968283,1.779098025041005
year,2023,60,raw,5,12,-0.04982725459899654,-17.043967158538752
year,2023,60,raw,15,12,-0.0596992854547812,-11.719259397973783
year,2023,60,raw,30,12,-0.06722035648303903,-11.983496652258047
year,2023,60,residual,5,12,0.008111335049695039,1.976459240286579
year,2023,60,residual,15,12,0.014499191443757,2.038897462357147
year,2023,60,residual,30,12,0.008766770253167619,1.010499930022904
year,2023,240,raw,5,12,-0.02508444069538306,-13.953395101012813
year,2023,240,raw,15,12,-0.0349777134820464,-12.058745779350993
year,2023,240,raw,30,12,-0.04186988181602452,-10.469637135034853
year,2023,240,residual,5,12,0.00316153890549001,1.2429479139839998
year,2023,240,residual,15,12,-0.0019975774124825645,-0.48168561484354444
year,2023,240,residual,30,12,-0.00679171128471073,-1.2087996764527122
year,2024,15,raw,5,12,-0.03226174930569638,-6.953352767579382
year,2024,15,raw,15,12,-0.03700654270864768,-6.218602371555156
year,2024,15,raw,30,12,-0.031052707710023515,-6.20935423290957
year,2024,15,residual,5,12,0.0031995988643646004,0.9927281948249957
year,2024,15,residual,15,12,0.008012831371826233,2.21950393271954
year,2024,15,residual,30,12,0.006101087257346513,2.287481539774204
year,2024,60,raw,5,12,-0.030530841396128175,-8.253844945665264
year,2024,60,raw,15,12,-0.03906152880980413,-8.926599155371688
year,2024,60,raw,30,12,-0.04304232571988268,-6.124611313810269
year,2024,60,residual,5,12,0.003984085741714217,1.5481561459403634
year,2024,60,residual,15,12,0.00813120340854491,2.090586373130282
year,2024,60,residual,30,12,0.008888983713488284,1.2665428330677164
year,2024,240,raw,5,12,-0.018682483574884882,-7.204391951561465
year,2024,240,raw,15,12,-0.02564403126149835,-5.954288335036899
year,2024,240,raw,30,12,-0.028415281015211125,-5.388643030986684
year,2024,240,residual,5,12,-0.002215572375825857,-0.931798336901316
year,2024,240,residual,15,12,-0.004669574406284988,-1.0153762156138217
year,2024,240,residual,30,12,-0.006029530799801164,-1.062790734189004
year,2025,15,raw,5,12,-0.029363770643887982,-11.78704153930367
year,2025,15,raw,15,12,-0.03356604468177515,-9.229914805899027
year,2025,15,raw,30,12,-0.031858807275404306,-6.430499900209228
year,2025,15,residual,5,12,0.0020395856408561655,0.904984772152017
year,2025,15,residual,15,12,0.00644992670316517,1.7824223996317503
year,2025,15,residual,30,12,0.007523688562405307,2.215051645995826
year,2025,60,raw,5,12,-0.01960051148854738,-6.327842186313261
year,2025,60,raw,15,12,-0.020657325757081974,-5.390880144706167
year,2025,60,raw,30,12,-0.019504347795817688,-3.656223880846166
year,2025,60,residual,5,12,0.005892573508686184,2.2522639326079354
year,2025,60,residual,15,12,0.008592184950888322,3.2200467893186877
year,2025,60,residual,30,12,0.00798633786754229,2.6022540962777394
year,2025,240,raw,5,12,-0.013046300376812647,-5.49701307313579
year,2025,240,raw,15,12,-0.014892166305832115,-2.9601625191222594
year,2025,240,raw,30,12,-0.012927670081640053,-1.9499932583729251
year,2025,240,residual,5,12,-0.001490538707908956,-0.5195366172223165
year,2025,240,residual,15,12,-0.002019497927172559,-0.40003557710623744
year,2025,240,residual,30,12,-0.0011155204488947463,-0.15538613295418485
year,2026,15,raw,5,5,-0.03158231767613189,-4.980866425468937
year,2026,15,raw,15,5,-0.04035632072126775,-5.069520162305777
year,2026,15,raw,30,5,-0.03784045331423769,-5.254921636230655
year,2026,15,residual,5,5,0.011562822775394652,1.687958845565593
year,2026,15,residual,15,5,0.010761885882826703,1.5064487545948153
year,2026,15,residual,30,5,0.01374919627166087,1.6981216763179794
year,2026,60,raw,5,5,-0.028524092252241375,-5.826020141243168
year,2026,60,raw,15,5,-0.03353216549748043,-4.046794487645178
year,2026,60,raw,30,5,-0.030184288980429307,-3.1855190739856574
year,2026,60,residual,5,5,0.014545753897285305,2.443237146727995
year,2026,60,residual,15,5,0.014298190450591044,2.2408867489397095
year,2026,60,residual,30,5,0.010353154759095684,1.011506118805577
year,2026,240,raw,5,5,-0.020764053101117848,-2.385262153122518
year,2026,240,raw,15,5,-0.03041462496836912,-2.364969912362276
year,2026,240,raw,30,5,-0.031887086370537554,-2.0374251946866715
year,2026,240,residual,5,5,-0.000551742053513439,-0.05104985902157412
year,2026,240,residual,15,5,-0.009122778823830072,-0.6189597824799936
year,2026,240,residual,30,5,-0.013723631513490509,-0.8675392833100803
