period,window_minutes,horizon_minutes,mean_ic,ic_t,positive_month_fraction
2021-02..2022-12,15,5,0.00373528915751106,0.9232873455984194,0.6521739130434783
2021-02..2022-12,15,15,0.005580185086177343,0.9535959523285717,0.5652173913043478
2021-02..2022-12,15,30,0.004469321055226218,0.9730657801955507,0.4782608695652174
2021-02..2022-12,60,5,0.0054188832250512495,1.7582072806460223,0.6086956521739131
2021-02..2022-12,60,15,0.005542459252047851,1.2081052630795284,0.5217391304347826
2021-02..2022-12,60,30,0.0009103448363773147,0.17682660202917105,0.5217391304347826
2021-02..2022-12,240,5,-0.002326694017168083,-1.2607321839229597,0.391304347826087
2021-02..2022-12,240,15,-0.011383222744229612,-3.387425668880563,0.17391304347826086
2021-02..2022-12,240,30,-0.020081224250954665,-3.918127423600764,0.17391304347826086
2023-01..2026-05,15,5,0.00409416097819982,1.8414626443216582,0.5365853658536586
2023-01..2026-05,15,15,0.0087567246181671,3.7738469230957064,0.7317073170731707
2023-01..2026-05,15,30,0.009017341655876721,3.735225478141275,0.6829268292682927
2023-01..2026-05,60,5,0.007038651246038336,3.9785062476448054,0.7560975609756098
2023-01..2026-05,60,15,0.010881997802225317,4.241433606767484,0.7804878048780488
2023-01..2026-05,60,30,0.008767582336728212,2.52357071305714,0.6341463414634146
2023-01..2026-05,240,5,-0.00022667259528060598,-0.1269568026679685,0.4146341463414634
2023-01..2026-05,240,15,-0.003654968074888578,-1.2982997954555857,0.4146341463414634
2023-01..2026-05,240,30,-0.005752666048008102,-1.6148151041413195,0.4878048780487805
