symbol,member_months,net
1000PEPEUSDT,24.013157894736846,-0.03856718811703631
1000SHIBUSDT,40.131578947368425,0.03970379287017009
AAVEUSDT,29.967105263157897,0.08134577280896457
ADAUSDT,53.02631578947369,0.11860690123136716
APEUSDT,13.059210526315791,-0.06775647189662311
APTUSDT,17.993421052631582,0.035087911388730894
ARBUSDT,17.17105263157895,0.07967760755679955
ATOMUSDT,21.90789473684211,-0.06324257590603691
AVAXUSDT,52.039473684210535,-0.21624546352154142
AXSUSDT,16.907894736842106,-0.010597827206772305
BCHUSDT,43.059210526315795,0.13784289895434926
BNBUSDT,53.02631578947369,-0.047675614707825525
CRVUSDT,32.006578947368425,-0.0003659708276823534
DOGEUSDT,53.02631578947369,-0.16942917354726791
DOTUSDT,50.03289473684211,0.12739616177680652
DYDXUSDT,15.953947368421055,-0.020265226822763147
ENAUSDT,13.026315789473685,-0.053816129009563424
EOSUSDT,24.5874451754386,-0.050913227932815254
ETCUSDT,32.03947368421053,0.09189329530270687
FETUSDT,13.092105263157896,-0.009101556980080795
FILUSDT,45.823739035087726,-0.16191921374020418
FTMUSDT,29.86979166666667,0.07457723945190975
GALAUSDT,16.940789473684212,0.0910904647345313
HBARUSDT,12.006578947368423,-0.03016474285702598
INJUSDT,13.026315789473685,0.07792669114020588
LINKUSDT,53.02631578947369,-0.007260498889343332
LTCUSDT,50.823739035087726,0.14398970728330146
MASKUSDT,12.960526315789476,-0.0688984447058944
MATICUSDT,32.38349780701755,-0.05836183080343901
NEARUSDT,43.91584429824562,-0.15264309904710932
OPUSDT,22.10526315789474,-0.08699743484325219
SANDUSDT,20.75794956140351,0.02981372743337398
SUIUSDT,21.97368421052632,0.13454536017107394
TRBUSDT,15.032894736842108,0.05549901653563249
TRXUSDT,17.960526315789476,0.056930906065755606
UNIUSDT,24.967105263157897,0.02104805241542613
WIFUSDT,14.934210526315791,-0.014029057828399874
WLDUSDT,21.019736842105267,-0.1419216324261247
XRPUSDT,51.843475877192986,-0.01759489406079126
