construction,reference_4000_horizon,nominal_time_minutes,horizon_bars,period,feature,side,days,q5_minus_q1_aligned_return_bps,day_block_t_stat
event_2000,3,15,6,sandbox_test,impact_residual,buy,184,1.7330778964894333,2.0608312006673244
event_2000,3,15,6,sandbox_test,impact_residual,sell,184,1.151032004704438,1.4937738584473765
event_2000,3,15,6,sandbox_test,marginal_impact_bps_per_btc,buy,108,0.02249477114144561,0.008948823204572057
event_2000,3,15,6,sandbox_test,marginal_impact_bps_per_btc,sell,114,4.452264574666133,2.1448563247677948
event_2000,3,15,6,validation,impact_residual,buy,302,0.9395994521699278,0.8156774270143407
event_2000,3,15,6,validation,impact_residual,sell,301,-0.20741805103896893,-0.2063507494099018
event_2000,3,15,6,validation,marginal_impact_bps_per_btc,buy,176,0.05788699674603887,0.02429437909339381
event_2000,3,15,6,validation,marginal_impact_bps_per_btc,sell,190,7.026681966814285,2.79670630872672
event_2000,4,20,8,sandbox_test,impact_residual,buy,184,1.4239274482773665,1.4853846943462867
event_2000,4,20,8,sandbox_test,impact_residual,sell,184,1.0223403151662442,1.2167076571824755
event_2000,4,20,8,sandbox_test,marginal_impact_bps_per_btc,buy,108,1.3198544476391187,0.4356013904190003
event_2000,4,20,8,sandbox_test,marginal_impact_bps_per_btc,sell,114,5.092648399778951,2.0920141500834526
event_2000,4,20,8,validation,impact_residual,buy,302,1.2345232931934682,0.8960677728780122
event_2000,4,20,8,validation,impact_residual,sell,301,-1.5219867946432668,-1.2941809213672522
event_2000,4,20,8,validation,marginal_impact_bps_per_btc,buy,176,1.3033114757033013,0.48110093122293196
event_2000,4,20,8,validation,marginal_impact_bps_per_btc,sell,190,6.285786895678287,2.0107886851924452
event_2000,5,25,10,sandbox_test,impact_residual,buy,184,1.5597399493547626,1.4550695041031454
event_2000,5,25,10,sandbox_test,impact_residual,sell,184,0.5970139101002395,0.6485663244703187
event_2000,5,25,10,sandbox_test,marginal_impact_bps_per_btc,buy,108,-0.4168372027965141,-0.12554374579460728
event_2000,5,25,10,sandbox_test,marginal_impact_bps_per_btc,sell,114,5.523688681590696,1.9424846267210951
event_2000,5,25,10,validation,impact_residual,buy,302,1.2150356193013159,0.8798263278723064
event_2000,5,25,10,validation,impact_residual,sell,301,-1.997952938575883,-1.4501120746615221
event_2000,5,25,10,validation,marginal_impact_bps_per_btc,buy,176,4.164277095433496,1.2776344108404365
event_2000,5,25,10,validation,marginal_impact_bps_per_btc,sell,190,3.2222814991569875,0.846576631508991
event_2000,6,30,12,sandbox_test,impact_residual,buy,184,1.3861943828681444,1.2018471919684148
event_2000,6,30,12,sandbox_test,impact_residual,sell,184,-0.08110476834087293,-0.07797143169312144
event_2000,6,30,12,sandbox_test,marginal_impact_bps_per_btc,buy,108,1.0134644581571142,0.28665537609630143
event_2000,6,30,12,sandbox_test,marginal_impact_bps_per_btc,sell,114,7.473722401123921,2.4352480625703667
event_2000,6,30,12,validation,impact_residual,buy,302,1.2179499570014285,0.7942405882493767
event_2000,6,30,12,validation,impact_residual,sell,301,-3.2755051475121966,-2.156283666115519
event_2000,6,30,12,validation,marginal_impact_bps_per_btc,buy,176,5.156129004273123,1.421946669029377
event_2000,6,30,12,validation,marginal_impact_bps_per_btc,sell,190,2.208176102232932,0.4930676960758938
event_4000,3,15,3,sandbox_test,impact_residual,buy,184,1.8914137815347682,1.8680884316476982
event_4000,3,15,3,sandbox_test,impact_residual,sell,184,-0.7218104727511132,-0.697786087050267
event_4000,3,15,3,sandbox_test,marginal_impact_bps_per_btc,buy,108,2.8375733984092495,1.1018954461708805
event_4000,3,15,3,sandbox_test,marginal_impact_bps_per_btc,sell,112,3.234453767502606,1.6259746669355368
event_4000,3,15,3,validation,impact_residual,buy,252,0.4490332848264587,0.3141117219897331
event_4000,3,15,3,validation,impact_residual,sell,253,0.5871677348699402,0.3907870326904056
event_4000,3,15,3,validation,marginal_impact_bps_per_btc,buy,134,-4.408935288232657,-1.3178859144920199
event_4000,3,15,3,validation,marginal_impact_bps_per_btc,sell,151,5.423984734021453,1.5091166858311165
event_4000,4,20,4,sandbox_test,impact_residual,buy,184,1.9186988403129448,1.6094155642973926
event_4000,4,20,4,sandbox_test,impact_residual,sell,184,-1.8167693898457442,-1.6650772796153555
event_4000,4,20,4,sandbox_test,marginal_impact_bps_per_btc,buy,108,2.483574947679812,0.8768930514802076
event_4000,4,20,4,sandbox_test,marginal_impact_bps_per_btc,sell,112,2.922152001270369,1.203100732008976
event_4000,4,20,4,validation,impact_residual,buy,252,1.1405464643453203,0.7104514014989041
event_4000,4,20,4,validation,impact_residual,sell,253,0.04722335832450813,0.028282727813863946
event_4000,4,20,4,validation,marginal_impact_bps_per_btc,buy,134,-2.195483315143968,-0.5491336615914418
event_4000,4,20,4,validation,marginal_impact_bps_per_btc,sell,151,4.850063351349558,1.1461994220227245
event_4000,5,25,5,sandbox_test,impact_residual,buy,184,1.888872388927246,1.473908711271909
event_4000,5,25,5,sandbox_test,impact_residual,sell,184,-2.2690935569517325,-1.8298976611124633
event_4000,5,25,5,sandbox_test,marginal_impact_bps_per_btc,buy,108,3.011974767725662,0.9368577642295252
event_4000,5,25,5,sandbox_test,marginal_impact_bps_per_btc,sell,112,3.132465319208746,1.0992814224052514
event_4000,5,25,5,validation,impact_residual,buy,252,0.3266266495806489,0.17156533393154785
event_4000,5,25,5,validation,impact_residual,sell,253,-0.4232513530707123,-0.22683720482131503
event_4000,5,25,5,validation,marginal_impact_bps_per_btc,buy,134,-5.624407801154965,-1.184660699698303
event_4000,5,25,5,validation,marginal_impact_bps_per_btc,sell,151,4.825992898778269,0.9380739737516254
event_4000,6,30,6,sandbox_test,impact_residual,buy,184,2.229394503162894,1.7171349831457945
event_4000,6,30,6,sandbox_test,impact_residual,sell,184,-3.310498349282889,-2.460335415381179
event_4000,6,30,6,sandbox_test,marginal_impact_bps_per_btc,buy,108,3.9888819691975335,1.087636295997501
event_4000,6,30,6,sandbox_test,marginal_impact_bps_per_btc,sell,112,3.6854439064696907,1.1397476345124151
event_4000,6,30,6,validation,impact_residual,buy,252,-2.1092710034043023,-1.0533676462996924
event_4000,6,30,6,validation,impact_residual,sell,253,-1.9754343765858753,-0.8907635734257515
event_4000,6,30,6,validation,marginal_impact_bps_per_btc,buy,134,-7.140931527160948,-1.3674996091656328
event_4000,6,30,6,validation,marginal_impact_bps_per_btc,sell,151,3.943676769646397,0.7244969078912209
event_8000,3,15,2,sandbox_test,impact_residual,buy,181,-0.1023188901208477,-0.09202816408540032
event_8000,3,15,2,sandbox_test,impact_residual,sell,180,-2.0449555849833803,-1.6275528476975507
event_8000,3,15,2,sandbox_test,marginal_impact_bps_per_btc,buy,25,13.389088330416005,1.9831715486827133
event_8000,3,15,2,sandbox_test,marginal_impact_bps_per_btc,sell,19,3.4911861970551112,0.39319435758125787
event_8000,3,15,2,validation,impact_residual,buy,197,0.6631205944527702,0.2977452795436334
event_8000,3,15,2,validation,impact_residual,sell,201,-1.9707109542665557,-1.1398612373743446
event_8000,3,15,2,validation,marginal_impact_bps_per_btc,buy,78,14.073527812381863,2.5712437255014575
event_8000,3,15,2,validation,marginal_impact_bps_per_btc,sell,71,7.102544679678921,0.8575368788760104
event_8000,4,20,2,sandbox_test,impact_residual,buy,181,-0.1023188901208477,-0.09202816408540032
event_8000,4,20,2,sandbox_test,impact_residual,sell,180,-2.0449555849833803,-1.6275528476975507
event_8000,4,20,2,sandbox_test,marginal_impact_bps_per_btc,buy,25,13.389088330416005,1.9831715486827133
event_8000,4,20,2,sandbox_test,marginal_impact_bps_per_btc,sell,19,3.4911861970551112,0.39319435758125787
event_8000,4,20,2,validation,impact_residual,buy,197,0.6631205944527702,0.2977452795436334
event_8000,4,20,2,validation,impact_residual,sell,201,-1.9707109542665557,-1.1398612373743446
event_8000,4,20,2,validation,marginal_impact_bps_per_btc,buy,78,14.073527812381863,2.5712437255014575
event_8000,4,20,2,validation,marginal_impact_bps_per_btc,sell,71,7.102544679678921,0.8575368788760104
event_8000,5,25,3,sandbox_test,impact_residual,buy,181,-0.5506336662734247,-0.37847423845698547
event_8000,5,25,3,sandbox_test,impact_residual,sell,180,-3.4263996274985864,-2.125876313736979
event_8000,5,25,3,sandbox_test,marginal_impact_bps_per_btc,buy,25,19.742967228985137,2.270141589365096
event_8000,5,25,3,sandbox_test,marginal_impact_bps_per_btc,sell,19,8.243406084473149,0.7214872225853974
event_8000,5,25,3,validation,impact_residual,buy,197,-0.6370497441127857,-0.2776474601192889
event_8000,5,25,3,validation,impact_residual,sell,201,-2.383166386225797,-1.0617364030123473
event_8000,5,25,3,validation,marginal_impact_bps_per_btc,buy,78,17.770170283299734,2.7121717144559336
event_8000,5,25,3,validation,marginal_impact_bps_per_btc,sell,71,6.539497917152864,0.6559508463925927
event_8000,6,30,3,sandbox_test,impact_residual,buy,181,-0.5506336662734247,-0.37847423845698547
event_8000,6,30,3,sandbox_test,impact_residual,sell,180,-3.4263996274985864,-2.125876313736979
event_8000,6,30,3,sandbox_test,marginal_impact_bps_per_btc,buy,25,19.742967228985137,2.270141589365096
event_8000,6,30,3,sandbox_test,marginal_impact_bps_per_btc,sell,19,8.243406084473149,0.7214872225853974
event_8000,6,30,3,validation,impact_residual,buy,197,-0.6370497441127857,-0.2776474601192889
event_8000,6,30,3,validation,impact_residual,sell,201,-2.383166386225797,-1.0617364030123473
event_8000,6,30,3,validation,marginal_impact_bps_per_btc,buy,78,17.770170283299734,2.7121717144559336
event_8000,6,30,3,validation,marginal_impact_bps_per_btc,sell,71,6.539497917152864,0.6559508463925927
time_5m,3,15,3,sandbox_test,impact_residual,buy,184,0.7487562609203123,0.9668576882343967
time_5m,3,15,3,sandbox_test,impact_residual,sell,184,-0.26522659141756055,-0.2783123644567336
time_5m,3,15,3,sandbox_test,marginal_impact_bps_per_btc,buy,48,1.1654817596540001,0.3374502883749007
time_5m,3,15,3,sandbox_test,marginal_impact_bps_per_btc,sell,42,3.5844448336061343,1.3814289819167769
time_5m,3,15,3,validation,impact_residual,buy,303,0.7443934774363681,0.6119462818293027
time_5m,3,15,3,validation,impact_residual,sell,302,-0.8001603447426563,-0.6936448996285274
time_5m,3,15,3,validation,marginal_impact_bps_per_btc,buy,124,3.075344498367092,1.022688751670621
time_5m,3,15,3,validation,marginal_impact_bps_per_btc,sell,123,5.390281110700668,1.4797908742937331
time_5m,4,20,4,sandbox_test,impact_residual,buy,184,1.05128170298568,1.0911637057418047
time_5m,4,20,4,sandbox_test,impact_residual,sell,184,-0.02168200917556908,-0.012146353083480029
time_5m,4,20,4,sandbox_test,marginal_impact_bps_per_btc,buy,48,2.8472829939926814,0.8063415573882298
time_5m,4,20,4,sandbox_test,marginal_impact_bps_per_btc,sell,42,5.878168617645677,1.5698365192471064
time_5m,4,20,4,validation,impact_residual,buy,303,0.2861091182117725,0.23450731437767577
time_5m,4,20,4,validation,impact_residual,sell,302,-2.559222770462244,-1.7415306111775253
time_5m,4,20,4,validation,marginal_impact_bps_per_btc,buy,124,2.7644756211535015,0.8868712184121763
time_5m,4,20,4,validation,marginal_impact_bps_per_btc,sell,123,9.207265813888126,2.3515221902167696
time_5m,5,25,5,sandbox_test,impact_residual,buy,184,0.7099952092620889,0.6797685667421622
time_5m,5,25,5,sandbox_test,impact_residual,sell,184,-1.7488350255687026,-1.1201406759307189
time_5m,5,25,5,sandbox_test,marginal_impact_bps_per_btc,buy,48,3.8578437436967543,0.9307153794720519
time_5m,5,25,5,sandbox_test,marginal_impact_bps_per_btc,sell,42,8.454862430270785,2.2819180587715526
time_5m,5,25,5,validation,impact_residual,buy,303,-1.3050834280925614,-1.0467752329061046
time_5m,5,25,5,validation,impact_residual,sell,302,-4.042557496618709,-2.5445642007568505
time_5m,5,25,5,validation,marginal_impact_bps_per_btc,buy,124,4.5129057034740345,1.2571623133447793
time_5m,5,25,5,validation,marginal_impact_bps_per_btc,sell,123,9.112758349038184,2.087812584363175
time_5m,6,30,6,sandbox_test,impact_residual,buy,184,-0.40181346766870674,-0.35902600389069844
time_5m,6,30,6,sandbox_test,impact_residual,sell,184,-2.9484257075519564,-1.7938464125119016
time_5m,6,30,6,sandbox_test,marginal_impact_bps_per_btc,buy,48,1.885532703249684,0.4755101037361567
time_5m,6,30,6,sandbox_test,marginal_impact_bps_per_btc,sell,42,5.539659163372854,1.2948598382618521
time_5m,6,30,6,validation,impact_residual,buy,303,-3.4342894377292086,-2.4443143105698946
time_5m,6,30,6,validation,impact_residual,sell,302,-6.304562945000273,-3.592217030356913
time_5m,6,30,6,validation,marginal_impact_bps_per_btc,buy,124,6.79712461194252,1.6857861629278537
time_5m,6,30,6,validation,marginal_impact_bps_per_btc,sell,123,12.350551329431557,2.355055671474356
