month,events,fills,timestamps,volume,multi_fill_events,multi_price_events,multi_fill_volume,multi_price_volume,multi_price_fills,mixed_direction_timestamps,events_at_mixed_timestamps,volume_missigned_by_first_sign_rule,abs_logprice_within_events,abs_logprice_between_events
2021-01,40554063,106732182,40062400,12408873.078999998,15271105,10638133,10462947.156999998,9020423.106999999,66479555,456987,948650,139172.32100000003,843.2238764811101,1597.535320403366
2021-02,35641722,92708517,35228396,8784478.889999999,13068480,7920560,7388902.760000001,6142898.891999999,53079882,382732,796058,103164.05900000001,578.3330844318838,1028.1829309077232
2021-03,39258871,106977654,38778717,9459821.266999995,15105636,8879207,8098058.741,6685778.929,62458180,439671,919825,133334.373,461.1492108055379,654.0660797697686
2021-04,30977362,86937933,30615529,7895051.3889999995,11758170,6786202,6817159.3,5642384.816000002,50859041,332262,694095,103931.722,372.7819594189137,498.1194740991404
2021-05,63581974,176302154,62450692,16790970.222,25175872,16022459,14311983.744,11930539.114000002,108923715,1052737,2184019,280784.3469999997,1195.6683390861383,1843.8706434696358
2021-06,77060357,200687155,75560176,23474519.886,26556359,15696700,20004854.663999993,16027898.616000012,114715185,1371910,2872091,471669.2120000002,712.8436484506257,1037.4696298410493
2021-07,53274988,137141278,52455698,16932491.175,17439825,8692638,14351193.003999995,11040974.744999997,70902266,736444,1555734,308902.3629999999,410.33223979983796,550.6872563783825
2021-08,49352373,131302336,48698783,13645800.254000003,17048641,7992453,11676088.787000002,8826947.923999997,67140825,596399,1249989,214274.36499999996,313.5782892826606,336.7724265187879
2021-09,39461118,102387222,38953215,10734742.868999997,13308359,6268150,9226549.118999999,7130931.818000001,51590358,466013,973916,165862.27200000006,323.59110241342694,454.9968186377594
2021-10,39200726,100659155,38680159,9111112.847,12608136,6571100,7784896.483000001,6135023.451000001,52176754,474556,995123,139121.336,306.93970325537435,461.81006086705594
2021-11,32354719,84511349,31996036,7111424.462999996,10802915,5449371,6104293.520000001,4691302.154000001,43122873,328452,687135,95387.547,254.29379497668833,367.11585842306226
2021-12,37443389,94255575,36674074,8404449.023999998,13141870,7059659,7187208.492999998,5680383.666,50042897,730079,1499394,130908.53400000003,352.7796157556346,605.7699964079613
2022-01,39571389,107557904,39009655,11047479.276999999,14554103,7630537,9603517.709,7528204.138000001,58824253,512515,1074249,177462.5359999999,380.1307056576026,561.9340064166722
2022-02,39218735,105741649,38634797,10910339.910000004,13553796,6577200,9423171.157000002,7190865.649999997,56102548,533913,1117851,178014.88500000007,339.44206365023814,488.7068811100843
2022-03,37262766,101637453,36711829,10459721.585999992,12361700,5589606,9042246.168000005,6641306.794999998,52103523,498605,1049542,173315.479,282.4923445982079,416.4152320382517
2022-04,31374810,83927632,30884064,8463568.862,9792407,3577987,7416354.722999998,5170984.198,38148240,450692,941438,132067.41300000006,165.27455320795085,231.00357194881872
2022-05,55365225,138388088,53977389,14463715.774000004,16204481,7134648,12682908.715999996,9407041.800999993,65635390,1311038,2698874,259811.02699999989,430.2264846265174,709.7918602123046
2022-06,65612814,170448158,63462905,20711031.957000006,19602580,9056596,18290065.462999996,13676666.448999997,84633029,2039711,4189620,416574.61000000004,552.4033268828637,877.0689378002895
2022-07,63250068,165123489,60533786,20582518.513000008,17724593,6299495,18096015.990000002,12259081.073999986,71880068,2581990,5298272,417447.9739999997,329.56422271540066,639.0853205177833
2022-08,52726059,129508352,49836418,17221921.557000004,12431753,3295901,15042706.762999997,8334171.614000002,43835418,2789301,5678942,314273.3880000001,144.12925642905984,337.3927255687684
2022-09,48378867,132358704,47027284,21935261.413999997,13178753,3817367,19227675.743,10880379.891999993,51403942,1270676,2622259,413691.958,210.96714905549345,412.23040402726485
2022-10,34837319,95782784,34116067,16611307.080999989,9308778,2141931,14482925.41499999,7228029.911000004,33586089,671852,1393104,282019.4210000001,105.37182307550606,220.92052480628925
2022-11,37064368,109738312,36309558,18460614.012999997,12369279,4053111,16200372.621999998,9456442.748,46053626,696684,1451494,332018.89799999987,218.2810375166647,361.21394369385746
2022-12,19531448,52230154,19226919,9702408.711000001,5329560,1114846,8232037.699,3482436.849999998,16336936,282083,586612,145408.42200000005,43.80918594640965,123.22250519588437
2023-01,27582405,82370049,27177276,14732180.645,8962343,2781000,12824693.594999997,6769371.8040000005,34385124,369106,774235,231885.13900000014,110.39144438529667,176.05897855403595
2023-02,29722339,99508826,29268350,15025197.415000007,9734039,2949840,12932694.826,6975579.176999999,43471771,417354,871343,232243.206,105.51928818690786,148.03922318758427
2023-03,49155125,171546558,48089054,23283699.716999985,17391492,6091122,20317142.191000003,12160509.717999997,83544813,969864,2035935,451589.78099999996,249.58612476885858,356.3363539494783
2023-04,34360064,122599909,33806197,14654208.218999999,10165697,3189358,12461794.569999998,7236918.201999999,60651820,505381,1059248,233088.4720000001,106.1212936294244,138.22867891416763
2023-05,32619463,125955608,32198780,13328157.284000002,10192156,3160127,11418496.385000004,6379626.930000001,63454283,382918,803601,185084.11899999992,97.16441028659003,124.30076594524871
2023-06,33317136,128846250,32881065,14099299.272999996,10960447,3570457,12277746.846000006,7235676.568999996,65880102,396714,832785,196201.666,104.418214982761,125.53035493021238
2023-07,24008743,80040560,23800312,9227366.897999998,6699752,1936387,7868346.708000002,4103597.286000001,35209166,191012,399443,94957.25399999999,44.53149929956802,61.22443568758543
2023-08,22365490,75869402,22135236,9184182.985999998,6509327,2014049,7926429.874999998,4272584.72,34608785,207892,438146,111351.955,55.39215100893427,86.54704027836347
2023-09,19116789,76683300,18943038,7743972.353999997,6271234,2059962,6785129.241000001,3911826.690000001,40285362,155312,329063,82671.02300000002,49.39551615501056,58.160770528439116
2023-10,29906266,113686101,29529940,10786596.912999997,10401585,3651322,9418339.412000004,5625306.5830000015,60212965,333588,709914,149683.74500000008,109.38121349113919,154.79416796121345
2023-11,23769468,90170880,23317472,8796201.637000006,8958042,3026384,7721490.425,4874372.655000002,47672783,247957,699953,152463.09600000005,96.91289001452742,188.4183430595472
2023-12,25120225,91635719,24459666,9246463.291000003,8961367,3134703,8146935.945999999,5143104.779999999,47569965,319647,980206,193850.51800000004,90.51078399045562,216.32180882614594
2024-01,27958334,121894153,27097911,9959019.399,11018337,4222465,8857492.180999998,6021675.204,65214149,477795,1338218,232189.89399999988,161.83922619219015,348.7942932350958
2024-02,27550701,110480136,26760843,8945253.551000003,9813910,3474301,7843932.289000002,5123210.466,55396007,391372,1181230,223332.94100000005,98.61641321070314,206.86191201065878
2024-03,43753438,160428714,42400211,11717583.52699999,17190909,7259407,10371696.863999998,7207633.156999999,90536912,758349,2111576,270183.971,212.4506935448428,353.9986863493794
2024-04,37297290,135141408,36257772,9187688.751999998,14281813,5610390,8072864.652000003,5332175.7590000015,70494740,532578,1572096,210431.99999999997,155.6694444035844,276.0566757852415
2024-05,29777472,101660626,29011071,7172825.471,10472146,3825969,6233666.434999997,3791069.834,49804261,364505,1130906,159863.375,92.62582657626011,180.5663109844319
2024-06,21309258,66212247,20845289,5557692.801000001,6800652,2526681,4794659.554,2725144.5670000007,31546063,215996,679965,110551.03499999997,54.17353495630725,111.0191767901129
2024-07,29488976,97218359,28721913,8346288.187000003,10542673,3775950,7288230.603,4215377.352999997,46435824,369278,1136341,185012.316,103.83557033513856,217.22414160520563
2024-08,36069272,119035478,35003002,9425267.544999998,13947012,5335193,8276647.069999998,5028624.802999999,59653729,564993,1631263,212242.61200000002,162.75303442641282,325.3556128466003
2024-09,27819624,88596121,27173163,7089906.731999997,9618376,3589721,6089676.907999999,3393828.182,43379757,261706,908167,152030.86699999994,78.79879230723894,146.25266738077838
2024-10,27825276,95289298,27201286,7199025.791000004,9938658,3912857,6193130.748000002,3421076.7949999995,49304067,245741,869731,147678.75499999998,67.54224603573722,105.53625827438317
2024-11,40331908,140895891,39353270,8938205.818000006,15394449,6168613,7833842.997999998,4629072.061999998,73126922,436438,1415076,186345.05799999982,125.19680723037133,201.50216724687473
2024-12,35614299,129113888,34862289,6822707.998999995,13908891,6081809,6025629.103999997,3659947.4129999997,69834467,351854,1103864,123774.79199999994,116.8149909181345,182.30773970094796
2025-01,34819941,127495209,34050923,6301585.789999997,13895798,6025638,5555941.717000002,3328404.118,68656057,354286,1123304,124511.259,128.03692228759766,208.11153449809464
2025-02,29273284,104818024,28673732,5450459.864999999,11870871,5199735,4782564.0419999985,2777494.782000001,56243159,275987,875539,96429.60300000003,98.34444014736003,142.45323400548307
2025-03,35697007,126155831,34878412,7147895.527999998,14717352,6684241,6305715.674999998,3671952.2850000006,68896319,372394,1190989,134216.71099999995,135.7556412339277,201.06946672316764
2025-04,31802831,111102894,31048106,6879530.496999998,12097072,5096129,6029880.984,3375779.965,58503023,322359,1077084,133831.88599999997,102.11519167604038,160.21223220876152
2025-05,27447446,97832539,26889797,5650909.8769999975,8772949,3394963,4891281.936,2572406.679,51035406,225626,783275,97484.65199999999,60.279656099730616,85.009322009371
2025-06,22936618,79684576,22473817,4489492.347,6831029,2606746,3853509.2660000003,1974765.287,40660973,175910,638711,77510.185,44.66243249757546,65.0567614899533
2025-07,23034400,77382833,22593087,4220128.653,6597683,2476218,3606566.4430000004,1781960.5920000004,37766682,186039,627352,69519.82400000001,41.147970181625816,62.81400996436108
2025-08,22551866,82840788,22160784,3931615.325999999,7275341,3100229,3379305.819999999,1678417.0000000002,44145630,178304,569386,57106.04299999999,43.70231398067857,52.896496693311455
2025-09,17680287,68534083,17383302,3227357.13,5575137,2116236,2767041.581,1333779.1889999998,36445056,124387,421372,47832.318999999974,30.909905388949365,30.96828681458088
2025-10,29899349,135403739,29271108,5001348.638000002,11645085,4958762,4359364.151999999,2371008.0090000005,81105408,317171,945412,88810.03099999997,112.43644642829032,174.56142448386208
2025-11,33116884,148384348,32512352,4866098.4569999995,15586836,6891770,4262620.774999999,2317405.017999999,90659585,307569,912101,82074.36299999997,100.07379106628215,105.81025713378445
2025-12,27293593,110015409,26794632,4310152.414,11724909,5200436,3718503.0290000006,1958188.3399999994,66731091,242541,741502,80149.732,72.81924717812001,81.5501970023475
2026-01,23277003,101403240,22819461,4182875.5769999987,9572335,4082209,3587767.8089999994,1907598.9139999996,62683974,224111,681653,78964.048,66.83375588402888,85.87225938469662
2026-02,36186099,190529177,35430077,6466503.917999999,18961093,8915580,5832762.731000001,3463435.6779999994,129778854,436553,1192575,132522.12299999996,166.6448904008775,156.07976600214303
2026-03,31765313,156314774,31036516,6202606.691999998,14521723,6281351,5472364.375000001,3029388.3380000014,101849879,376128,1104925,137867.43800000005,118.09854300386732,135.6247475688422
2026-04,22513859,104206905,21962598,4379020.539999999,8665153,3558551,3799220.47,1987899.847,64197332,289862,841123,96158.83799999996,65.62584482443917,75.12352528021141
2026-05,19713716,88074116,19239065,3850003.53,6712611,2647743,3284083.9020000007,1604450.7390000005,52092796,247521,722172,81267.901,44.593021534075966,51.220678456142956
2026-06,28632331,146729925,27931264,6082397.959000002,12319930,5709253,5341501.725999999,2899050.8649999998,95269761,411424,1112491,126388.36700000001,116.38507593362293,112.77528962451338
2026-07,19884337,91903146,19439650,4297823.616,7106616,2797354,3706565.2509999997,1819094.1469999994,54585847,226702,671389,88084.77599999998,53.45346741995788,62.63548226611158
2026-08,20663550,92792127,20151806,4330158.914000001,7528812,3055030,3770626.2740000007,1895056.2479999997,53500544,286034,797778,96514.98300000001,60.56449170797971,80.99607223554233
