construction,horizon_minutes,period,observations,elapsed_p10_minutes,elapsed_median_minutes,elapsed_p90_minutes,median_endpoint_delay_seconds,p90_endpoint_delay_seconds
event_200,5,train,477298,5.0474,5.343766666666666,6.520671666666667,20.62599999999998,91.24030000000002
event_200,5,validation,1740951,5.012933333333334,5.084633333333334,5.350533333333333,5.078000000000014,21.031999999999975
event_200,5,later_sandbox,1255415,5.014516666666666,5.090183333333333,5.270533333333334,5.410999999999984,16.232000000000024
event_200,10,train,477298,10.0514,10.364608333333333,11.583871666666667,21.87649999999998,95.03229999999999
event_200,10,validation,1740951,10.013566666666666,10.087666666666667,10.3606,5.2600000000000335,21.63599999999999
event_200,10,later_sandbox,1255402,10.015266666666667,10.094033333333334,10.275665000000002,5.642000000000031,16.53990000000011
event_200,15,train,477298,15.053983333333333,15.375166666666667,16.614233333333335,22.510000000000012,96.85400000000008
event_200,15,validation,1740951,15.013916666666667,15.08925,15.365566666666666,5.35499999999999,21.93399999999997
event_200,15,later_sandbox,1255393,15.015733333333333,15.095833333333333,15.278566666666666,5.749999999999993,16.713999999999984
event_200,20,train,477298,20.056016666666668,20.386016666666666,21.64715,23.160999999999987,98.829
event_200,20,validation,1740951,20.014233333333333,20.09105,20.37035,5.462999999999951,22.220999999999904
event_200,20,later_sandbox,1255385,20.016283333333334,20.09805,20.28135,5.883000000000038,16.880999999999986
event_200,30,train,477298,30.057966666666665,30.397166666666667,31.681453333333334,23.830000000000027,100.88719999999999
event_200,30,validation,1740951,30.014533333333333,30.092416666666665,30.37495,5.544999999999902,22.4969999999999
event_200,30,later_sandbox,1255368,30.016683333333333,30.09985,30.284433333333332,5.991,17.065999999999946
event_500,5,train,190919,5.119946666666666,5.841633333333333,8.60069,50.49799999999999,216.04139999999998
event_500,5,validation,696381,5.032266666666667,5.208266666666667,5.84645,12.49600000000001,50.78699999999999
event_500,5,later_sandbox,502165,5.036233333333334,5.2239,5.658993333333334,13.434000000000026,39.539600000000036
event_500,10,train,190919,10.128016666666667,10.892066666666667,13.749913333333335,53.523999999999994,224.99480000000008
event_500,10,validation,696381,10.033616666666667,10.216133333333334,10.865233333333334,12.96800000000001,51.91400000000005
event_500,10,later_sandbox,502160,10.038166666666667,10.232816666666666,10.670516666666666,13.968999999999987,40.23099999999996
event_500,15,train,190919,15.133983333333333,15.917816666666667,18.816776666666666,55.06900000000002,229.00660000000002
event_500,15,validation,696381,15.034616666666667,15.2199,15.878166666666667,13.194000000000052,52.69000000000002
event_500,15,later_sandbox,502156,15.039416666666666,15.236916666666668,15.675416666666667,14.215000000000053,40.52500000000002
event_500,20,train,190919,20.140266666666665,20.940383333333333,23.882570000000005,56.42299999999999,232.9542000000002
event_500,20,validation,696381,20.035533333333333,20.223833333333335,20.889533333333333,13.430000000000106,53.37199999999996
event_500,20,later_sandbox,502153,20.040566666666667,20.242583333333332,20.6844,14.554999999999936,41.06400000000001
event_500,30,train,190919,30.14668,30.96998333333333,33.93962333333333,58.1989999999999,236.3774
event_500,30,validation,696381,30.036316666666668,30.227533333333334,30.9002,13.652000000000015,54.0120000000001
event_500,30,later_sandbox,502146,30.0418,30.247833333333332,30.68865,14.869999999999948,41.318999999999946
event_1000,5,train,95459,5.23816,6.6727,12.505593333333332,100.362,450.33559999999994
event_1000,5,validation,348191,5.064216666666667,5.410566666666667,6.628866666666666,24.634000000000018,97.73199999999997
event_1000,5,later_sandbox,251082,5.0723,5.445516666666666,6.29445,26.73099999999998,77.66700000000002
event_1000,10,train,95459,10.256029999999999,11.750766666666667,17.16686,105.04600000000003,430.0116
event_1000,10,validation,348191,10.067766666666667,10.4272,11.683366666666666,25.631999999999948,101.00199999999998
event_1000,10,later_sandbox,251080,10.07665,10.46165,11.313303333333334,27.699000000000034,78.7982
event_1000,15,train,95459,15.265316666666667,16.784916666666668,22.2809,107.09500000000006,436.85400000000004
event_1000,15,validation,348191,15.068916666666667,15.43595,16.708316666666665,26.157000000000004,102.4989999999999
event_1000,15,later_sandbox,251078,15.078761666666667,15.471308333333333,16.325321666666667,28.27849999999998,79.51929999999997
event_1000,20,train,95459,20.27798,21.84475,27.425519999999995,110.68500000000007,445.53119999999984
event_1000,20,validation,348191,20.071733333333334,20.442416666666666,21.73105,26.544999999999987,103.86299999999999
event_1000,20,later_sandbox,251076,20.081,20.48068333333333,21.34048333333333,28.840999999999894,80.429
event_1000,30,train,95459,30.2933,31.9091,37.596199999999996,114.54599999999992,455.7719999999998
event_1000,30,validation,348191,30.072283333333335,30.449983333333332,31.744883333333334,26.998999999999924,104.69300000000004
event_1000,30,later_sandbox,251073,30.083283333333334,30.490266666666667,31.353013333333333,29.41600000000001,81.18079999999996
