construction,side,bin,observations,mean_normalised_imbalance,mean_observed_impact,mean_fitted_impact,mean_residual
event_200,sell,1,11793,5.274652366273443e-6,0.0008828429384492402,-0.000012041856691047827,0.000894884795140288
event_200,sell,2,11793,0.000015979318534682335,0.0018150099375854524,0.0013334997336125693,0.000481510203972883
event_200,sell,3,11793,0.000027036357564791527,0.0030927484783106283,0.0026291063046460714,0.0004636421736645573
event_200,sell,4,11792,0.00003897331701914985,0.004063361470129543,0.003934840020860976,0.00012852144926856626
event_200,sell,5,11793,0.000051446490994066044,0.005596437687148784,0.005209361447511347,0.0003870762396374364
event_200,sell,6,11793,0.00006468334465670738,0.006484834495509186,0.006473846621395958,0.00001098787411322673
event_200,sell,7,11792,0.00007911643119586465,0.007708888202321724,0.007762412493390954,-0.00005352429106922815
event_200,sell,8,11793,0.0000952000329189158,0.00898824837614203,0.00910174835441775,-0.00011349997827572167
event_200,sell,9,11793,0.00011303666188095314,0.01026016225107478,0.010483870415358884,-0.00022370816428410445
event_200,sell,10,11793,0.00013306763016963612,0.01163574761021114,0.01192412305660395,-0.00028837544639280825
event_200,sell,11,11792,0.00015598990506940594,0.013161680738234515,0.013447860091658284,-0.0002861793534237712
event_200,sell,12,11793,0.0001822452959032708,0.014445268744181713,0.015054462107199573,-0.0006091933630178592
event_200,sell,13,11793,0.00021285806723744994,0.01605047606906943,0.016769244064286763,-0.0007187679952173371
event_200,sell,14,11792,0.0002501703839077045,0.01774797388169617,0.01866813098043698,-0.0009201570987408035
event_200,sell,15,11793,0.000297333930295388,0.02001902520838894,0.020823106316426143,-0.0008040811080371987
event_200,sell,16,11793,0.00035711905299880845,0.022663369126957284,0.023242386620810754,-0.0005790174938534726
event_200,sell,17,11792,0.00043848731841581676,0.02549636979786681,0.026101548737031906,-0.0006051789391650994
event_200,sell,18,11793,0.0005573980500189068,0.029445145113275666,0.029622200500640888,-0.00017705538736522916
event_200,sell,19,11793,0.0007689462416705583,0.03559136688829948,0.03458212860248912,0.0010092382858103638
event_200,sell,20,11793,0.001701311069821122,0.04807541222414302,0.046072681876821495,0.0020027303473215178
event_200,buy,1,12060,5.311332636326168e-6,0.0006580488541702053,0.00012716804205402483,0.0005308808121161805
event_200,buy,2,12060,0.00001600177901455936,0.0016689183805692548,0.0014834268575252667,0.00018549152304398798
event_200,buy,3,12060,0.000026978986405107997,0.003318484611073912,0.002782198328170072,0.0005362862829038402
event_200,buy,4,12059,0.000038316713203427574,0.004238684897885804,0.004036944984300197,0.00020173991358560705
event_200,buy,5,12060,0.0000501833812428171,0.005403193055937795,0.005267139780328688,0.00013605327560910755
event_200,buy,6,12060,0.00006287147779226742,0.006182947927231914,0.006500158329739524,-0.00031721040250761037
event_200,buy,7,12059,0.00007654146123306819,0.007550607244108592,0.007745183554370534,-0.00019457631026194072
event_200,buy,8,12060,0.00009138293952725382,0.008818978608968218,0.009010625894950637,-0.0001916472859824215
event_200,buy,9,12060,0.00010746565296922702,0.009929326691025982,0.010293368213046133,-0.0003640415220201525
event_200,buy,10,12060,0.00012593176098730548,0.011763535850829968,0.011666623648139043,0.00009691220269092319
event_200,buy,11,12059,0.00014699301823604244,0.012947274709140935,0.013121206797728862,-0.00017393208858792371
event_200,buy,12,12060,0.00017106816483957176,0.01434954722068947,0.014658046696184186,-0.00030849947549471695
event_200,buy,13,12060,0.00019987602704497106,0.016035498562801734,0.016347622419113462,-0.00031212385631172404
event_200,buy,14,12059,0.00023431245095136718,0.017561760996492738,0.018188220963620605,-0.0006264599671278675
event_200,buy,15,12060,0.0002768480432018826,0.020030044382737054,0.02024055300194995,-0.0002105086192128952
event_200,buy,16,12060,0.0003308979059311043,0.021890484262397356,0.022563754368720056,-0.0006732701063226999
event_200,buy,17,12059,0.00040512218435037053,0.02520680342350456,0.02535108328152349,-0.00014427985801892892
event_200,buy,18,12060,0.0005137365250034022,0.028940242911482856,0.028805414824511412,0.0001348280869714476
event_200,buy,19,12060,0.0007039762776555745,0.034427478945002296,0.033631893816622016,0.0007955851283802875
event_200,buy,20,12060,0.0015018743963758335,0.04552458303687406,0.04462588850733414,0.0008986945295399189
event_500,sell,1,4701,0.000010387360934232899,0.000799143181388366,-0.003249858787430669,0.0040490019688190345
event_500,sell,2,4700,0.00003120243018509438,0.0026550363442103876,-0.0006808241326294318,0.0033358604768398193
event_500,sell,3,4700,0.0000526106747776705,0.004450459006668007,0.001778964230187984,0.002671494776480022
event_500,sell,4,4700,0.0000753703465302785,0.006490547567610635,0.004217131918069855,0.0022734156495407797
event_500,sell,5,4700,0.00009956944276450923,0.008570707299302937,0.006636419831260082,0.001934287468042855
event_500,sell,6,4700,0.0001253076100570109,0.0103345988051725,0.009038062360248362,0.0012965364449241392
event_500,sell,7,4700,0.00015308933052209282,0.011850376018894325,0.011458226121867797,0.00039214989702652804
event_500,sell,8,4700,0.0001830604955891428,0.013635999255745681,0.013894463080801433,-0.0002584638250557547
event_500,sell,9,4700,0.00021594031108031715,0.01610469710063517,0.016385791398385696,-0.00028109429775052456
event_500,sell,10,4701,0.0002522407007332079,0.017522596405938222,0.01894512585427539,-0.0014225294483371698
event_500,sell,11,4700,0.0002927197502391919,0.019980198299221666,0.02159421496067306,-0.001614016661451394
event_500,sell,12,4700,0.0003388909718011764,0.02275948599160845,0.024389771222329052,-0.0016302852307206028
event_500,sell,13,4700,0.00039312667802269787,0.024646601370713634,0.02741091136467585,-0.002764309993962215
event_500,sell,14,4700,0.00045886926488756375,0.02740066529089768,0.030755467523512915,-0.003354802232615237
event_500,sell,15,4700,0.0005376833791047723,0.03177588138100283,0.03438327291693948,-0.0026073915359366485
event_500,sell,16,4700,0.000640987845277785,0.034397271958312686,0.038631262361515505,-0.004233990403202819
event_500,sell,17,4700,0.0007758387983598781,0.040272955361523144,0.04349570246833734,-0.0032227471068141883
event_500,sell,18,4700,0.000975369843796479,0.04675409910553289,0.049629500165069514,-0.00287540105953662
event_500,sell,19,4700,0.001326136676449798,0.057068598630440066,0.05829369530278577,-0.0012250966723457049
event_500,sell,20,4701,0.0025940335209347146,0.08639528787898432,0.07686049359650354,0.009534794282480772
event_500,buy,1,4783,0.000010363495950105381,0.0008544691907671228,-0.002027841693926767,0.00288231088469389
event_500,buy,2,4783,0.00003094126262779204,0.0024690431565203793,0.00047203213135696366,0.001997011025163416
event_500,buy,3,4782,0.000051879387149489824,0.004638452455292868,0.0028415247063680324,0.0017969277489248354
event_500,buy,4,4783,0.00007383014001664267,0.006771973242385513,0.0051626287411628835,0.0016093445012226302
event_500,buy,5,4783,0.00009647698437206256,0.008288682864626544,0.007403847345326115,0.0008848355193004279
event_500,buy,6,4782,0.00012069822034438602,0.01006406336102145,0.009649766930273375,0.0004142964307480754
event_500,buy,7,4783,0.00014674705341283958,0.012153979954277666,0.011912205710526954,0.00024177424375071028
event_500,buy,8,4782,0.00017512395605045572,0.014435449271646689,0.014218559660623244,0.00021688961102344598
event_500,buy,9,4783,0.00020555473304894792,0.015581478456570166,0.01653217885092782,-0.0009507003943576542
event_500,buy,10,4783,0.00023870216762859336,0.018521165790114348,0.018887283300599828,-0.0003661175104854811
event_500,buy,11,4782,0.00027566081994868355,0.02043135861301366,0.0213358129107654,-0.0009044542977517408
event_500,buy,12,4783,0.00031777763419078777,0.022579149258695544,0.02392865470222365,-0.001349505443528106
event_500,buy,13,4782,0.0003679682743609735,0.025880750254088637,0.026784163299012134,-0.0009034130449235001
event_500,buy,14,4783,0.00042760828547641416,0.02800662737285265,0.029893864581687406,-0.001887237208834762
event_500,buy,15,4783,0.0005032405012981098,0.030777237484710344,0.03347238684553411,-0.002695149360823765
event_500,buy,16,4782,0.0005979536631547419,0.03517157442541849,0.037484583107376145,-0.0023130086819576658
event_500,buy,17,4783,0.0007227135188601217,0.04000325211942331,0.04214098690287538,-0.0021377347834520655
event_500,buy,18,4782,0.0009022028784654786,0.04708148099557872,0.0478881144800164,-0.0008066334844376757
event_500,buy,19,4783,0.0012206311178975138,0.05504414727906955,0.05613641489949367,-0.0010922676204241212
event_500,buy,20,4783,0.0024025568299317103,0.07951459134474731,0.07415228203676624,0.00536230930798108
event_1000,sell,1,2278,0.000016196997784399106,0.0007469767355577724,-0.006942618407410664,0.007689595142968437
event_1000,sell,2,2277,0.00004865389683612124,0.0027758892885356235,-0.003024228400089441,0.005800117688625064
event_1000,sell,3,2277,0.00008233602951239483,0.00628601238981849,0.0007535831138431107,0.005532429275975378
event_1000,sell,4,2277,0.00011794068177015145,0.008454308195151828,0.004469812345845788,0.003984495849306041
event_1000,sell,5,2278,0.0001552757076670263,0.010870775014509547,0.008103780540386286,0.0027669944741232633
event_1000,sell,6,2277,0.00019403219917170155,0.013833298286439139,0.011625875696720304,0.002207422589718835
event_1000,sell,7,2277,0.00023693917278786654,0.01541575312935488,0.015265946157707776,0.00014980697164710362
event_1000,sell,8,2277,0.00028189349538199055,0.018333536473713663,0.018828517587329188,-0.0004949811136155254
event_1000,sell,9,2277,0.000330883558970187,0.021251142476565107,0.02245011768093127,-0.0011989752043661593
event_1000,sell,10,2278,0.00038541011872429514,0.024972555036083963,0.026207550510224387,-0.0012349954741404244
event_1000,sell,11,2277,0.00044588325766319357,0.02708198785752621,0.03008058951077592,-0.0029986016532497083
event_1000,sell,12,2277,0.0005153905777596132,0.029549545488884756,0.034203711020792456,-0.004654165531907698
event_1000,sell,13,2277,0.0005962737066971595,0.033891023991773045,0.03862623437206907,-0.004735210380296028
event_1000,sell,14,2277,0.0006900986992259962,0.03852754832169235,0.043325285969643516,-0.004797737647951171
event_1000,sell,15,2278,0.0008079741197302539,0.04327895354210543,0.04868647503429893,-0.005407521492193494
event_1000,sell,16,2277,0.0009497990024754905,0.04702062938184767,0.054481481693648665,-0.007460852311800991
event_1000,sell,17,2277,0.001142779047957179,0.056212732916652935,0.06145133846761439,-0.005238605550961445
event_1000,sell,18,2277,0.0014270221353262261,0.06575983539381583,0.07025337393942414,-0.004493538545608325
event_1000,sell,19,2277,0.0019160203277984514,0.08000176602859271,0.08255422553926176,-0.0025524595106690352
event_1000,sell,20,2278,0.0036286411972399494,0.12587686274256352,0.10874927735726977,0.01712758538529373
event_1000,buy,1,2316,0.000016385782589323196,0.0016538660259246525,-0.004508377336630679,0.006162243362555331
event_1000,buy,2,2315,0.000049857631358138086,0.004328614449065772,-0.0005765613659496359,0.004905175815015409
event_1000,buy,3,2315,0.00008368584500221918,0.007778563154964987,0.003111304686681129,0.0046672584682838575
event_1000,buy,4,2315,0.00011739009898540786,0.008753403342520578,0.006538008283636947,0.0022153950588836317
event_1000,buy,5,2315,0.0001521590752779493,0.011349500079271947,0.00984619860474335,0.0015033014745285968
event_1000,buy,6,2315,0.0001885015280952932,0.014627970808508138,0.013089320661616251,0.0015386501468918877
event_1000,buy,7,2315,0.0002263643949339578,0.015497666985719815,0.016261326125225364,-0.0007636591395055432
event_1000,buy,8,2315,0.00026808746856820265,0.018799090630313264,0.01954206674534556,-0.000742976115032294
event_1000,buy,9,2315,0.00031318231163430534,0.021982077704147944,0.02286514033842855,-0.0008830626342806114
event_1000,buy,10,2316,0.0003625369055493855,0.024388401032982433,0.026270094178660327,-0.001881693145677899
event_1000,buy,11,2315,0.0004169443212651847,0.026331755144425022,0.029777498921315662,-0.003445743776890636
event_1000,buy,12,2315,0.00047868307282678186,0.03137666984945142,0.03348440855179104,-0.0021077387023396158
event_1000,buy,13,2315,0.0005517914217925055,0.03438931091193367,0.03755068700945523,-0.0031613760975215633
event_1000,buy,14,2315,0.000638934461060079,0.038169438515806606,0.04200786231047658,-0.0038384237946699784
event_1000,buy,15,2315,0.0007408668679795469,0.044026032265983006,0.04677107012462029,-0.0027450378586372807
event_1000,buy,16,2315,0.0008702730766614338,0.048305012139989556,0.05223411646263659,-0.003929104322647028
event_1000,buy,17,2315,0.0010450603679387081,0.05323180058591361,0.05878658285362112,-0.005554782267707506
event_1000,buy,18,2315,0.0013028268572412218,0.06298165183905664,0.06711441132456929,-0.004132759485512641
event_1000,buy,19,2315,0.00174728608919178,0.07966386254907773,0.07883454472046088,0.0008293178286168353
event_1000,buy,20,2316,0.003325976721537701,0.115374464004812,0.10401620424464106,0.01135825976017095
